nm,F1,F2,F3,F4,F5,F6,F7,F8,Clear,NIR,Flicker
350,0.0000,0.0000,0.0000,0.0000,0.0000,0.0000,0.0000,0.0000,0.0000,0.0000,0.0000
352,0.0000,0.0000,0.0000,0.0000,0.0000,0.0000,0.0000,0.0000,0.0000,0.0000,0.0000
354,0.0000,0.0000,0.0000,0.0000,0.0000,0.0000,0.0000,0.0000,0.0000,0.0000,0.0000
356,0.0000,0.0000,0.0000,0.0000,0.0000,0.0000,0.0000,0.0000,0.0000,0.0000,0.0000
358,0.0000,0.0000,0.0000,0.0000,0.0000,0.0000,0.0000,0.0000,0.0000,0.0000,0.0000
360,0.0000,0.0000,0.0000,0.0000,0.0000,0.0000,0.0000,0.0000,0.0000,0.0000,0.0000
362,0.0000,0.0000,0.0000,0.0000,0.0000,0.0000,0.0000,0.0000,0.0000,0.0000,0.0000
364,0.0000,0.0000,0.0000,0.0000,0.0000,0.0000,0.0000,0.0000,0.0000,0.0000,0.0000
366,0.0000,0.0000,0.0000,0.0000,0.0000,0.0000,0.0000,0.0000,0.0000,0.0000,0.0000
368,0.0000,0.0000,0.0000,0.0000,0.0000,0.0000,0.0000,0.0000,0.0000,0.0000,0.0068
370,0.0000,0.0000,0.0000,0.0000,0.0000,0.0000,0.0000,0.0000,0.0000,0.0000,0.0000
372,0.0000,0.0000,0.0000,0.0000,0.0000,0.0000,0.0000,0.0000,0.0000,0.0000,0.0000
374,0.0000,0.0000,0.0000,0.0000,0.0000,0.0000,0.0000,0.0000,0.0000,0.0000,0.0000
376,0.0000,0.0000,0.0000,0.0000,0.0000,0.0000,0.0000,0.0000,0.0000,0.0000,0.0000
378,0.0000,0.0000,0.0000,0.0000,0.0000,0.0000,0.0000,0.0000,0.0000,0.0000,0.0000
380,0.0000,0.0000,0.0000,0.0000,0.0000,0.0000,0.0000,0.0000,0.0000,0.0000,0.0000
382,0.0000,0.0000,0.0000,0.0000,0.0000,0.0000,0.0000,0.0000,0.0000,0.0000,0.0058
384,0.0000,0.0000,0.0000,0.0000,0.0000,0.0000,0.0000,0.0000,0.0000,0.0000,0.0058
386,0.0000,0.0000,0.0000,0.0000,0.0000,0.0000,0.0000,0.0000,0.0051,0.0000,0.0000
388,0.0000,0.0000,0.0000,0.0000,0.0000,0.0000,0.0000,0.0000,0.0132,0.0000,0.0058
390,0.0000,0.0000,0.0000,0.0000,0.0000,0.0000,0.0000,0.0000,0.0253,0.0000,0.0000
392,0.0000,0.0000,0.0000,0.0000,0.0000,0.0000,0.0000,0.0000,0.0363,0.0000,0.0000
394,0.0000,0.0000,0.0000,0.0000,0.0000,0.0000,0.0000,0.0000,0.0505,0.0000,0.0048
396,0.0008,0.0000,0.0000,0.0000,0.0000,0.0000,0.0000,0.0000,0.0676,0.0000,0.0000
398,0.0129,0.0000,0.0000,0.0000,0.0000,0.0000,0.0000,0.0000,0.0948,0.0000,0.0088
400,0.0280,0.0000,0.0000,0.0000,0.0000,0.0000,0.0000,0.0000,0.1190,0.0000,0.0088
402,0.0532,0.0000,0.0000,0.0000,0.0000,0.0000,0.0000,0.0000,0.1421,0.0000,0.0088
404,0.0733,0.0000,0.0000,0.0000,0.0000,0.0000,0.0000,0.0000,0.1633,0.0000,0.0129
406,0.1006,0.0000,0.0000,0.0000,0.0000,0.0000,0.0000,0.0000,0.1805,0.0000,0.0129
408,0.1247,0.0000,0.0000,0.0000,0.0000,0.0000,0.0000,0.0000,0.1976,0.0000,0.0169
410,0.1459,0.0000,0.0000,0.0000,0.0000,0.0000,0.0000,0.0000,0.2137,0.0000,0.0199
412,0.1559,0.0000,0.0000,0.0000,0.0000,0.0000,0.0000,0.0000,0.2269,0.0000,0.0240
414,0.1610,0.0000,0.0000,0.0000,0.0000,0.0000,0.0000,0.0000,0.2349,0.0000,0.0270
416,0.1650,0.0000,0.0000,0.0000,0.0000,0.0000,0.0000,0.0000,0.2430,0.0000,0.0300
418,0.1650,0.0038,0.0000,0.0000,0.0000,0.0000,0.0000,0.0000,0.2440,0.0000,0.0330
420,0.1620,0.0139,0.0000,0.0000,0.0000,0.0000,0.0000,0.0000,0.2540,0.0000,0.0320
422,0.1570,0.0290,0.0000,0.0000,0.0000,0.0000,0.0000,0.0000,0.2551,0.0000,0.0350
424,0.1429,0.0482,0.0000,0.0000,0.0000,0.0000,0.0000,0.0000,0.2631,0.0000,0.0401
426,0.1317,0.0744,0.0000,0.0000,0.0000,0.0000,0.0000,0.0000,0.2712,0.0000,0.0431
428,0.1096,0.1046,0.0000,0.0000,0.0000,0.0000,0.0000,0.0000,0.2772,0.0000,0.0482
430,0.0894,0.1368,0.0000,0.0000,0.0000,0.0000,0.0000,0.0000,0.2822,0.0000,0.0532
432,0.0653,0.1771,0.0000,0.0000,0.0000,0.0000,0.0000,0.0000,0.2893,0.0000,0.0612
434,0.0451,0.2144,0.0000,0.0000,0.0000,0.0000,0.0000,0.0000,0.2943,0.0000,0.0693
436,0.0240,0.2426,0.0000,0.0000,0.0000,0.0000,0.0000,0.0000,0.3014,0.0000,0.0733
438,0.0099,0.2668,0.0000,0.0000,0.0000,0.0000,0.0000,0.0000,0.3065,0.0000,0.0804
440,0.0028,0.2859,0.0000,0.0000,0.0000,0.0000,0.0000,0.0000,0.3135,0.0000,0.0874
442,0.0000,0.2970,0.0018,0.0000,0.0000,0.0000,0.0000,0.0000,0.3196,0.0000,0.0935
444,0.0000,0.2990,0.0088,0.0000,0.0000,0.0000,0.0000,0.0000,0.3246,0.0000,0.0995
446,0.0000,0.3030,0.0159,0.0000,0.0000,0.0000,0.0000,0.0000,0.3337,0.0000,0.1086
448,0.0000,0.2990,0.0260,0.0000,0.0000,0.0000,0.0000,0.0000,0.3377,0.0000,0.1167
450,0.0000,0.2869,0.0411,0.0000,0.0000,0.0000,0.0000,0.0000,0.3448,0.0000,0.1237
452,0.0000,0.2748,0.0592,0.0000,0.0000,0.0000,0.0000,0.0000,0.3468,0.0000,0.1308
454,0.0000,0.2506,0.0804,0.0000,0.0000,0.0000,0.0000,0.0000,0.3549,0.0000,0.1429
456,0.0000,0.2224,0.1096,0.0000,0.0000,0.0000,0.0000,0.0000,0.3659,0.0000,0.1529
458,0.0000,0.1933,0.1398,0.0018,0.0000,0.0000,0.0000,0.0008,0.3720,0.0000,0.1640
460,0.0000,0.1559,0.1761,0.0038,0.0000,0.0000,0.0000,0.0028,0.3760,0.0000,0.1721
462,0.0000,0.1197,0.2144,0.0038,0.0000,0.0000,0.0000,0.0008,0.3770,0.0000,0.1781
464,0.0000,0.0864,0.2587,0.0038,0.0000,0.0000,0.0000,0.0008,0.3871,0.0000,0.1882
466,0.0000,0.0572,0.3001,0.0068,0.0000,0.0000,0.0000,0.0028,0.3891,0.0000,0.1962
468,0.0000,0.0330,0.3393,0.0079,0.0008,0.0000,0.0000,0.0018,0.3921,0.0000,0.2033
470,0.0000,0.0199,0.3595,0.0099,0.0018,0.0000,0.0000,0.0008,0.3982,0.0000,0.2134
472,0.0000,0.0119,0.3695,0.0149,0.0018,0.0000,0.0000,0.0018,0.4052,0.0000,0.2184
474,0.0000,0.0048,0.3746,0.0169,0.0018,0.0000,0.0000,0.0008,0.4113,0.0000,0.2275
476,0.0000,0.0008,0.3766,0.0199,0.0018,0.0000,0.0000,0.0000,0.4153,0.0000,0.2365
478,0.0000,0.0000,0.3776,0.0270,0.0018,0.0000,0.0000,0.0000,0.4183,0.0000,0.2426
480,0.0000,0.0000,0.3716,0.0320,0.0028,0.0000,0.0000,0.0000,0.4203,0.0000,0.2506
482,0.0000,0.0000,0.3666,0.0411,0.0028,0.0000,0.0000,0.0000,0.4294,0.0000,0.2587
484,0.0000,0.0000,0.3554,0.0532,0.0018,0.0000,0.0000,0.0000,0.4355,0.0000,0.2688
486,0.0000,0.0000,0.3393,0.0693,0.0018,0.0000,0.0000,0.0000,0.4345,0.0000,0.2768
488,0.0000,0.0000,0.3171,0.0894,0.0008,0.0000,0.0000,0.0000,0.4426,0.0018,0.2849
490,0.0000,0.0000,0.2930,0.1167,0.0000,0.0000,0.0000,0.0000,0.4466,0.0000,0.2940
492,0.0000,0.0000,0.2658,0.1449,0.0000,0.0000,0.0000,0.0000,0.4526,0.0000,0.3030
494,0.0008,0.0000,0.2336,0.1781,0.0000,0.0000,0.0000,0.0000,0.4597,0.0000,0.3111
496,0.0008,0.0000,0.1982,0.2164,0.0000,0.0000,0.0008,0.0000,0.4597,0.0018,0.3202
498,0.0000,0.0000,0.1620,0.2567,0.0000,0.0000,0.0018,0.0000,0.4667,0.0018,0.3292
500,0.0000,0.0000,0.1257,0.3021,0.0008,0.0000,0.0008,0.0008,0.4728,0.0000,0.3373
502,0.0000,0.0000,0.0975,0.3433,0.0018,0.0000,0.0000,0.0018,0.4768,0.0000,0.3454
504,0.0000,0.0000,0.0733,0.3827,0.0038,0.0000,0.0000,0.0018,0.4809,0.0000,0.3554
506,0.0000,0.0000,0.0562,0.4139,0.0058,0.0000,0.0000,0.0028,0.4879,0.0000,0.3635
508,0.0000,0.0000,0.0451,0.4411,0.0079,0.0000,0.0008,0.0028,0.4919,0.0000,0.3726
510,0.0000,0.0000,0.0350,0.4653,0.0119,0.0000,0.0008,0.0018,0.4959,0.0000,0.3807
512,0.0000,0.0000,0.0270,0.4804,0.0159,0.0000,0.0018,0.0028,0.5010,0.0000,0.3887
514,0.0000,0.0000,0.0199,0.4854,0.0220,0.0000,0.0028,0.0018,0.5071,0.0000,0.3977
516,0.0000,0.0000,0.0119,0.4844,0.0290,0.0000,0.0038,0.0018,0.5120,0.0000,0.4048
518,0.0000,0.0000,0.0048,0.4814,0.0381,0.0000,0.0058,0.0038,0.5141,0.0000,0.4139
520,0.0000,0.0000,0.0038,0.4734,0.0502,0.0000,0.0058,0.0018,0.5201,0.0000,0.4230
522,0.0000,0.0000,0.0018,0.4622,0.0653,0.0000,0.0068,0.0018,0.5241,0.0000,0.4310
524,0.0000,0.0000,0.0018,0.4451,0.0804,0.0000,0.0058,0.0038,0.5272,0.0000,0.4391
526,0.0000,0.0000,0.0000,0.4230,0.1035,0.0000,0.0058,0.0048,0.5312,0.0000,0.4481
528,0.0000,0.0000,0.0000,0.3998,0.1277,0.0000,0.0068,0.0028,0.5403,0.0000,0.4552
530,0.0000,0.0000,0.0000,0.3726,0.1570,0.0000,0.0068,0.0038,0.5433,0.0000,0.4633
532,0.0000,0.0000,0.0000,0.3383,0.1892,0.0000,0.0068,0.0008,0.5453,0.0000,0.4723
534,0.0008,0.0000,0.0000,0.2980,0.2285,0.0000,0.0068,0.0000,0.5524,0.0000,0.4804
536,0.0000,0.0000,0.0000,0.2567,0.2698,0.0000,0.0058,0.0000,0.5534,0.0000,0.4884
538,0.0008,0.0000,0.0000,0.2114,0.3171,0.0000,0.0058,0.0000,0.5594,0.0018,0.4975
540,0.0000,0.0000,0.0000,0.1660,0.3686,0.0000,0.0048,0.0008,0.5675,0.0018,0.5046
542,0.0000,0.0000,0.0000,0.1338,0.4189,0.0000,0.0048,0.0000,0.5675,0.0018,0.5126
544,0.0000,0.0000,0.0000,0.1106,0.4683,0.0000,0.0038,0.0018,0.5715,0.0018,0.5187
546,0.0008,0.0000,0.0000,0.0894,0.5177,0.0000,0.0038,0.0008,0.5776,0.0018,0.5267
548,0.0008,0.0000,0.0000,0.0753,0.5580,0.0068,0.0028,0.0000,0.5806,0.0018,0.5348
550,0.0018,0.0000,0.0000,0.0673,0.5771,0.0169,0.0018,0.0000,0.5877,0.0028,0.5428
552,0.0018,0.0000,0.0000,0.0552,0.5831,0.0249,0.0008,0.0000,0.5917,0.0028,0.5509
554,0.0008,0.0000,0.0000,0.0451,0.5852,0.0381,0.0008,0.0000,0.5947,0.0028,0.5600
556,0.0018,0.0000,0.0000,0.0370,0.5791,0.0562,0.0008,0.0000,0.5988,0.0028,0.5681
558,0.0018,0.0000,0.0000,0.0300,0.5701,0.0733,0.0028,0.0000,0.6038,0.0018,0.5761
560,0.0028,0.0008,0.0008,0.0240,0.5560,0.0945,0.0038,0.0018,0.6089,0.0028,0.5831
562,0.0028,0.0000,0.0008,0.0209,0.5399,0.1227,0.0058,0.0028,0.6149,0.0028,0.5923
564,0.0028,0.0000,0.0008,0.0179,0.5187,0.1550,0.0079,0.0038,0.6179,0.0028,0.5972
566,0.0038,0.0000,0.0008,0.0139,0.4895,0.1892,0.0099,0.0058,0.6189,0.0028,0.6053
568,0.0038,0.0000,0.0028,0.0119,0.4562,0.2295,0.0139,0.0048,0.6270,0.0048,0.6134
570,0.0038,0.0000,0.0028,0.0108,0.4199,0.2759,0.0169,0.0058,0.6300,0.0048,0.6205
572,0.0048,0.0000,0.0038,0.0108,0.3786,0.3292,0.0209,0.0068,0.6330,0.0048,0.6295
574,0.0048,0.0000,0.0038,0.0088,0.3343,0.3857,0.0270,0.0079,0.6351,0.0048,0.6366
576,0.0038,0.0000,0.0028,0.0058,0.2920,0.4401,0.0330,0.0068,0.6400,0.0058,0.6426
578,0.0038,0.0000,0.0058,0.0048,0.2436,0.5016,0.0411,0.0068,0.6451,0.0058,0.6496
580,0.0038,0.0000,0.0068,0.0038,0.1982,0.5540,0.0511,0.0068,0.6461,0.0068,0.6597
582,0.0038,0.0000,0.0068,0.0028,0.1680,0.5983,0.0612,0.0048,0.6492,0.0079,0.6678
584,0.0038,0.0000,0.0079,0.0008,0.1418,0.6315,0.0744,0.0048,0.6552,0.0068,0.6729
586,0.0038,0.0000,0.0079,0.0000,0.1147,0.6496,0.0885,0.0028,0.6582,0.0058,0.6799
588,0.0038,0.0000,0.0099,0.0008,0.0945,0.6527,0.1066,0.0028,0.6612,0.0058,0.6849
590,0.0038,0.0008,0.0099,0.0000,0.0804,0.6476,0.1257,0.0018,0.6662,0.0058,0.6920
592,0.0038,0.0000,0.0108,0.0008,0.0703,0.6426,0.1479,0.0018,0.6683,0.0058,0.6991
594,0.0048,0.0000,0.0108,0.0000,0.0562,0.6305,0.1731,0.0000,0.6743,0.0058,0.7071
596,0.0028,0.0000,0.0099,0.0008,0.0391,0.6124,0.2033,0.0000,0.6804,0.0058,0.7152
598,0.0028,0.0000,0.0099,0.0008,0.0280,0.5872,0.2325,0.0000,0.6834,0.0068,0.7212
600,0.0028,0.0000,0.0058,0.0008,0.0209,0.5590,0.2708,0.0008,0.6845,0.0068,0.7273
602,0.0048,0.0000,0.0058,0.0028,0.0149,0.5368,0.3021,0.0018,0.6905,0.0079,0.7343
604,0.0068,0.0018,0.0068,0.0058,0.0099,0.5005,0.3574,0.0038,0.7016,0.0099,0.7454
606,0.0068,0.0018,0.0068,0.0058,0.0079,0.4552,0.4069,0.0048,0.7046,0.0088,0.7514
608,0.0068,0.0028,0.0068,0.0068,0.0058,0.4119,0.4572,0.0068,0.7096,0.0079,0.7585
610,0.0079,0.0038,0.0079,0.0068,0.0048,0.3686,0.5126,0.0079,0.7136,0.0068,0.7665
612,0.0079,0.0038,0.0079,0.0079,0.0038,0.3232,0.5711,0.0088,0.7167,0.0068,0.7736
614,0.0079,0.0048,0.0079,0.0079,0.0038,0.2739,0.6255,0.0108,0.7207,0.0079,0.7797
616,0.0088,0.0058,0.0088,0.0079,0.0038,0.2275,0.6708,0.0129,0.7228,0.0079,0.7847
618,0.0088,0.0058,0.0088,0.0088,0.0048,0.1962,0.7061,0.0159,0.7268,0.0079,0.7917
620,0.0088,0.0068,0.0099,0.0099,0.0048,0.1660,0.7353,0.0189,0.7298,0.0079,0.7967
622,0.0099,0.0079,0.0099,0.0099,0.0048,0.1317,0.7494,0.0229,0.7338,0.0088,0.8038
624,0.0099,0.0079,0.0099,0.0099,0.0058,0.1015,0.7555,0.0280,0.7389,0.0088,0.8109
626,0.0099,0.0088,0.0099,0.0108,0.0058,0.0834,0.7585,0.0341,0.7429,0.0088,0.8169
628,0.0108,0.0088,0.0099,0.0108,0.0068,0.0723,0.7575,0.0411,0.7469,0.0099,0.8240
630,0.0108,0.0099,0.0108,0.0119,0.0068,0.0612,0.7474,0.0502,0.7489,0.0099,0.8310
632,0.0108,0.0099,0.0108,0.0119,0.0079,0.0471,0.7353,0.0612,0.7519,0.0108,0.8370
634,0.0119,0.0099,0.0119,0.0119,0.0088,0.0350,0.7192,0.0753,0.7539,0.0108,0.8441
636,0.0119,0.0099,0.0119,0.0108,0.0088,0.0280,0.7011,0.0925,0.7580,0.0099,0.8482
638,0.0129,0.0108,0.0119,0.0099,0.0099,0.0240,0.6809,0.1136,0.7620,0.0088,0.8542
640,0.0129,0.0119,0.0129,0.0099,0.0108,0.0209,0.6567,0.1388,0.7651,0.0079,0.8603
642,0.0129,0.0119,0.0129,0.0099,0.0119,0.0159,0.6275,0.1700,0.7681,0.0079,0.8663
644,0.0129,0.0119,0.0129,0.0099,0.0119,0.0108,0.5943,0.2063,0.7721,0.0079,0.8733
646,0.0129,0.0119,0.0129,0.0099,0.0119,0.0079,0.5590,0.2466,0.7741,0.0079,0.8794
648,0.0129,0.0129,0.0129,0.0099,0.0129,0.0079,0.5187,0.2940,0.7781,0.0079,0.8844
650,0.0129,0.0129,0.0119,0.0099,0.0139,0.0079,0.4763,0.3464,0.7812,0.0079,0.8905
652,0.0129,0.0129,0.0119,0.0099,0.0139,0.0068,0.4351,0.4038,0.7832,0.0068,0.8955
654,0.0129,0.0119,0.0119,0.0099,0.0149,0.0068,0.3907,0.4622,0.7852,0.0068,0.9006
656,0.0119,0.0108,0.0119,0.0099,0.0159,0.0068,0.3404,0.5258,0.7893,0.0068,0.9056
658,0.0119,0.0099,0.0108,0.0108,0.0169,0.0068,0.2990,0.5902,0.7922,0.0068,0.9116
660,0.0119,0.0099,0.0099,0.0108,0.0169,0.0079,0.2698,0.6588,0.7963,0.0079,0.9167
662,0.0119,0.0099,0.0088,0.0108,0.0179,0.0079,0.2436,0.7252,0.8003,0.0079,0.9227
664,0.0129,0.0108,0.0088,0.0108,0.0179,0.0079,0.2083,0.7947,0.8034,0.0079,0.9288
666,0.0129,0.0108,0.0088,0.0108,0.0189,0.0099,0.1751,0.8562,0.8074,0.0079,0.9338
668,0.0129,0.0108,0.0088,0.0119,0.0199,0.0088,0.1529,0.9046,0.8084,0.0079,0.9389
670,0.0139,0.0108,0.0088,0.0108,0.0209,0.0088,0.1398,0.9469,0.8104,0.0079,0.9439
672,0.0139,0.0108,0.0088,0.0119,0.0220,0.0088,0.1268,0.9781,0.8134,0.0088,0.9489
674,0.0149,0.0108,0.0099,0.0119,0.0229,0.0099,0.1076,0.9892,0.8165,0.0088,0.9539
676,0.0149,0.0119,0.0099,0.0119,0.0240,0.0099,0.0935,0.9922,0.8205,0.0099,0.9600
678,0.0159,0.0119,0.0099,0.0119,0.0249,0.0088,0.0854,0.9993,0.8255,0.0099,0.9660
680,0.0159,0.0119,0.0099,0.0108,0.0260,0.0088,0.0814,1.0003,0.8286,0.0108,0.9721
682,0.0159,0.0119,0.0099,0.0108,0.0280,0.0088,0.0753,0.9912,0.8326,0.0108,0.9781
684,0.0159,0.0129,0.0099,0.0108,0.0290,0.0088,0.0663,0.9771,0.8356,0.0108,0.9832
686,0.0159,0.0129,0.0108,0.0108,0.0300,0.0099,0.0572,0.9590,0.8366,0.0108,0.9892
688,0.0159,0.0129,0.0108,0.0108,0.0290,0.0099,0.0511,0.9348,0.8387,0.0108,0.9942
690,0.0159,0.0139,0.0119,0.0108,0.0280,0.0099,0.0491,0.9056,0.8407,0.0108,0.9983
692,0.0149,0.0139,0.0119,0.0108,0.0270,0.0108,0.0461,0.8744,0.8427,0.0099,1.0023
694,0.0149,0.0139,0.0129,0.0099,0.0260,0.0119,0.0421,0.8401,0.8427,0.0099,1.0063
696,0.0139,0.0139,0.0129,0.0099,0.0249,0.0119,0.0361,0.7988,0.8457,0.0099,1.0104
698,0.0129,0.0149,0.0139,0.0099,0.0249,0.0129,0.0330,0.7514,0.8477,0.0099,1.0154
700,0.0129,0.0149,0.0139,0.0108,0.0240,0.0139,0.0320,0.7020,0.8508,0.0099,1.0204
702,0.0129,0.0159,0.0149,0.0108,0.0229,0.0139,0.0310,0.6436,0.8528,0.0099,1.0245
704,0.0129,0.0159,0.0159,0.0119,0.0199,0.0139,0.0300,0.5831,0.8558,0.0099,1.0295
706,0.0129,0.0159,0.0169,0.0108,0.0189,0.0139,0.0270,0.5258,0.8578,0.0099,1.0336
708,0.0129,0.0159,0.0169,0.0119,0.0189,0.0139,0.0240,0.4734,0.8598,0.0099,1.0376
710,0.0119,0.0149,0.0169,0.0119,0.0189,0.0149,0.0240,0.4219,0.8608,0.0099,1.0406
712,0.0119,0.0149,0.0179,0.0119,0.0189,0.0169,0.0240,0.3605,0.8608,0.0108,1.0446
714,0.0129,0.0149,0.0179,0.0129,0.0189,0.0179,0.0240,0.3001,0.8628,0.0108,1.0486
716,0.0139,0.0149,0.0179,0.0139,0.0179,0.0189,0.0229,0.2567,0.8649,0.0119,1.0517
718,0.0139,0.0149,0.0189,0.0139,0.0179,0.0199,0.0209,0.2244,0.8678,0.0119,1.0567
720,0.0139,0.0149,0.0189,0.0139,0.0189,0.0209,0.0209,0.1973,0.8678,0.0129,1.0587
722,0.0149,0.0159,0.0179,0.0139,0.0189,0.0220,0.0199,0.1660,0.8709,0.0129,1.0638
724,0.0149,0.0159,0.0169,0.0139,0.0189,0.0249,0.0199,0.1328,0.8739,0.0129,1.0668
726,0.0159,0.0159,0.0159,0.0139,0.0199,0.0280,0.0189,0.1096,0.8749,0.0139,1.0708
728,0.0159,0.0159,0.0159,0.0139,0.0199,0.0300,0.0179,0.0965,0.8749,0.0149,1.0739
730,0.0169,0.0159,0.0159,0.0139,0.0199,0.0320,0.0159,0.0874,0.8749,0.0159,1.0769
732,0.0179,0.0169,0.0169,0.0139,0.0199,0.0290,0.0149,0.0773,0.8759,0.0159,1.0789
734,0.0179,0.0179,0.0169,0.0149,0.0199,0.0220,0.0159,0.0653,0.8749,0.0159,1.0809
736,0.0189,0.0179,0.0179,0.0149,0.0199,0.0169,0.0159,0.0511,0.8749,0.0149,1.0829
738,0.0189,0.0189,0.0179,0.0149,0.0199,0.0149,0.0159,0.0421,0.8749,0.0149,1.0839
740,0.0199,0.0189,0.0179,0.0149,0.0199,0.0149,0.0159,0.0370,0.8759,0.0149,1.0869
742,0.0199,0.0199,0.0179,0.0149,0.0199,0.0149,0.0159,0.0330,0.8759,0.0149,1.0889
744,0.0209,0.0199,0.0179,0.0159,0.0189,0.0159,0.0169,0.0290,0.8779,0.0149,1.0920
746,0.0209,0.0209,0.0189,0.0169,0.0169,0.0169,0.0179,0.0229,0.8790,0.0149,1.0950
748,0.0220,0.0209,0.0199,0.0169,0.0159,0.0179,0.0179,0.0189,0.8819,0.0149,1.0981
750,0.0220,0.0220,0.0199,0.0179,0.0159,0.0189,0.0189,0.0179,0.8830,0.0149,1.1001
752,0.0220,0.0220,0.0199,0.0189,0.0149,0.0189,0.0199,0.0179,0.8824,0.0149,1.1021
754,0.0220,0.0229,0.0209,0.0199,0.0149,0.0199,0.0199,0.0179,0.8819,0.0159,1.1030
756,0.0209,0.0229,0.0199,0.0209,0.0149,0.0209,0.0209,0.0179,0.8819,0.0159,1.1041
758,0.0199,0.0229,0.0189,0.0209,0.0149,0.0220,0.0209,0.0179,0.8799,0.0159,1.1051
760,0.0189,0.0220,0.0189,0.0220,0.0139,0.0229,0.0220,0.0169,0.8799,0.0159,1.1051
762,0.0189,0.0229,0.0179,0.0229,0.0129,0.0240,0.0229,0.0169,0.8790,0.0159,1.1051
764,0.0189,0.0229,0.0179,0.0240,0.0119,0.0260,0.0229,0.0169,0.8790,0.0159,1.1051
766,0.0199,0.0229,0.0179,0.0249,0.0119,0.0270,0.0240,0.0179,0.8779,0.0169,1.1071
768,0.0199,0.0240,0.0179,0.0260,0.0119,0.0280,0.0249,0.0179,0.8769,0.0169,1.1081
770,0.0209,0.0240,0.0189,0.0270,0.0119,0.0280,0.0260,0.0189,0.8779,0.0179,1.1091
772,0.0220,0.0249,0.0189,0.0280,0.0119,0.0270,0.0260,0.0189,0.8779,0.0179,1.1111
774,0.0229,0.0249,0.0189,0.0280,0.0119,0.0260,0.0260,0.0199,0.8779,0.0179,1.1111
776,0.0229,0.0249,0.0189,0.0280,0.0129,0.0249,0.0249,0.0199,0.8779,0.0179,1.1122
778,0.0240,0.0249,0.0189,0.0270,0.0129,0.0229,0.0249,0.0199,0.8759,0.0179,1.1122
780,0.0240,0.0249,0.0189,0.0260,0.0129,0.0220,0.0240,0.0209,0.8749,0.0179,1.1122
782,0.0240,0.0249,0.0199,0.0260,0.0129,0.0199,0.0240,0.0209,0.8729,0.0169,1.1111
784,0.0240,0.0249,0.0209,0.0260,0.0129,0.0169,0.0240,0.0220,0.8699,0.0169,1.1101
786,0.0249,0.0260,0.0209,0.0249,0.0139,0.0159,0.0240,0.0229,0.8678,0.0149,1.1091
788,0.0249,0.0260,0.0220,0.0249,0.0139,0.0129,0.0240,0.0240,0.8638,0.0139,1.1081
790,0.0249,0.0260,0.0229,0.0249,0.0139,0.0108,0.0229,0.0240,0.8628,0.0129,1.1061
792,0.0249,0.0260,0.0229,0.0249,0.0149,0.0099,0.0229,0.0249,0.8608,0.0129,1.1051
794,0.0229,0.0249,0.0229,0.0240,0.0149,0.0088,0.0229,0.0260,0.8608,0.0129,1.1041
796,0.0209,0.0229,0.0229,0.0240,0.0149,0.0079,0.0229,0.0260,0.8578,0.0139,1.1030
798,0.0179,0.0209,0.0229,0.0249,0.0159,0.0088,0.0229,0.0270,0.8558,0.0139,1.1021
800,0.0169,0.0189,0.0229,0.0249,0.0159,0.0088,0.0240,0.0280,0.8548,0.0149,1.1001
802,0.0169,0.0189,0.0240,0.0260,0.0159,0.0088,0.0249,0.0280,0.8528,0.0159,1.0981
804,0.0169,0.0189,0.0240,0.0270,0.0159,0.0099,0.0249,0.0260,0.8497,0.0169,1.0960
806,0.0169,0.0189,0.0240,0.0280,0.0169,0.0099,0.0260,0.0220,0.8477,0.0179,1.0930
808,0.0179,0.0189,0.0240,0.0280,0.0169,0.0108,0.0270,0.0199,0.8427,0.0189,1.0910
810,0.0179,0.0199,0.0229,0.0290,0.0179,0.0108,0.0280,0.0199,0.8396,0.0199,1.0869
812,0.0179,0.0199,0.0229,0.0290,0.0189,0.0119,0.0280,0.0199,0.8346,0.0220,1.0819
814,0.0179,0.0209,0.0220,0.0290,0.0189,0.0119,0.0290,0.0199,0.8296,0.0229,1.0779
816,0.0179,0.0209,0.0220,0.0280,0.0199,0.0129,0.0290,0.0209,0.8246,0.0249,1.0739
818,0.0179,0.0209,0.0209,0.0270,0.0199,0.0129,0.0290,0.0209,0.8205,0.0270,1.0688
820,0.0179,0.0220,0.0209,0.0260,0.0199,0.0139,0.0290,0.0209,0.8165,0.0300,1.0648
822,0.0179,0.0220,0.0220,0.0240,0.0209,0.0149,0.0300,0.0220,0.8134,0.0320,1.0607
824,0.0179,0.0229,0.0220,0.0229,0.0209,0.0149,0.0300,0.0220,0.8094,0.0341,1.0557
826,0.0179,0.0240,0.0229,0.0220,0.0209,0.0149,0.0300,0.0220,0.8054,0.0370,1.0517
828,0.0189,0.0249,0.0229,0.0220,0.0220,0.0159,0.0300,0.0229,0.8013,0.0401,1.0466
830,0.0179,0.0249,0.0240,0.0220,0.0220,0.0169,0.0300,0.0229,0.7983,0.0431,1.0426
832,0.0189,0.0249,0.0240,0.0209,0.0220,0.0169,0.0300,0.0240,0.7933,0.0471,1.0386
834,0.0189,0.0260,0.0249,0.0209,0.0220,0.0169,0.0300,0.0240,0.7893,0.0511,1.0325
836,0.0189,0.0260,0.0249,0.0209,0.0220,0.0179,0.0300,0.0240,0.7852,0.0552,1.0275
838,0.0189,0.0270,0.0249,0.0209,0.0220,0.0179,0.0290,0.0240,0.7801,0.0603,1.0224
840,0.0179,0.0260,0.0249,0.0199,0.0220,0.0179,0.0280,0.0229,0.7741,0.0653,1.0164
842,0.0179,0.0260,0.0249,0.0189,0.0209,0.0179,0.0249,0.0209,0.7681,0.0703,1.0094
844,0.0179,0.0249,0.0240,0.0189,0.0199,0.0189,0.0209,0.0189,0.7620,0.0764,1.0033
846,0.0169,0.0249,0.0240,0.0189,0.0199,0.0189,0.0179,0.0169,0.7580,0.0824,0.9973
848,0.0169,0.0249,0.0240,0.0189,0.0199,0.0189,0.0159,0.0159,0.7519,0.0885,0.9902
850,0.0179,0.0240,0.0240,0.0189,0.0199,0.0199,0.0149,0.0149,0.7459,0.0955,0.9842
852,0.0169,0.0240,0.0240,0.0189,0.0199,0.0199,0.0139,0.0149,0.7409,0.1035,0.9771
854,0.0169,0.0240,0.0229,0.0189,0.0199,0.0199,0.0139,0.0149,0.7348,0.1106,0.9700
856,0.0169,0.0240,0.0220,0.0189,0.0199,0.0189,0.0129,0.0149,0.7298,0.1197,0.9640
858,0.0169,0.0240,0.0209,0.0189,0.0199,0.0189,0.0129,0.0149,0.7228,0.1288,0.9570
860,0.0169,0.0229,0.0189,0.0179,0.0199,0.0189,0.0129,0.0149,0.7167,0.1378,0.9489
862,0.0159,0.0220,0.0169,0.0169,0.0199,0.0189,0.0129,0.0139,0.7116,0.1469,0.9418
864,0.0149,0.0209,0.0149,0.0169,0.0199,0.0189,0.0129,0.0139,0.7056,0.1570,0.9338
866,0.0139,0.0189,0.0139,0.0159,0.0199,0.0189,0.0129,0.0129,0.6986,0.1680,0.9257
868,0.0139,0.0179,0.0129,0.0159,0.0189,0.0189,0.0119,0.0129,0.6925,0.1791,0.9177
870,0.0129,0.0169,0.0129,0.0159,0.0179,0.0199,0.0119,0.0119,0.6854,0.1902,0.9086
872,0.0129,0.0159,0.0129,0.0159,0.0179,0.0199,0.0119,0.0119,0.6774,0.2013,0.8995
874,0.0129,0.0159,0.0129,0.0169,0.0169,0.0209,0.0119,0.0119,0.6693,0.2134,0.8905
876,0.0129,0.0159,0.0119,0.0159,0.0169,0.0209,0.0119,0.0119,0.6622,0.2265,0.8814
878,0.0129,0.0149,0.0119,0.0169,0.0169,0.0209,0.0119,0.0119,0.6542,0.2386,0.8724
880,0.0119,0.0149,0.0119,0.0169,0.0159,0.0199,0.0119,0.0119,0.6461,0.2527,0.8632
882,0.0119,0.0149,0.0119,0.0159,0.0159,0.0199,0.0119,0.0119,0.6391,0.2668,0.8542
884,0.0119,0.0139,0.0119,0.0159,0.0149,0.0189,0.0119,0.0108,0.6320,0.2809,0.8462
886,0.0108,0.0139,0.0119,0.0149,0.0139,0.0189,0.0119,0.0108,0.6250,0.2940,0.8370
888,0.0108,0.0129,0.0119,0.0149,0.0129,0.0189,0.0119,0.0099,0.6179,0.3051,0.8280
890,0.0108,0.0129,0.0119,0.0149,0.0119,0.0189,0.0119,0.0099,0.6098,0.3142,0.8179
892,0.0119,0.0129,0.0119,0.0149,0.0108,0.0189,0.0119,0.0088,0.6028,0.3232,0.8088
894,0.0108,0.0129,0.0119,0.0149,0.0108,0.0179,0.0119,0.0088,0.5968,0.3333,0.7998
896,0.0108,0.0129,0.0129,0.0149,0.0108,0.0189,0.0119,0.0088,0.5887,0.3444,0.7907
898,0.0119,0.0129,0.0129,0.0149,0.0108,0.0189,0.0119,0.0088,0.5806,0.3534,0.7806
900,0.0119,0.0129,0.0129,0.0149,0.0108,0.0189,0.0119,0.0088,0.5746,0.3605,0.7716
902,0.0119,0.0129,0.0139,0.0159,0.0108,0.0189,0.0119,0.0088,0.5655,0.3645,0.7605
904,0.0119,0.0129,0.0139,0.0159,0.0099,0.0189,0.0129,0.0099,0.5565,0.3675,0.7494
906,0.0119,0.0129,0.0139,0.0159,0.0099,0.0199,0.0129,0.0099,0.5483,0.3695,0.7394
908,0.0108,0.0129,0.0139,0.0159,0.0099,0.0189,0.0129,0.0099,0.5403,0.3756,0.7282
910,0.0108,0.0139,0.0139,0.0159,0.0099,0.0189,0.0129,0.0099,0.5312,0.3827,0.7182
912,0.0108,0.0129,0.0129,0.0159,0.0099,0.0199,0.0129,0.0108,0.5241,0.3907,0.7071
914,0.0099,0.0129,0.0129,0.0159,0.0088,0.0189,0.0139,0.0108,0.5151,0.3968,0.6970
916,0.0099,0.0129,0.0119,0.0149,0.0088,0.0199,0.0139,0.0108,0.5071,0.4008,0.6859
918,0.0099,0.0129,0.0119,0.0149,0.0079,0.0199,0.0139,0.0099,0.4990,0.3998,0.6758
920,0.0099,0.0119,0.0108,0.0149,0.0079,0.0199,0.0139,0.0108,0.4889,0.3948,0.6648
922,0.0099,0.0119,0.0108,0.0149,0.0079,0.0199,0.0139,0.0108,0.4818,0.3867,0.6547
924,0.0099,0.0119,0.0108,0.0149,0.0079,0.0209,0.0139,0.0108,0.4738,0.3786,0.6436
926,0.0099,0.0119,0.0108,0.0149,0.0068,0.0209,0.0139,0.0108,0.4667,0.3716,0.6335
928,0.0099,0.0119,0.0108,0.0149,0.0068,0.0220,0.0139,0.0108,0.4597,0.3666,0.6234
930,0.0099,0.0119,0.0108,0.0149,0.0068,0.0229,0.0139,0.0119,0.4516,0.3605,0.6124
932,0.0099,0.0108,0.0108,0.0159,0.0068,0.0229,0.0139,0.0119,0.4435,0.3534,0.6023
934,0.0108,0.0108,0.0108,0.0159,0.0068,0.0240,0.0129,0.0129,0.4365,0.3464,0.5923
936,0.0108,0.0108,0.0108,0.0159,0.0068,0.0240,0.0129,0.0139,0.4274,0.3373,0.5811
938,0.0108,0.0108,0.0108,0.0159,0.0068,0.0249,0.0129,0.0149,0.4203,0.3292,0.5701
940,0.0108,0.0108,0.0108,0.0169,0.0068,0.0249,0.0119,0.0149,0.4113,0.3222,0.5590
942,0.0108,0.0108,0.0108,0.0169,0.0058,0.0249,0.0119,0.0159,0.4022,0.3151,0.5479
944,0.0108,0.0108,0.0108,0.0169,0.0068,0.0249,0.0119,0.0169,0.3932,0.3071,0.5358
946,0.0099,0.0099,0.0108,0.0179,0.0058,0.0249,0.0119,0.0169,0.3851,0.2990,0.5247
948,0.0099,0.0099,0.0108,0.0179,0.0058,0.0229,0.0119,0.0159,0.3760,0.2900,0.5137
950,0.0099,0.0099,0.0108,0.0179,0.0058,0.0220,0.0119,0.0119,0.3670,0.2809,0.5025
952,0.0088,0.0099,0.0099,0.0189,0.0058,0.0199,0.0119,0.0088,0.3589,0.2718,0.4915
954,0.0088,0.0099,0.0099,0.0189,0.0058,0.0189,0.0119,0.0079,0.3518,0.2647,0.4814
956,0.0088,0.0099,0.0099,0.0189,0.0058,0.0189,0.0119,0.0068,0.3437,0.2587,0.4713
958,0.0088,0.0099,0.0108,0.0189,0.0058,0.0179,0.0119,0.0068,0.3357,0.2537,0.4602
960,0.0088,0.0099,0.0099,0.0199,0.0058,0.0179,0.0129,0.0068,0.3287,0.2486,0.4501
962,0.0088,0.0099,0.0108,0.0199,0.0058,0.0169,0.0129,0.0068,0.3206,0.2446,0.4401
964,0.0088,0.0108,0.0108,0.0199,0.0058,0.0169,0.0129,0.0068,0.3125,0.2386,0.4290
966,0.0088,0.0108,0.0108,0.0199,0.0068,0.0169,0.0129,0.0068,0.3055,0.2325,0.4199
968,0.0088,0.0108,0.0108,0.0199,0.0058,0.0169,0.0139,0.0068,0.2974,0.2244,0.4098
970,0.0088,0.0108,0.0108,0.0189,0.0068,0.0169,0.0139,0.0068,0.2903,0.2174,0.3998
972,0.0088,0.0108,0.0119,0.0189,0.0068,0.0169,0.0139,0.0068,0.2822,0.2094,0.3897
974,0.0088,0.0108,0.0119,0.0179,0.0068,0.0169,0.0139,0.0068,0.2762,0.2023,0.3796
976,0.0088,0.0108,0.0119,0.0169,0.0068,0.0169,0.0139,0.0068,0.2692,0.1962,0.3695
978,0.0088,0.0108,0.0119,0.0149,0.0068,0.0169,0.0139,0.0068,0.2611,0.1902,0.3605
980,0.0088,0.0099,0.0119,0.0139,0.0068,0.0159,0.0139,0.0068,0.2540,0.1841,0.3504
982,0.0088,0.0088,0.0119,0.0129,0.0068,0.0159,0.0139,0.0068,0.2460,0.1781,0.3404
984,0.0088,0.0079,0.0108,0.0119,0.0068,0.0149,0.0139,0.0068,0.2390,0.1711,0.3303
986,0.0088,0.0068,0.0108,0.0108,0.0058,0.0149,0.0129,0.0068,0.2319,0.1630,0.3212
988,0.0088,0.0058,0.0108,0.0099,0.0058,0.0139,0.0129,0.0068,0.2248,0.1559,0.3111
990,0.0088,0.0058,0.0099,0.0099,0.0058,0.0129,0.0129,0.0068,0.2188,0.1489,0.3021
992,0.0088,0.0058,0.0099,0.0099,0.0058,0.0119,0.0129,0.0068,0.2107,0.1438,0.2930
994,0.0088,0.0048,0.0099,0.0088,0.0048,0.0119,0.0129,0.0068,0.2047,0.1388,0.2829
996,0.0088,0.0048,0.0088,0.0088,0.0048,0.0119,0.0129,0.0068,0.1976,0.1358,0.2739
998,0.0088,0.0048,0.0088,0.0088,0.0048,0.0108,0.0129,0.0068,0.1916,0.1328,0.2658
1000,0.0088,0.0058,0.0088,0.0088,0.0048,0.0108,0.0129,0.0068,0.1855,0.1288,0.2567
1002,0.0088,0.0058,0.0079,0.0088,0.0048,0.0108,0.0129,0.0068,0.1785,0.1257,0.2486
1004,0.0088,0.0058,0.0079,0.0088,0.0058,0.0108,0.0129,0.0058,0.1724,0.1207,0.2406
1006,0.0088,0.0058,0.0079,0.0099,0.0058,0.0108,0.0129,0.0058,0.1674,0.1156,0.2325
1008,0.0088,0.0058,0.0079,0.0099,0.0058,0.0108,0.0129,0.0068,0.1603,0.1096,0.2244
1010,0.0079,0.0058,0.0079,0.0099,0.0058,0.0099,0.0129,0.0068,0.1542,0.1035,0.2164
1012,0.0079,0.0058,0.0079,0.0099,0.0058,0.0099,0.0129,0.0068,0.1492,0.0975,0.2083
1014,0.0079,0.0058,0.0079,0.0099,0.0058,0.0099,0.0129,0.0068,0.1432,0.0935,0.2003
1016,0.0079,0.0058,0.0079,0.0099,0.0058,0.0099,0.0129,0.0068,0.1372,0.0894,0.1922
1018,0.0079,0.0058,0.0079,0.0099,0.0058,0.0099,0.0129,0.0068,0.1321,0.0864,0.1852
1020,0.0079,0.0058,0.0079,0.0099,0.0058,0.0099,0.0129,0.0068,0.1260,0.0844,0.1771
1022,0.0079,0.0058,0.0079,0.0099,0.0058,0.0099,0.0129,0.0068,0.1210,0.0814,0.1700
1024,0.0079,0.0058,0.0079,0.0099,0.0058,0.0088,0.0129,0.0068,0.1160,0.0794,0.1620
1026,0.0079,0.0058,0.0079,0.0099,0.0058,0.0088,0.0129,0.0068,0.1089,0.0764,0.1539
1028,0.0068,0.0058,0.0079,0.0088,0.0058,0.0079,0.0129,0.0068,0.1039,0.0733,0.1469
1030,0.0068,0.0058,0.0079,0.0088,0.0058,0.0079,0.0119,0.0068,0.0989,0.0693,0.1398
1032,0.0068,0.0058,0.0079,0.0079,0.0058,0.0068,0.0119,0.0068,0.0938,0.0653,0.1328
1034,0.0068,0.0048,0.0079,0.0079,0.0058,0.0068,0.0108,0.0068,0.0888,0.0612,0.1268
1036,0.0068,0.0048,0.0068,0.0068,0.0048,0.0068,0.0108,0.0079,0.0848,0.0582,0.1197
1038,0.0068,0.0048,0.0068,0.0068,0.0058,0.0058,0.0108,0.0079,0.0797,0.0552,0.1136
1040,0.0068,0.0048,0.0068,0.0068,0.0048,0.0058,0.0099,0.0068,0.0747,0.0532,0.1076
1042,0.0068,0.0048,0.0068,0.0068,0.0048,0.0058,0.0099,0.0079,0.0707,0.0511,0.1015
1044,0.0068,0.0048,0.0068,0.0068,0.0048,0.0058,0.0088,0.0079,0.0676,0.0491,0.0955
1046,0.0068,0.0048,0.0068,0.0058,0.0048,0.0058,0.0088,0.0079,0.0636,0.0471,0.0905
1048,0.0058,0.0048,0.0068,0.0058,0.0048,0.0048,0.0088,0.0068,0.0595,0.0461,0.0854
1050,0.0058,0.0048,0.0068,0.0058,0.0048,0.0048,0.0088,0.0068,0.0555,0.0441,0.0804
