section,bom_ref,qty_needed,pack_size,buy,vendor,part_no,title,unit_price,ext_price,status,url,note
A. Base spectrometer: purchased parts (official BOM P00000),FLIR-BFS-PGE-31S4M-C,1,1,1,Teledyne FLIR,BFS-PGE-31S4M-C,"Blackfly S GigE 3.2 MP mono camera, Sony IMX265, C-mount",850.5,850.5,Active,https://www.teledynevisionsolutions.com/products/blackfly-s-gige/?model=BFS-PGE-31S4M-C,
A. Base spectrometer: purchased parts (official BOM P00000),NMV50M23,1,1,1,Thorlabs,MVL50M23,"50 mm EFL, f/2.8, for 2/3"" C-Mount Format Cameras, with Lock",249.14,249.14,Active,https://www.thorlabs.com/item/MVL50M23,Navitar NMV-50M23; Thorlabs sells it as MVL50M23
A. Base spectrometer: purchased parts (official BOM P00000),CPS532,1,1,1,Thorlabs,CPS532,"Collimated Laser-Diode-Pumped DPSS Laser Module, 532 nm, 4.5 mW, Round Beam, Ø11 mm Housing",202.1,202.1,Active,https://www.thorlabs.com/item/CPS532,"Class 3R, 4.5 mW"
A. Base spectrometer: purchased parts (official BOM P00000),DMLP550,1,1,1,Thorlabs,DMLP550,"Ø1"" Longpass Dichroic Mirror, 550 nm Cut-On",214.81,214.81,Active,https://www.thorlabs.com/item/DMLP550,
A. Base spectrometer: purchased parts (official BOM P00000),FELH0550,1,1,1,Thorlabs,FELH0550,"Ø25.0 mm Longpass Filter, Cut-On Wavelength: 550 nm",169.26,169.26,Active,https://www.thorlabs.com/item/FELH0550,
A. Base spectrometer: purchased parts (official BOM P00000),GR25-1205,1,1,1,Thorlabs,GR25-1205,"Ruled Reflective Diffraction Grating, 1200/mm, 500 nm Blaze, 25 mm x 25 mm x 6 mm",137.27,137.27,Active,https://www.thorlabs.com/item/GR25-1205,
A. Base spectrometer: purchased parts (official BOM P00000),WG41050-A,1,1,1,Thorlabs,WG41050-A,"Ø1"" UVFS Broadband Precision Window, AR Coated: 350 - 700 nm, t = 5 mm",123.3,123.3,Active,https://www.thorlabs.com/item/WG41050-A,
A. Base spectrometer: purchased parts (official BOM P00000),S50K,1,1,1,Thorlabs,S50K,"Ø1"" Mounted Slit, 50 ± 3 µm Wide, 3 mm Long",119.33,119.33,Active,https://www.thorlabs.com/item/S50K,
A. Base spectrometer: purchased parts (official BOM P00000),AC254-050-A,1,1,1,Thorlabs,AC254-050-A,"f = 50 mm, Ø1"" Achromatic Doublet, ARC: 400 - 700 nm",95.34,95.34,Active,https://www.thorlabs.com/item/AC254-050-A,
A. Base spectrometer: purchased parts (official BOM P00000),AC127-019-A,1,1,1,Thorlabs,AC127-019-A,"f = 19 mm, Ø1/2"" Achromatic Doublet, ARC: 400 - 700 nm",64.83,64.83,Active,https://www.thorlabs.com/item/AC127-019-A,
A. Base spectrometer: purchased parts (official BOM P00000),PF10-03-G01,1,1,1,Thorlabs,PF10-03-G01,"Ø1"" Protected Aluminum Mirror",60.2,60.2,Active,https://www.thorlabs.com/item/PF10-03-G01,
A. Base spectrometer: purchased parts (official BOM P00000),KM100,3,1,3,Thorlabs,KM100,"Kinematic Mirror Mount for Ø1"" Optics",44.78,134.34,Active,https://www.thorlabs.com/item/KM100,
A. Base spectrometer: purchased parts (official BOM P00000),FMP1,2,1,2,Thorlabs,FMP1/M,"Fixed Ø1"" Mirror Mount, M4 Tap",19.7,39.4,Active,https://www.thorlabs.com/item/FMP1_M,metric FMP1/M: the baseplate screws are M4
A. Base spectrometer: purchased parts (official BOM P00000),CRM1M,1,1,1,Thorlabs,CRM1T/M,"Cage Rotation Mount for Ø1"" Optics, SM1 Threaded, M4 Tap",102.65,102.65,Active,https://www.thorlabs.com/item/CRM1T_M,CRM1/M is superseded; Thorlabs names CRM1T/M
A. Base spectrometer: purchased parts (official BOM P00000),CP14,1,1,1,Thorlabs,CP14,"30 mm Cage Plate with Ø1/2"" Double Bore, 8-32 Tap",27.41,27.41,Active,https://www.thorlabs.com/item/CP14,
A. Base spectrometer: purchased parts (official BOM P00000),CP35M,1,1,1,Thorlabs,CP35/M,"30 mm Cage Plate with Ø1"" Double Bore, M4 Tap",23.04,23.04,Active,https://www.thorlabs.com/item/CP35_M,
A. Base spectrometer: purchased parts (official BOM P00000),CP02B,2,1,2,Thorlabs,CP33B,30 mm Cage Mounting Bracket,17.55,35.1,Active,https://www.thorlabs.com/item/CP33B,CP02B is superseded; Thorlabs names CP33B
A. Base spectrometer: purchased parts (official BOM P00000),ER3,4,1,4,Thorlabs,ER3,"Cage Assembly Rod, 3"" Long, Ø6 mm",7.64,30.56,Active,https://www.thorlabs.com/item/ER3,
A. Base spectrometer: purchased parts (official BOM P00000),SM1RR,1,1,1,Thorlabs,SM1RR,"SM1 Retaining Ring for  Ø1"" Lens Tubes and Mounts",5.21,5.21,Active,https://www.thorlabs.com/item/SM1RR,
B. Base spectrometer: fasteners (official BOM P00000),DIN912 M4x10,7,50,1,Thorlabs,SH4MS10,"M4 x 0.7 Stainless Steel Cap Screw, 10 mm Long, 50 Pack",8.39,8.39,Active,https://www.thorlabs.com/item/SH4MS10,50-pack
B. Base spectrometer: fasteners (official BOM P00000),DIN912 M4x12,7,50,1,Thorlabs,SH4MS12,"M4 x 0.7 Stainless Steel Cap Screw, 12 mm Long, 50 Pack",8.72,8.72,Active,https://www.thorlabs.com/item/SH4MS12,50-pack
B. Base spectrometer: fasteners (official BOM P00000),DIN912 M4x6,3,50,1,Thorlabs,SH4MS06,"M4 x 0.7 Stainless Steel Cap Screw, 6 mm Long, 50 Pack",8.07,8.07,Active,https://www.thorlabs.com/item/SH4MS06,50-pack
B. Base spectrometer: fasteners (official BOM P00000),SS4MN4,1,10,1,Thorlabs,SS4MN4,"M4 x 0.7 Alloy Steel Nylon-Tipped Setscrew, 4 mm Long, 10 Pack",14.39,14.39,Active,https://www.thorlabs.com/item/SS4MN4,10-pack; clamps the laser
B. Base spectrometer: fasteners (official BOM P00000),DIN7 3x8,2,100,1,Amazon,B0F54D5ZC4,"uxcell 3 × 8 mm dowel pins, bearing steel, ±0.02 mm, 100 pcs",6.29,6.29,Active,https://www.amazon.com/dp/B0F54D5ZC4,100-pack; camera bracket
B. Base spectrometer: fasteners (official BOM P00000),(drawing sheet 5),1,1,1,Thorlabs,G14250,"5-Minute Epoxy, General Purpose - Two Part",11.05,11.05,Active,https://www.thorlabs.com/item/G14250,glues the grating to its holder
"C. Base spectrometer: custom parts, printed in-house (official P00001–P00005)",P00001 BASEPLATE,1,1,1,Print in-house (Bambu H2D),P00001_BASEPLATE,Baseplate 300 × 150 × 10 mm,7.17,7.17,,,"421.2 cm³ solid → ≈293 g ASA; official spec: Al 6061, black anodised"
"C. Base spectrometer: custom parts, printed in-house (official P00001–P00005)",P00002 COVER,1,1,1,Print in-house (Bambu H2D),P00002_COVER,Cover,1.63,1.63,,,"95.8 cm³ solid → ≈67 g ASA; official spec: ABS, black"
"C. Base spectrometer: custom parts, printed in-house (official P00001–P00005)",P00003 LASER HOLDER,1,1,1,Print in-house (Bambu H2D),P00003_LASER_HOLDER,Laser holder,0.37,0.37,,,"21.8 cm³ solid → ≈15 g ASA; official spec: Al 6061, black anodised"
"C. Base spectrometer: custom parts, printed in-house (official P00001–P00005)",P00004 GRATING HOLDER,1,1,1,Print in-house (Bambu H2D),P00004_GRATING_HOLDER,Grating holder,0.15,0.15,,,"8.6 cm³ solid → ≈6 g ASA; official spec: Al 6061, black anodised"
"C. Base spectrometer: custom parts, printed in-house (official P00001–P00005)",P00005 CAMERA BRACKET,1,1,1,Print in-house (Bambu H2D),P00005_CAMERA_BRACKET,Camera bracket,0.1,0.1,,,"6.1 cm³ solid → ≈4 g ASA; official spec: Al 2017, black anodised"
"D. Needed to run it, not in the official BOM",laser power,1,1,1,Thorlabs,CPSA,"USB 2.0 Type-A to 2.5 mm Phono Cable for CPS Laser Diodes, 70"" (1.78 m) Long",44.94,44.94,Active,https://www.thorlabs.com/item/CPSA,USB-A → 2.5 mm phono; powers the CPS532 from the CubXL Pi's USB
"D. Needed to run it, not in the official BOM",camera power,1,1,1,Amazon,B001PS9E5I,"TP-Link Omada POE150S gigabit PoE injector, 15.4 W",17.99,17.99,Active,https://www.amazon.com/dp/B001PS9E5I,the Blackfly S PGE is PoE-powered
"D. Needed to run it, not in the official BOM",camera link,1,1,1,Amazon,B0CP9XGZKM,"Cable Matters Cat 6 snagless cable, 6 ft",7.79,7.79,Active,https://www.amazon.com/dp/B0CP9XGZKM,to the CubXL Pi's free eth0
E. CubXL integration (new parts in ../cad/),deck adapter,1,1,1,Print in-house (Bambu H2D),CUBXL_DECK_ADAPTER,"OpenRAMAN → PandaDeck adapter plate, 6 deck keys",6.02,6.02,,,353.5 cm³ solid → ≈246 g ASA
E. CubXL integration (new parts in ../cad/),tip dock,1,1,1,Print in-house (Bambu H2D),CUBXL_TIP_DOCK,"Pipette-tip sampling dock (sample port, beam dump)",1.06,1.06,,,62.3 cm³ solid → ≈43 g ASA
E. CubXL integration (new parts in ../cad/),adapter inserts,4,50,1,Amazon,B07YSV66Y5,"ruthex M4 heat-set inserts RX-M4x8.1, 50 pcs",9.99,9.99,Active,https://www.amazon.com/dp/B07YSV66Y5,one under each baseplate corner counterbore
E. CubXL integration (new parts in ../cad/),adapter screws,4,50,1,(already bought),—,covered by an earlier line,0.0,0.0,,,M4 × 12 from section B's 50-pack (43 spare): 5.6 mm of baseplate + 6.4 mm of insert
E. CubXL integration (new parts in ../cad/),dock lens,1,1,1,Thorlabs,AC127-019-A,"f = 19 mm, Ø1/2"" Achromatic Doublet, ARC: 400 - 700 nm",64.83,64.83,Active,https://www.thorlabs.com/item/AC127-019-A,"focuses the beam into the tip, as in the official liquid cuvette"
E. CubXL integration (new parts in ../cad/),dock cage rods,2,1,2,Thorlabs,ER1,"Cage Assembly Rod, 1"" Long, Ø6 mm",5.99,11.98,Active,https://www.thorlabs.com/item/ER1,"from the sample-port CP33B into the dock, as the official cuvette does"
E. CubXL integration (new parts in ../cad/),dock rod setscrews,2,10,1,(already bought),—,covered by an earlier line,0.0,0.0,,,SS4MN4 from section B's 10-pack (9 spare)
E. CubXL integration (new parts in ../cad/),dock lens glue,1,1,1,(already bought),—,covered by an earlier line,0.0,0.0,,,"G14250 epoxy from section B, as the official cuvette glues its lens"
F. Optional: official Standard Liquid Cuvette (vials instead of a pipette tip; P00008),ER1,2,1,2,Thorlabs,ER1,"Cage Assembly Rod, 1"" Long, Ø6 mm",5.99,11.98,Active,https://www.thorlabs.com/item/ER1,
F. Optional: official Standard Liquid Cuvette (vials instead of a pipette tip; P00008),AC127-019-A,1,1,1,Thorlabs,AC127-019-A,"f = 19 mm, Ø1/2"" Achromatic Doublet, ARC: 400 - 700 nm",64.83,64.83,Active,https://www.thorlabs.com/item/AC127-019-A,
F. Optional: official Standard Liquid Cuvette (vials instead of a pipette tip; P00008),LK1085L1-A,1,1,1,Thorlabs,LK1085L1-A,"f=-20.01 mm, H=15 mm, L=17 mm, N-BK7 Plano-Concave Cylindrical Lens, ARC: 350-700 nm",96.62,96.62,Active,https://www.thorlabs.com/item/LK1085L1-A,cylindrical lens: corrects the vial wall's lensing
F. Optional: official Standard Liquid Cuvette (vials instead of a pipette tip; P00008),CP33M (drawing),1,1,1,Thorlabs,CP33/M,"SM1-Threaded 30 mm Cage Plate, 0.35"" Thick, 2 Retaining Rings, M4 Tap",20.43,20.43,Active,https://www.thorlabs.com/item/CP33_M,"on the assembly drawing, not in its CSV"
F. Optional: official Standard Liquid Cuvette (vials instead of a pipette tip; P00008),DIN914 M4x10,1,50,1,Thorlabs,SS4MS10,"M4 x 0.7 Stainless Steel Setscrew, 10 mm Long, 50 Pack",6.88,6.88,Active,https://www.thorlabs.com/item/SS4MS10,50-pack
F. Optional: official Standard Liquid Cuvette (vials instead of a pipette tip; P00008),DIN7 3m6x50,1,50,1,Amazon,B0F6D3P7DW,"HARFINGTON 3 × 50 mm dowel pins, 304 SS, 50 pcs",9.89,9.89,Active,https://www.amazon.com/dp/B0F6D3P7DW,the 'axis'
F. Optional: official Standard Liquid Cuvette (vials instead of a pipette tip; P00008),P00009 BODY,1,1,1,Print in-house (Bambu H2D),P00009_BODY,Cuvette body,2.52,2.52,,,"148.2 cm³ solid → ≈103 g ASA; official spec: PA12, black dye"
F. Optional: official Standard Liquid Cuvette (vials instead of a pipette tip; P00008),P00010 CAP,1,1,1,Print in-house (Bambu H2D),P00010_CAP,Cuvette cap,0.81,0.81,,,"47.8 cm³ solid → ≈33 g ASA; official spec: PA12, black dye"
F. Optional: official Standard Liquid Cuvette (vials instead of a pipette tip; P00008),P00012 SPACER BLOCK,1,1,1,Print in-house (Bambu H2D),P00012_SPACER_BLOCK,Spacer block,0.04,0.04,,,2.6 cm³ solid → ≈2 g ASA; official spec: ABS
F. Optional: official Standard Liquid Cuvette (vials instead of a pipette tip; P00008),P00011 LENS BARREL,1,1,1,Print in-house (Bambu H2D),P00011_LENS_BARREL,Lens barrel,0.14,0.14,,,"8.5 cm³ solid → ≈6 g ASA; official spec: brass, machined"
