time,temperature_2m,relative_humidity_2m,dew_point_2m
2026-07-18 00:00:00+00:00,32.0,31,12.7
2026-07-18 01:00:00+00:00,34.2,19,7.3
2026-07-18 02:00:00+00:00,31.3,26,9.5
2026-07-18 03:00:00+00:00,28.7,32,10.4
2026-07-18 04:00:00+00:00,28.3,32,10.0
2026-07-18 05:00:00+00:00,26.4,40,11.7
2026-07-18 06:00:00+00:00,27.8,35,11.0
2026-07-18 07:00:00+00:00,27.5,38,11.9
2026-07-18 08:00:00+00:00,26.8,36,10.5
2026-07-18 09:00:00+00:00,26.5,38,11.0
2026-07-18 10:00:00+00:00,24.6,45,11.9
2026-07-18 11:00:00+00:00,25.0,39,10.1
2026-07-18 12:00:00+00:00,24.3,39,9.5
2026-07-18 13:00:00+00:00,24.2,42,10.5
2026-07-18 14:00:00+00:00,25.4,49,13.9
2026-07-18 15:00:00+00:00,27.1,48,15.1
2026-07-18 16:00:00+00:00,28.7,41,14.1
2026-07-18 17:00:00+00:00,30.4,37,14.1
2026-07-18 18:00:00+00:00,31.0,38,15.0
2026-07-18 19:00:00+00:00,32.6,32,13.7
2026-07-18 20:00:00+00:00,34.0,27,12.3
2026-07-18 21:00:00+00:00,34.4,27,12.7
2026-07-18 22:00:00+00:00,33.8,30,13.8
2026-07-18 23:00:00+00:00,32.6,36,15.6
2026-07-19 00:00:00+00:00,33.6,27,12.0
2026-07-19 01:00:00+00:00,33.5,25,10.8
2026-07-19 02:00:00+00:00,32.0,25,9.5
2026-07-19 03:00:00+00:00,30.0,27,8.9
2026-07-19 04:00:00+00:00,28.3,29,8.5
2026-07-19 05:00:00+00:00,27.1,33,9.5
2026-07-19 06:00:00+00:00,26.6,32,8.5
2026-07-19 07:00:00+00:00,25.0,36,8.9
2026-07-19 08:00:00+00:00,23.7,42,10.0
2026-07-19 09:00:00+00:00,24.0,38,8.8
2026-07-19 10:00:00+00:00,23.5,38,8.3
2026-07-19 11:00:00+00:00,23.8,37,8.2
2026-07-19 12:00:00+00:00,24.2,36,8.2
2026-07-19 13:00:00+00:00,23.2,42,9.6
2026-07-19 14:00:00+00:00,26.3,43,12.7
2026-07-19 15:00:00+00:00,28.0,42,13.9
2026-07-19 16:00:00+00:00,30.0,37,13.7
2026-07-19 17:00:00+00:00,31.5,36,14.6
2026-07-19 18:00:00+00:00,32.4,34,14.5
2026-07-19 19:00:00+00:00,33.5,31,14.1
2026-07-19 20:00:00+00:00,35.1,25,12.1
2026-07-19 21:00:00+00:00,36.2,24,12.4
2026-07-19 22:00:00+00:00,36.6,22,11.4
2026-07-19 23:00:00+00:00,36.1,25,12.9
2026-07-20 00:00:00+00:00,32.6,29,12.2
2026-07-20 01:00:00+00:00,33.2,28,12.3
2026-07-20 02:00:00+00:00,32.0,30,12.3
2026-07-20 03:00:00+00:00,28.9,31,10.1
2026-07-20 04:00:00+00:00,28.0,29,8.3
2026-07-20 05:00:00+00:00,26.9,31,8.4
2026-07-20 06:00:00+00:00,26.6,31,8.1
2026-07-20 07:00:00+00:00,26.2,34,9.1
2026-07-20 08:00:00+00:00,26.2,37,10.3
2026-07-20 09:00:00+00:00,26.1,38,10.7
2026-07-20 10:00:00+00:00,25.7,40,11.1
2026-07-20 11:00:00+00:00,24.8,42,11.0
2026-07-20 12:00:00+00:00,25.1,40,10.5
2026-07-20 13:00:00+00:00,26.8,31,8.3
2026-07-20 14:00:00+00:00,27.5,34,10.3
2026-07-20 15:00:00+00:00,28.9,33,11.0
2026-07-20 16:00:00+00:00,30.2,32,11.7
2026-07-20 17:00:00+00:00,31.9,30,12.2
2026-07-20 18:00:00+00:00,33.6,28,12.6
2026-07-20 19:00:00+00:00,34.9,25,12.0
2026-07-20 20:00:00+00:00,36.5,22,11.3
2026-07-20 21:00:00+00:00,37.6,20,10.8
2026-07-20 22:00:00+00:00,37.9,17,8.7
2026-07-20 23:00:00+00:00,37.5,19,10.0
2026-07-21 00:00:00+00:00,38.7,14,6.4
2026-07-21 01:00:00+00:00,37.1,19,9.6
2026-07-21 02:00:00+00:00,33.9,25,11.1
2026-07-21 03:00:00+00:00,33.8,21,8.5
2026-07-21 04:00:00+00:00,29.7,32,11.2
2026-07-21 05:00:00+00:00,28.7,32,10.4
2026-07-21 06:00:00+00:00,28.5,28,8.2
2026-07-21 07:00:00+00:00,27.4,28,7.3
2026-07-21 08:00:00+00:00,28.6,24,6.0
2026-07-21 09:00:00+00:00,27.9,31,9.2
2026-07-21 10:00:00+00:00,27.6,30,8.5
2026-07-21 11:00:00+00:00,27.0,33,9.4
2026-07-21 12:00:00+00:00,24.3,46,12.0
2026-07-21 13:00:00+00:00,24.3,42,10.6
2026-07-21 14:00:00+00:00,25.6,47,13.4
2026-07-21 15:00:00+00:00,27.8,41,13.4
2026-07-21 16:00:00+00:00,29.0,39,13.7
2026-07-21 17:00:00+00:00,30.6,37,14.3
2026-07-21 18:00:00+00:00,31.6,36,14.7
2026-07-21 19:00:00+00:00,32.9,35,15.4
2026-07-21 20:00:00+00:00,34.4,32,15.3
2026-07-21 21:00:00+00:00,35.1,28,13.8
2026-07-21 22:00:00+00:00,35.7,28,14.4
2026-07-21 23:00:00+00:00,36.1,26,13.5
2026-07-22 00:00:00+00:00,36.1,26,13.6
2026-07-22 01:00:00+00:00,33.5,30,13.6
2026-07-22 02:00:00+00:00,30.3,37,14.0
2026-07-22 03:00:00+00:00,28.6,43,14.8
2026-07-22 04:00:00+00:00,26.4,46,13.8
2026-07-22 05:00:00+00:00,26.4,46,13.9
2026-07-22 06:00:00+00:00,25.2,51,14.3
2026-07-22 07:00:00+00:00,25.1,56,15.7
2026-07-22 08:00:00+00:00,26.1,45,13.3
2026-07-22 09:00:00+00:00,26.5,39,11.4
2026-07-22 10:00:00+00:00,25.9,41,11.7
2026-07-22 11:00:00+00:00,24.0,50,13.0
2026-07-22 12:00:00+00:00,22.5,57,13.6
2026-07-22 13:00:00+00:00,23.4,54,13.5
2026-07-22 14:00:00+00:00,23.0,67,16.6
2026-07-22 15:00:00+00:00,23.4,63,16.0
2026-07-22 16:00:00+00:00,25.6,59,17.0
2026-07-22 17:00:00+00:00,27.5,52,16.8
2026-07-22 18:00:00+00:00,28.0,53,17.6
2026-07-22 19:00:00+00:00,28.2,47,15.8
2026-07-22 20:00:00+00:00,30.6,38,14.6
2026-07-22 21:00:00+00:00,31.4,35,14.1
2026-07-22 22:00:00+00:00,30.7,39,15.2
2026-07-22 23:00:00+00:00,32.3,27,10.9
2026-07-23 00:00:00+00:00,29.4,46,16.6
2026-07-23 01:00:00+00:00,27.5,52,16.7
2026-07-23 02:00:00+00:00,26.3,48,14.4
2026-07-23 03:00:00+00:00,25.1,53,14.9
2026-07-23 04:00:00+00:00,23.7,58,15.0
2026-07-23 05:00:00+00:00,23.7,58,14.9
2026-07-23 06:00:00+00:00,23.6,52,13.2
2026-07-23 07:00:00+00:00,23.0,51,12.3
2026-07-23 08:00:00+00:00,22.0,55,12.6
2026-07-23 09:00:00+00:00,22.1,51,11.5
2026-07-23 10:00:00+00:00,21.8,51,11.2
2026-07-23 11:00:00+00:00,21.8,50,10.9
2026-07-23 12:00:00+00:00,22.5,51,11.8
2026-07-23 13:00:00+00:00,22.2,54,12.4
2026-07-23 14:00:00+00:00,24.2,59,15.7
2026-07-23 15:00:00+00:00,25.9,55,16.1
2026-07-23 16:00:00+00:00,28.1,47,15.7
2026-07-23 17:00:00+00:00,28.7,45,15.6
2026-07-23 18:00:00+00:00,31.2,40,16.0
2026-07-23 19:00:00+00:00,31.9,37,15.4
2026-07-23 20:00:00+00:00,33.3,32,14.4
2026-07-23 21:00:00+00:00,34.4,28,13.2
2026-07-23 22:00:00+00:00,34.7,26,12.4
2026-07-23 23:00:00+00:00,34.2,31,14.7
2026-07-24 00:00:00+00:00,34.4,31,14.8
2026-07-24 01:00:00+00:00,34.1,28,13.0
2026-07-24 02:00:00+00:00,33.3,27,11.8
2026-07-24 03:00:00+00:00,30.6,29,10.5
2026-07-24 04:00:00+00:00,28.8,31,10.0
2026-07-24 05:00:00+00:00,27.1,32,9.0
2026-07-24 06:00:00+00:00,26.1,34,9.0
2026-07-24 07:00:00+00:00,26.3,33,8.7
2026-07-24 08:00:00+00:00,25.6,34,8.6
2026-07-24 09:00:00+00:00,25.0,32,7.1
2026-07-24 10:00:00+00:00,23.1,34,6.4
2026-07-24 11:00:00+00:00,23.6,28,4.0
2026-07-24 12:00:00+00:00,22.3,32,4.8
2026-07-24 13:00:00+00:00,21.7,41,7.8
2026-07-24 14:00:00+00:00,27.2,27,6.6
2026-07-24 15:00:00+00:00,28.0,32,9.8
2026-07-24 16:00:00+00:00,30.2,33,12.2
2026-07-24 17:00:00+00:00,32.1,31,12.8
2026-07-24 18:00:00+00:00,34.0,27,12.3
2026-07-24 19:00:00+00:00,35.6,24,11.9
2026-07-24 20:00:00+00:00,37.7,20,10.9
2026-07-24 21:00:00+00:00,38.1,18,9.7
2026-07-24 22:00:00+00:00,36.9,23,12.3
2026-07-24 23:00:00+00:00,37.7,17,8.5
2026-07-25 00:00:00+00:00,37.9,16,7.8
2026-07-25 01:00:00+00:00,33.4,30,13.5
2026-07-25 02:00:00+00:00,31.1,35,13.9
2026-07-25 03:00:00+00:00,30.7,28,10.1
2026-07-25 04:00:00+00:00,29.4,31,10.5
2026-07-25 05:00:00+00:00,30.1,30,10.6
2026-07-25 06:00:00+00:00,28.3,35,11.4
2026-07-25 07:00:00+00:00,27.8,31,9.1
2026-07-25 08:00:00+00:00,25.4,42,11.5
2026-07-25 09:00:00+00:00,24.7,38,9.4
2026-07-25 10:00:00+00:00,22.7,50,11.8
2026-07-25 11:00:00+00:00,24.7,40,10.2
2026-07-25 12:00:00+00:00,26.0,32,8.0
2026-07-25 13:00:00+00:00,25.9,32,8.0
2026-07-25 14:00:00+00:00,27.3,38,11.7
2026-07-25 15:00:00+00:00,30.8,28,10.2
2026-07-25 16:00:00+00:00,31.3,31,12.2
2026-07-25 17:00:00+00:00,32.3,31,13.0
2026-07-25 18:00:00+00:00,34.8,24,11.3
2026-07-25 19:00:00+00:00,36.2,22,11.1
2026-07-25 20:00:00+00:00,37.5,21,11.5
2026-07-25 21:00:00+00:00,38.7,18,10.2
2026-07-25 22:00:00+00:00,38.4,17,9.0
2026-07-25 23:00:00+00:00,38.5,15,7.3
2026-07-26 00:00:00+00:00,38.2,16,8.0
2026-07-26 01:00:00+00:00,37.3,18,9.0
2026-07-26 02:00:00+00:00,36.7,17,7.7
2026-07-26 03:00:00+00:00,33.4,19,6.7
2026-07-26 04:00:00+00:00,31.6,20,5.9
2026-07-26 05:00:00+00:00,30.5,22,6.4
2026-07-26 06:00:00+00:00,29.9,22,5.9
2026-07-26 07:00:00+00:00,28.0,33,10.2
2026-07-26 08:00:00+00:00,28.3,29,8.5
2026-07-26 09:00:00+00:00,27.1,29,7.6
2026-07-26 10:00:00+00:00,25.2,31,6.8
2026-07-26 11:00:00+00:00,27.2,21,3.0
2026-07-26 12:00:00+00:00,27.5,20,2.6
2026-07-26 13:00:00+00:00,28.6,17,1.2
2026-07-26 14:00:00+00:00,30.2,20,4.8
2026-07-26 15:00:00+00:00,32.1,21,7.0
2026-07-26 16:00:00+00:00,33.4,21,8.1
2026-07-26 17:00:00+00:00,34.4,21,8.9
2026-07-26 18:00:00+00:00,36.1,20,9.6
2026-07-26 19:00:00+00:00,37.6,18,9.2
2026-07-26 20:00:00+00:00,38.8,15,7.5
2026-07-26 21:00:00+00:00,39.4,14,7.0
2026-07-26 22:00:00+00:00,39.2,15,7.8
2026-07-26 23:00:00+00:00,39.3,14,6.9
2026-07-27 00:00:00+00:00,39.1,14,6.8
2026-07-27 01:00:00+00:00,38.9,13,5.5
2026-07-27 02:00:00+00:00,36.5,18,8.3
2026-07-27 03:00:00+00:00,33.3,26,11.2
2026-07-27 04:00:00+00:00,33.4,22,8.8
2026-07-27 05:00:00+00:00,32.0,23,8.3
2026-07-27 06:00:00+00:00,32.5,20,6.6
2026-07-27 07:00:00+00:00,31.2,22,6.9
2026-07-27 08:00:00+00:00,30.8,22,6.6
2026-07-27 09:00:00+00:00,29.7,24,7.0
2026-07-27 10:00:00+00:00,29.8,26,8.2
2026-07-27 11:00:00+00:00,28.9,26,7.5
2026-07-27 12:00:00+00:00,28.0,25,6.2
2026-07-27 13:00:00+00:00,27.2,28,7.1
2026-07-27 14:00:00+00:00,30.0,26,8.4
2026-07-27 15:00:00+00:00,30.6,28,10.0
2026-07-27 16:00:00+00:00,32.3,22,7.9
2026-07-27 17:00:00+00:00,33.6,20,7.5
2026-07-27 18:00:00+00:00,35.9,16,6.1
2026-07-27 19:00:00+00:00,36.6,18,8.5
2026-07-27 20:00:00+00:00,36.7,20,10.1
2026-07-27 21:00:00+00:00,36.5,21,10.6
2026-07-27 22:00:00+00:00,35.2,24,11.6
2026-07-27 23:00:00+00:00,31.8,33,13.6
2026-07-28 00:00:00+00:00,32.1,29,11.8
2026-07-28 01:00:00+00:00,32.8,25,10.2
2026-07-28 02:00:00+00:00,30.8,31,11.7
2026-07-28 03:00:00+00:00,29.1,35,12.1
2026-07-28 04:00:00+00:00,28.6,33,10.8
2026-07-28 05:00:00+00:00,27.9,37,11.9
2026-07-28 06:00:00+00:00,28.5,31,9.8
2026-07-28 07:00:00+00:00,25.1,42,11.3
2026-07-28 08:00:00+00:00,25.5,39,10.5
2026-07-28 09:00:00+00:00,25.6,36,9.4
2026-07-28 10:00:00+00:00,23.9,41,9.9
2026-07-28 11:00:00+00:00,22.5,46,10.3
2026-07-28 12:00:00+00:00,21.6,49,10.4
2026-07-28 13:00:00+00:00,21.5,51,11.0
2026-07-28 14:00:00+00:00,24.6,47,12.6
2026-07-28 15:00:00+00:00,26.9,40,12.1
2026-07-28 16:00:00+00:00,28.3,39,13.0
2026-07-28 17:00:00+00:00,31.1,31,12.0
2026-07-28 18:00:00+00:00,32.5,28,11.6
2026-07-28 19:00:00+00:00,33.6,26,11.4
2026-07-28 20:00:00+00:00,35.5,20,9.1
2026-07-28 21:00:00+00:00,36.2,19,8.9
2026-07-28 22:00:00+00:00,34.4,29,13.8
2026-07-28 23:00:00+00:00,36.5,19,9.1
2026-07-29 00:00:00+00:00,36.1,19,8.9
2026-07-29 01:00:00+00:00,35.5,18,7.6
2026-07-29 02:00:00+00:00,34.6,18,6.8
2026-07-29 03:00:00+00:00,32.2,17,4.1
2026-07-29 04:00:00+00:00,30.3,19,4.1
2026-07-29 05:00:00+00:00,29.7,19,3.6
2026-07-29 06:00:00+00:00,29.2,26,7.7
2026-07-29 07:00:00+00:00,29.7,23,6.3
2026-07-29 08:00:00+00:00,28.6,20,3.4
2026-07-29 09:00:00+00:00,29.1,22,5.2
2026-07-29 10:00:00+00:00,28.4,27,7.6
2026-07-29 11:00:00+00:00,28.5,25,6.6
2026-07-29 12:00:00+00:00,27.3,29,7.7
2026-07-29 13:00:00+00:00,26.9,31,8.4
2026-07-29 14:00:00+00:00,28.8,27,8.0
2026-07-29 15:00:00+00:00,28.2,30,9.0
2026-07-29 16:00:00+00:00,27.4,37,11.4
2026-07-29 17:00:00+00:00,29.6,29,9.7
2026-07-29 18:00:00+00:00,30.5,29,10.5
2026-07-29 19:00:00+00:00,31.2,28,10.5
2026-07-29 20:00:00+00:00,30.9,30,11.3
2026-07-29 21:00:00+00:00,32.6,27,11.2
2026-07-29 22:00:00+00:00,31.3,32,12.7
2026-07-29 23:00:00+00:00,31.6,25,9.2
2026-07-30 00:00:00+00:00,30.6,34,12.9
2026-07-30 01:00:00+00:00,30.5,29,10.5
2026-07-30 02:00:00+00:00,27.1,44,13.8
2026-07-30 03:00:00+00:00,26.2,37,10.3
2026-07-30 04:00:00+00:00,24.6,42,10.9
2026-07-30 05:00:00+00:00,23.9,46,11.6
2026-07-30 06:00:00+00:00,23.3,44,10.3
2026-07-30 07:00:00+00:00,20.6,48,9.2
2026-07-30 08:00:00+00:00,22.2,41,8.3
2026-07-30 09:00:00+00:00,20.5,56,11.4
2026-07-30 10:00:00+00:00,20.0,48,8.7
2026-07-30 11:00:00+00:00,19.5,46,7.6
2026-07-30 12:00:00+00:00,19.2,50,8.5
2026-07-30 13:00:00+00:00,18.7,51,8.4
2026-07-30 14:00:00+00:00,21.8,51,11.2
2026-07-30 15:00:00+00:00,24.5,44,11.4
2026-07-30 16:00:00+00:00,27.8,34,10.5
2026-07-30 17:00:00+00:00,30.2,28,9.7
2026-07-30 18:00:00+00:00,31.9,26,10.0
2026-07-30 19:00:00+00:00,33.1,26,11.0
2026-07-30 20:00:00+00:00,34.9,19,7.8
2026-07-30 21:00:00+00:00,36.2,16,6.4
2026-07-30 22:00:00+00:00,36.7,12,2.7
2026-07-30 23:00:00+00:00,36.4,12,2.5
2026-07-31 00:00:00+00:00,35.7,15,5.0
2026-07-31 01:00:00+00:00,35.7,14,4.1
2026-07-31 02:00:00+00:00,32.4,19,5.8
2026-07-31 03:00:00+00:00,30.3,20,4.8
2026-07-31 04:00:00+00:00,27.9,23,4.9
2026-07-31 05:00:00+00:00,27.0,25,5.3
2026-07-31 06:00:00+00:00,26.8,21,2.7
2026-07-31 07:00:00+00:00,26.9,19,1.3
2026-07-31 08:00:00+00:00,25.6,25,4.1
2026-07-31 09:00:00+00:00,23.6,30,5.0
2026-07-31 10:00:00+00:00,22.4,27,2.5
2026-07-31 11:00:00+00:00,19.0,46,7.1
2026-07-31 12:00:00+00:00,15.3,67,9.2
2026-07-31 13:00:00+00:00,20.6,35,4.6
2026-07-31 14:00:00+00:00,23.3,28,3.8
2026-07-31 15:00:00+00:00,27.9,21,3.5
2026-07-31 16:00:00+00:00,30.8,14,0.2
2026-07-31 17:00:00+00:00,32.7,14,1.7
2026-07-31 18:00:00+00:00,35.0,12,1.3
2026-07-31 19:00:00+00:00,36.7,10,0.1
2026-07-31 20:00:00+00:00,38.2,6,-5.6
2026-07-31 21:00:00+00:00,38.6,8,-1.5
2026-07-31 22:00:00+00:00,38.6,10,1.6
2026-07-31 23:00:00+00:00,38.9,11,3.2
2026-08-01 00:00:00+00:00,38.5,11,2.8
2026-08-01 01:00:00+00:00,37.9,11,2.3
2026-08-01 02:00:00+00:00,35.9,10,-0.5
2026-08-01 03:00:00+00:00,32.4,12,-0.7
2026-08-01 04:00:00+00:00,30.2,15,0.7
2026-08-01 05:00:00+00:00,28.8,17,1.3
2026-08-01 06:00:00+00:00,28.9,14,-1.3
2026-08-01 07:00:00+00:00,29.1,14,-1.1
2026-08-01 08:00:00+00:00,26.2,16,-1.6
2026-08-01 09:00:00+00:00,26.3,16,-1.6
2026-08-01 10:00:00+00:00,26.2,13,-4.4
2026-08-01 11:00:00+00:00,24.7,13,-5.6
2026-08-01 12:00:00+00:00,23.3,14,-5.7
2026-08-01 13:00:00+00:00,22.1,18,-3.4
2026-08-01 14:00:00+00:00,22.3,29,3.4
2026-08-01 15:00:00+00:00,28.1,19,2.3
2026-08-01 16:00:00+00:00,31.2,17,3.2
2026-08-01 17:00:00+00:00,33.0,15,2.9
2026-08-01 18:00:00+00:00,35.5,12,1.7
2026-08-01 19:00:00+00:00,37.3,11,1.9
2026-08-01 20:00:00+00:00,39.2,8,-1.1
2026-08-01 21:00:00+00:00,39.6,6,-4.6
2026-08-01 22:00:00+00:00,40.2,6,-4.2
2026-08-01 23:00:00+00:00,40.1,6,-4.3
2026-08-02 00:00:00+00:00,39.9,4,-9.7
2026-08-02 01:00:00+00:00,39.0,5,-7.5
2026-08-02 02:00:00+00:00,37.0,6,-6.5
2026-08-02 03:00:00+00:00,32.7,9,-4.3
2026-08-02 04:00:00+00:00,31.2,9,-5.5
2026-08-02 05:00:00+00:00,30.0,9,-6.4
2026-08-02 06:00:00+00:00,29.3,9,-6.8
2026-08-02 07:00:00+00:00,29.1,9,-7.0
2026-08-02 08:00:00+00:00,26.7,10,-7.4
2026-08-02 09:00:00+00:00,23.8,15,-4.4
2026-08-02 10:00:00+00:00,25.3,14,-4.2
2026-08-02 11:00:00+00:00,26.5,11,-6.4
2026-08-02 12:00:00+00:00,24.2,17,-2.4
2026-08-02 13:00:00+00:00,25.3,13,-5.1
2026-08-02 14:00:00+00:00,27.7,11,-5.4
2026-08-02 15:00:00+00:00,31.4,10,-3.9
2026-08-02 16:00:00+00:00,32.2,12,-0.8
2026-08-02 17:00:00+00:00,33.7,11,-0.8
2026-08-02 18:00:00+00:00,35.9,9,-1.9
2026-08-02 19:00:00+00:00,37.1,10,0.5
2026-08-02 20:00:00+00:00,38.3,9,-0.1
2026-08-02 21:00:00+00:00,39.3,8,-1.0
2026-08-02 22:00:00+00:00,39.5,8,-0.9
2026-08-02 23:00:00+00:00,39.2,7,-2.9
2026-08-03 00:00:00+00:00,38.8,8,-1.3
2026-08-03 01:00:00+00:00,37.8,8,-2.1
2026-08-03 02:00:00+00:00,35.7,9,-2.0
2026-08-03 03:00:00+00:00,32.4,10,-3.1
2026-08-03 04:00:00+00:00,31.8,9,-5.0
2026-08-03 05:00:00+00:00,30.0,12,-2.5
2026-08-03 06:00:00+00:00,28.3,13,-2.7
2026-08-03 07:00:00+00:00,28.1,13,-2.9
2026-08-03 08:00:00+00:00,23.8,33,6.6
2026-08-03 09:00:00+00:00,23.6,29,4.5
2026-08-03 10:00:00+00:00,20.7,39,6.2
2026-08-03 11:00:00+00:00,20.5,38,5.7
2026-08-03 12:00:00+00:00,19.6,35,3.7
2026-08-03 13:00:00+00:00,19.5,37,4.4
2026-08-03 14:00:00+00:00,21.8,37,6.4
2026-08-03 15:00:00+00:00,24.4,34,7.5
2026-08-03 16:00:00+00:00,26.3,23,3.5
2026-08-03 17:00:00+00:00,28.6,17,1.2
2026-08-03 18:00:00+00:00,30.8,15,1.2
2026-08-03 19:00:00+00:00,32.2,13,0.3
2026-08-03 20:00:00+00:00,33.7,10,-2.1
2026-08-03 21:00:00+00:00,34.0,10,-1.9
2026-08-03 22:00:00+00:00,34.5,8,-4.5
2026-08-03 23:00:00+00:00,34.3,9,-3.1
2026-08-04 00:00:00+00:00,33.8,9,-3.5
2026-08-04 01:00:00+00:00,33.3,9,-3.9
2026-08-04 02:00:00+00:00,31.0,12,-1.7
2026-08-04 03:00:00+00:00,27.2,16,-0.8
2026-08-04 04:00:00+00:00,25.7,16,-2.0
2026-08-04 05:00:00+00:00,22.6,28,3.1
2026-08-04 06:00:00+00:00,22.4,23,0.2
2026-08-04 07:00:00+00:00,21.0,23,-0.9
2026-08-04 08:00:00+00:00,21.8,19,-2.9
2026-08-04 09:00:00+00:00,21.2,18,-4.1
2026-08-04 10:00:00+00:00,18.5,20,-4.9
2026-08-04 11:00:00+00:00,17.7,28,-1.0
2026-08-04 12:00:00+00:00,19.1,23,-2.6
2026-08-04 13:00:00+00:00,18.3,22,-3.8
2026-08-04 14:00:00+00:00,19.9,24,-1.3
2026-08-04 15:00:00+00:00,22.7,27,2.7
2026-08-04 16:00:00+00:00,25.0,28,5.2
2026-08-04 17:00:00+00:00,27.4,23,4.5
2026-08-04 18:00:00+00:00,29.3,18,2.5
2026-08-04 19:00:00+00:00,31.4,12,-1.4
2026-08-04 20:00:00+00:00,32.8,10,-2.8
2026-08-04 21:00:00+00:00,34.1,10,-1.9
2026-08-04 22:00:00+00:00,34.5,9,-2.9
2026-08-04 23:00:00+00:00,34.5,9,-2.9
2026-08-05 00:00:00+00:00,34.1,9,-3.3
2026-08-05 01:00:00+00:00,32.9,9,-4.2
2026-08-05 02:00:00+00:00,31.1,9,-5.5
2026-08-05 03:00:00+00:00,27.1,10,-7.2
2026-08-05 04:00:00+00:00,25.3,10,-8.5
2026-08-05 05:00:00+00:00,22.3,16,-4.7
2026-08-05 06:00:00+00:00,21.5,16,-5.4
2026-08-05 07:00:00+00:00,21.4,14,-7.2
2026-08-05 08:00:00+00:00,20.5,13,-8.9
2026-08-05 09:00:00+00:00,20.0,11,-11.4
2026-08-05 10:00:00+00:00,17.5,15,-9.5
2026-08-05 11:00:00+00:00,16.7,11,-13.9
2026-08-05 12:00:00+00:00,16.5,12,-13.0
2026-08-05 13:00:00+00:00,14.7,25,-5.1
2026-08-05 14:00:00+00:00,17.6,21,-5.0
2026-08-05 15:00:00+00:00,22.2,18,-3.3
2026-08-05 16:00:00+00:00,25.5,14,-4.0
2026-08-05 17:00:00+00:00,28.3,10,-6.3
2026-08-05 18:00:00+00:00,30.7,8,-7.4
2026-08-05 19:00:00+00:00,32.7,7,-7.6
2026-08-05 20:00:00+00:00,34.2,7,-6.5
2026-08-05 21:00:00+00:00,35.7,7,-5.4
2026-08-05 22:00:00+00:00,36.1,7,-5.2
2026-08-05 23:00:00+00:00,36.2,6,-7.1
2026-08-06 00:00:00+00:00,35.6,6,-7.5
2026-08-06 01:00:00+00:00,34.5,6,-8.3
2026-08-06 02:00:00+00:00,32.4,7,-7.8
2026-08-06 03:00:00+00:00,29.0,8,-8.6
2026-08-06 04:00:00+00:00,26.8,9,-8.8
2026-08-06 05:00:00+00:00,25.8,7,-12.6
2026-08-06 06:00:00+00:00,22.5,17,-3.8
2026-08-06 07:00:00+00:00,22.3,16,-4.7
2026-08-06 08:00:00+00:00,21.6,14,-7.0
2026-08-06 09:00:00+00:00,21.4,13,-8.2
2026-08-06 10:00:00+00:00,19.1,16,-7.4
2026-08-06 11:00:00+00:00,18.5,18,-6.3
2026-08-06 12:00:00+00:00,19.1,15,-8.2
2026-08-06 13:00:00+00:00,17.2,20,-6.0
2026-08-06 14:00:00+00:00,19.8,16,-6.8
2026-08-06 15:00:00+00:00,23.8,15,-4.4
2026-08-06 16:00:00+00:00,27.7,10,-6.7
2026-08-06 17:00:00+00:00,30.1,12,-2.4
2026-08-06 18:00:00+00:00,33.3,9,-3.8
2026-08-06 19:00:00+00:00,35.5,6,-7.6
2026-08-06 20:00:00+00:00,36.9,4,-11.8
2026-08-06 21:00:00+00:00,37.9,4,-11.1
2026-08-06 22:00:00+00:00,37.8,6,-5.9
2026-08-06 23:00:00+00:00,38.0,5,-8.2
2026-08-07 00:00:00+00:00,37.6,6,-6.1
2026-08-07 01:00:00+00:00,36.6,5,-9.1
2026-08-07 02:00:00+00:00,34.6,4,-13.3
2026-08-07 03:00:00+00:00,30.4,6,-11.3
2026-08-07 04:00:00+00:00,30.1,7,-9.5
2026-08-07 05:00:00+00:00,28.2,8,-9.2
2026-08-07 06:00:00+00:00,27.1,9,-8.5
2026-08-07 07:00:00+00:00,26.2,9,-9.2
2026-08-07 08:00:00+00:00,25.2,9,-9.9
2026-08-07 09:00:00+00:00,24.4,9,-10.5
2026-08-07 10:00:00+00:00,22.1,10,-11.0
2026-08-07 11:00:00+00:00,22.4,9,-12.0
2026-08-07 12:00:00+00:00,21.6,12,-9.0
2026-08-07 13:00:00+00:00,22.6,9,-11.9
2026-08-07 14:00:00+00:00,23.7,10,-9.8
2026-08-07 15:00:00+00:00,27.3,11,-5.8
2026-08-07 16:00:00+00:00,30.6,10,-4.5
2026-08-07 17:00:00+00:00,32.2,20,6.4
2026-08-07 18:00:00+00:00,33.4,19,6.7
2026-08-07 19:00:00+00:00,36.7,13,3.8
2026-08-07 20:00:00+00:00,38.1,11,2.5
2026-08-07 21:00:00+00:00,39.6,8,-0.8
2026-08-07 22:00:00+00:00,39.7,9,0.9
2026-08-07 23:00:00+00:00,38.0,10,1.1
2026-08-08 00:00:00+00:00,38.7,9,0.2
2026-08-08 01:00:00+00:00,36.8,12,2.7
2026-08-08 02:00:00+00:00,35.3,10,-0.9
2026-08-08 03:00:00+00:00,32.4,9,-4.5
2026-08-08 04:00:00+00:00,30.5,16,1.8
2026-08-08 05:00:00+00:00,29.0,16,0.7
2026-08-08 06:00:00+00:00,27.9,17,0.6
2026-08-08 07:00:00+00:00,26.2,20,1.4
2026-08-08 08:00:00+00:00,26.6,19,1.1
2026-08-08 09:00:00+00:00,26.5,19,1.0
2026-08-08 10:00:00+00:00,27.6,16,-0.5
2026-08-08 11:00:00+00:00,26.6,22,3.2
2026-08-08 12:00:00+00:00,25.3,19,0.0
2026-08-08 13:00:00+00:00,25.7,16,-2.0
2026-08-08 14:00:00+00:00,27.6,17,0.4
2026-08-08 15:00:00+00:00,28.8,21,4.3
2026-08-08 16:00:00+00:00,30.2,22,6.1
2026-08-08 17:00:00+00:00,31.8,19,5.3
2026-08-08 18:00:00+00:00,33.5,19,6.7
2026-08-08 19:00:00+00:00,35.9,15,5.2
2026-08-08 20:00:00+00:00,35.8,14,4.1
2026-08-08 21:00:00+00:00,37.3,13,4.3
2026-08-08 22:00:00+00:00,36.6,13,3.7
2026-08-08 23:00:00+00:00,37.3,12,3.2
2026-08-09 00:00:00+00:00,37.8,11,2.3
2026-08-09 01:00:00+00:00,36.9,10,0.3
2026-08-09 02:00:00+00:00,34.8,11,-0.0
2026-08-09 03:00:00+00:00,31.0,19,4.7
2026-08-09 04:00:00+00:00,29.8,22,5.8
2026-08-09 05:00:00+00:00,32.2,14,1.3
2026-08-09 06:00:00+00:00,29.5,20,4.2
2026-08-09 07:00:00+00:00,29.5,18,2.7
2026-08-09 08:00:00+00:00,27.9,22,4.2
2026-08-09 09:00:00+00:00,27.7,23,4.7
2026-08-09 10:00:00+00:00,27.2,24,4.9
2026-08-09 11:00:00+00:00,26.7,24,4.4
2026-08-09 12:00:00+00:00,26.7,24,4.5
2026-08-09 13:00:00+00:00,25.3,27,5.0
2026-08-09 14:00:00+00:00,26.4,33,8.8
2026-08-09 15:00:00+00:00,28.3,31,9.5
2026-08-09 16:00:00+00:00,31.1,24,8.1
2026-08-09 17:00:00+00:00,32.9,21,7.7
2026-08-09 18:00:00+00:00,34.3,20,8.1
2026-08-09 19:00:00+00:00,35.0,22,10.1
2026-08-09 20:00:00+00:00,35.9,21,10.1
2026-08-09 21:00:00+00:00,36.7,17,7.7
2026-08-09 22:00:00+00:00,36.1,20,9.6
2026-08-09 23:00:00+00:00,36.2,15,5.5
2026-08-10 00:00:00+00:00,35.4,18,7.5
2026-08-10 01:00:00+00:00,32.3,25,9.8
2026-08-10 02:00:00+00:00,29.9,30,10.5
2026-08-10 03:00:00+00:00,30.2,27,9.1
2026-08-10 04:00:00+00:00,29.5,23,6.2
2026-08-10 05:00:00+00:00,29.5,21,4.9
2026-08-10 06:00:00+00:00,28.3,22,4.6
2026-08-10 07:00:00+00:00,27.2,23,4.2
2026-08-10 08:00:00+00:00,25.8,27,5.4
2026-08-10 09:00:00+00:00,25.6,28,5.8
2026-08-10 10:00:00+00:00,23.5,35,7.2
2026-08-10 11:00:00+00:00,21.9,40,7.7
2026-08-10 12:00:00+00:00,22.4,36,6.6
2026-08-10 13:00:00+00:00,23.6,31,5.5
2026-08-10 14:00:00+00:00,25.5,32,7.6
2026-08-10 15:00:00+00:00,28.2,31,9.4
2026-08-10 16:00:00+00:00,30.0,28,9.5
2026-08-10 17:00:00+00:00,31.8,23,8.1
2026-08-10 18:00:00+00:00,32.8,22,8.3
2026-08-10 19:00:00+00:00,34.0,22,9.3
2026-08-10 20:00:00+00:00,34.9,20,8.6
2026-08-10 21:00:00+00:00,35.9,17,7.0
2026-08-10 22:00:00+00:00,36.2,15,5.4
2026-08-10 23:00:00+00:00,36.0,15,5.3
2026-08-11 00:00:00+00:00,33.9,21,8.5
2026-08-11 01:00:00+00:00,33.3,19,6.6
2026-08-11 02:00:00+00:00,31.4,25,9.0
2026-08-11 03:00:00+00:00,29.4,24,6.7
2026-08-11 04:00:00+00:00,29.7,21,5.0
2026-08-11 05:00:00+00:00,27.7,28,7.5
2026-08-11 06:00:00+00:00,27.3,23,4.4
2026-08-11 07:00:00+00:00,25.4,36,9.2
2026-08-11 08:00:00+00:00,25.4,31,7.1
2026-08-11 09:00:00+00:00,25.8,28,5.9
2026-08-11 10:00:00+00:00,23.9,35,7.5
2026-08-11 11:00:00+00:00,23.0,35,6.7
2026-08-11 12:00:00+00:00,23.5,32,5.8
2026-08-11 13:00:00+00:00,22.9,37,7.5
2026-08-11 14:00:00+00:00,24.8,35,8.3
2026-08-11 15:00:00+00:00,27.0,37,11.1
2026-08-11 16:00:00+00:00,30.3,26,8.7
2026-08-11 17:00:00+00:00,31.6,24,8.6
2026-08-11 18:00:00+00:00,32.8,22,8.3
2026-08-11 19:00:00+00:00,34.0,21,8.6
2026-08-11 20:00:00+00:00,34.7,19,7.7
2026-08-11 21:00:00+00:00,34.3,22,9.5
2026-08-11 22:00:00+00:00,32.9,30,13.1
2026-08-11 23:00:00+00:00,32.0,29,11.8
2026-08-12 00:00:00+00:00,32.3,29,12.0
2026-08-12 01:00:00+00:00,30.0,37,13.7
2026-08-12 02:00:00+00:00,28.0,37,12.0
2026-08-12 03:00:00+00:00,27.6,27,6.9
2026-08-12 04:00:00+00:00,25.9,36,9.7
2026-08-12 05:00:00+00:00,25.6,34,8.5
2026-08-12 06:00:00+00:00,26.4,29,7.0
2026-08-12 07:00:00+00:00,24.4,40,9.9
2026-08-12 08:00:00+00:00,22.8,52,12.4
2026-08-12 09:00:00+00:00,23.8,38,8.6
2026-08-12 10:00:00+00:00,22.5,43,9.3
2026-08-12 11:00:00+00:00,20.4,48,9.0
2026-08-12 12:00:00+00:00,21.4,42,7.9
2026-08-12 13:00:00+00:00,21.4,39,6.8
2026-08-12 14:00:00+00:00,22.1,45,9.6
2026-08-12 15:00:00+00:00,22.6,54,12.8
2026-08-12 16:00:00+00:00,25.8,44,12.6
2026-08-12 17:00:00+00:00,28.0,37,12.0
2026-08-12 18:00:00+00:00,29.1,35,12.1
2026-08-12 19:00:00+00:00,29.8,33,11.8
2026-08-12 20:00:00+00:00,30.8,29,10.7
2026-08-12 21:00:00+00:00,26.6,57,17.4
2026-08-12 22:00:00+00:00,28.4,40,13.5
2026-08-12 23:00:00+00:00,25.6,50,14.4
2026-08-13 00:00:00+00:00,26.0,44,12.8
2026-08-13 01:00:00+00:00,26.2,36,10.0
2026-08-13 02:00:00+00:00,24.3,44,11.3
2026-08-13 03:00:00+00:00,22.7,47,10.8
2026-08-13 04:00:00+00:00,23.2,46,10.9
2026-08-13 05:00:00+00:00,23.4,42,9.7
2026-08-13 06:00:00+00:00,22.0,51,11.4
2026-08-13 07:00:00+00:00,21.5,49,10.3
2026-08-13 08:00:00+00:00,19.8,58,11.3
2026-08-13 09:00:00+00:00,20.7,47,9.0
2026-08-13 10:00:00+00:00,19.9,48,8.6
2026-08-13 11:00:00+00:00,21.4,41,7.6
2026-08-13 12:00:00+00:00,21.2,43,8.1
2026-08-13 13:00:00+00:00,20.2,50,9.4
2026-08-13 14:00:00+00:00,20.6,60,12.5
2026-08-13 15:00:00+00:00,21.6,56,12.5
2026-08-13 16:00:00+00:00,23.4,51,12.7
2026-08-13 17:00:00+00:00,24.2,51,13.4
2026-08-13 18:00:00+00:00,24.1,51,13.3
2026-08-13 19:00:00+00:00,24.8,50,13.7
2026-08-13 20:00:00+00:00,27.9,36,11.4
2026-08-13 21:00:00+00:00,29.0,30,9.7
2026-08-13 22:00:00+00:00,27.7,38,12.1
2026-08-13 23:00:00+00:00,27.6,40,12.8
2026-08-14 00:00:00+00:00,27.4,42,13.3
2026-08-14 01:00:00+00:00,21.3,59,13.0
2026-08-14 02:00:00+00:00,16.7,91,15.2
2026-08-14 03:00:00+00:00,17.6,81,14.3
2026-08-14 04:00:00+00:00,16.3,91,14.8
2026-08-14 05:00:00+00:00,16.7,83,13.8
2026-08-14 06:00:00+00:00,17.4,79,13.7
2026-08-14 07:00:00+00:00,16.8,65,10.2
2026-08-14 08:00:00+00:00,16.7,63,9.6
2026-08-14 09:00:00+00:00,16.6,67,10.4
2026-08-14 10:00:00+00:00,16.8,65,10.2
2026-08-14 11:00:00+00:00,16.9,60,9.1
2026-08-14 12:00:00+00:00,16.2,65,9.6
2026-08-14 13:00:00+00:00,16.8,58,8.5
2026-08-14 14:00:00+00:00,17.6,63,10.4
2026-08-14 15:00:00+00:00,18.4,75,13.9
2026-08-14 16:00:00+00:00,20.1,72,14.9
2026-08-14 17:00:00+00:00,21.5,69,15.6
2026-08-14 18:00:00+00:00,23.3,56,14.0
2026-08-14 19:00:00+00:00,25.4,44,12.2
2026-08-14 20:00:00+00:00,26.1,44,12.9
2026-08-14 21:00:00+00:00,20.2,83,17.2
2026-08-14 22:00:00+00:00,18.6,71,13.3
2026-08-14 23:00:00+00:00,20.7,64,13.6
2026-08-15 00:00:00+00:00,21.7,56,12.5
2026-08-15 01:00:00+00:00,21.7,50,10.8
2026-08-15 02:00:00+00:00,20.2,55,10.9
2026-08-15 03:00:00+00:00,19.9,45,7.6
2026-08-15 04:00:00+00:00,19.1,47,7.5
2026-08-15 05:00:00+00:00,18.6,49,7.7
2026-08-15 06:00:00+00:00,18.5,48,7.3
2026-08-15 07:00:00+00:00,17.8,48,6.7
2026-08-15 08:00:00+00:00,17.5,47,6.1
2026-08-15 09:00:00+00:00,17.4,48,6.3
2026-08-15 10:00:00+00:00,16.7,48,5.6
2026-08-15 11:00:00+00:00,15.6,52,5.7
2026-08-15 12:00:00+00:00,15.4,52,5.6
2026-08-15 13:00:00+00:00,14.6,56,5.9
2026-08-15 14:00:00+00:00,16.5,55,7.4
2026-08-15 15:00:00+00:00,18.1,70,12.5
2026-08-15 16:00:00+00:00,20.3,60,12.3
2026-08-15 17:00:00+00:00,22.9,45,10.3
2026-08-15 18:00:00+00:00,24.9,37,9.2
2026-08-15 19:00:00+00:00,26.8,32,8.7
2026-08-15 20:00:00+00:00,28.2,27,7.5
2026-08-15 21:00:00+00:00,29.4,24,6.7
2026-08-15 22:00:00+00:00,30.0,21,5.3
2026-08-15 23:00:00+00:00,30.3,20,4.9
2026-08-16 00:00:00+00:00,30.0,21,5.3
2026-08-16 01:00:00+00:00,29.4,19,3.4
2026-08-16 02:00:00+00:00,28.1,19,2.3
2026-08-16 03:00:00+00:00,26.3,18,0.1
2026-08-16 04:00:00+00:00,24.4,21,0.6
2026-08-16 05:00:00+00:00,23.1,22,0.2
2026-08-16 06:00:00+00:00,22.3,20,-1.7
2026-08-16 07:00:00+00:00,22.7,18,-2.8
2026-08-16 08:00:00+00:00,22.5,18,-3.0
2026-08-16 09:00:00+00:00,22.4,22,-0.4
2026-08-16 10:00:00+00:00,19.7,26,-0.3
2026-08-16 11:00:00+00:00,18.5,29,0.1
2026-08-16 12:00:00+00:00,18.7,33,2.1
2026-08-16 13:00:00+00:00,19.1,35,3.3
2026-08-16 14:00:00+00:00,20.5,33,3.6
2026-08-16 15:00:00+00:00,22.6,39,7.9
2026-08-16 16:00:00+00:00,24.5,39,9.7
2026-08-16 17:00:00+00:00,27.6,31,9.0
2026-08-16 18:00:00+00:00,29.1,27,8.2
2026-08-16 19:00:00+00:00,30.7,22,6.5
2026-08-16 20:00:00+00:00,31.8,19,5.3
2026-08-16 21:00:00+00:00,32.5,16,3.4
2026-08-16 22:00:00+00:00,32.9,16,3.7
2026-08-16 23:00:00+00:00,33.1,15,3.0
2026-08-17 00:00:00+00:00,32.6,15,2.6
2026-08-17 01:00:00+00:00,31.9,14,1.1
2026-08-17 02:00:00+00:00,30.5,14,0.0
2026-08-17 03:00:00+00:00,27.6,15,-1.4
2026-08-17 04:00:00+00:00,26.2,17,-0.8
2026-08-17 05:00:00+00:00,25.0,18,-1.0
2026-08-17 06:00:00+00:00,24.0,19,-1.1
2026-08-17 07:00:00+00:00,23.2,22,0.3
2026-08-17 08:00:00+00:00,22.9,19,-1.9
2026-08-17 09:00:00+00:00,23.5,20,-0.8
2026-08-17 10:00:00+00:00,18.8,32,1.7
2026-08-17 11:00:00+00:00,17.7,41,4.3
2026-08-17 12:00:00+00:00,21.0,26,0.7
2026-08-17 13:00:00+00:00,19.5,28,0.5
2026-08-17 14:00:00+00:00,19.5,33,2.8
2026-08-17 15:00:00+00:00,25.2,25,3.7
2026-08-17 16:00:00+00:00,26.9,28,6.9
2026-08-17 17:00:00+00:00,29.6,24,6.9
2026-08-17 18:00:00+00:00,32.0,19,5.5
2026-08-17 19:00:00+00:00,33.1,18,5.6
2026-08-17 20:00:00+00:00,34.2,17,5.7
2026-08-17 21:00:00+00:00,34.7,16,5.2
2026-08-17 22:00:00+00:00,34.9,16,5.4
2026-08-17 23:00:00+00:00,34.9,15,4.5
2026-08-18 00:00:00+00:00,35.0,13,2.5
2026-08-18 01:00:00+00:00,34.0,13,1.7
2026-08-18 02:00:00+00:00,32.7,15,2.7
2026-08-18 03:00:00+00:00,29.9,16,1.3
2026-08-18 04:00:00+00:00,27.9,18,1.4
2026-08-18 05:00:00+00:00,27.8,18,1.3
2026-08-18 06:00:00+00:00,27.8,16,-0.3
2026-08-18 07:00:00+00:00,27.4,19,1.8
2026-08-18 08:00:00+00:00,27.8,21,3.4
2026-08-18 09:00:00+00:00,23.2,41,9.2
2026-08-18 10:00:00+00:00,24.8,25,3.4
2026-08-18 11:00:00+00:00,23.5,28,4.0
2026-08-18 12:00:00+00:00,22.8,34,6.1
2026-08-18 13:00:00+00:00,21.7,35,5.6
2026-08-18 14:00:00+00:00,24.7,31,6.4
2026-08-18 15:00:00+00:00,26.4,30,7.4
2026-08-18 16:00:00+00:00,29.3,25,7.2
2026-08-18 17:00:00+00:00,30.7,21,5.9
2026-08-18 18:00:00+00:00,32.6,21,7.4
2026-08-18 19:00:00+00:00,34.1,19,7.2
2026-08-18 20:00:00+00:00,35.6,18,7.6
2026-08-18 21:00:00+00:00,35.1,19,8.0
2026-08-18 22:00:00+00:00,35.9,17,7.1
2026-08-18 23:00:00+00:00,35.7,16,6.0
2026-08-19 00:00:00+00:00,34.6,18,6.8
2026-08-19 01:00:00+00:00,33.8,20,7.7
2026-08-19 02:00:00+00:00,32.7,19,6.0
2026-08-19 03:00:00+00:00,29.8,23,6.5
2026-08-19 04:00:00+00:00,28.3,21,3.9
2026-08-19 05:00:00+00:00,24.1,43,10.7
2026-08-19 06:00:00+00:00,23.8,38,8.6
2026-08-19 07:00:00+00:00,24.4,33,7.1
2026-08-19 08:00:00+00:00,24.8,32,7.0
2026-08-19 09:00:00+00:00,23.8,32,6.1
2026-08-19 10:00:00+00:00,23.3,29,4.3
2026-08-19 11:00:00+00:00,23.2,30,4.7
2026-08-19 12:00:00+00:00,23.7,25,2.5
2026-08-19 13:00:00+00:00,23.1,29,4.1
2026-08-19 14:00:00+00:00,23.6,38,8.4
2026-08-19 15:00:00+00:00,26.5,35,9.8
2026-08-19 16:00:00+00:00,29.4,27,8.4
2026-08-19 17:00:00+00:00,31.1,25,8.8
2026-08-19 18:00:00+00:00,32.6,22,8.1
2026-08-19 19:00:00+00:00,34.4,20,8.2
2026-08-19 20:00:00+00:00,34.9,18,7.1
2026-08-19 21:00:00+00:00,35.8,18,7.8
2026-08-19 22:00:00+00:00,36.2,16,6.4
2026-08-19 23:00:00+00:00,36.3,16,6.5
2026-08-20 00:00:00+00:00,35.8,17,7.0
2026-08-20 01:00:00+00:00,34.9,18,7.1
2026-08-20 02:00:00+00:00,32.5,20,6.6
2026-08-20 03:00:00+00:00,30.0,23,6.6
2026-08-20 04:00:00+00:00,29.4,21,4.8
2026-08-20 05:00:00+00:00,28.0,25,6.2
2026-08-20 06:00:00+00:00,26.3,26,5.2
2026-08-20 07:00:00+00:00,26.4,23,3.6
2026-08-20 08:00:00+00:00,24.3,28,4.6
2026-08-20 09:00:00+00:00,24.3,29,5.1
2026-08-20 10:00:00+00:00,24.3,24,2.5
2026-08-20 11:00:00+00:00,23.7,26,3.1
2026-08-20 12:00:00+00:00,23.4,28,3.9
2026-08-20 13:00:00+00:00,22.7,30,4.2
2026-08-20 14:00:00+00:00,25.2,23,2.6
2026-08-20 15:00:00+00:00,28.8,23,5.6
2026-08-20 16:00:00+00:00,31.6,22,7.3
2026-08-20 17:00:00+00:00,32.9,21,7.7
2026-08-20 18:00:00+00:00,34.8,19,7.8
2026-08-20 19:00:00+00:00,36.1,19,8.9
2026-08-20 20:00:00+00:00,37.2,16,7.2
2026-08-20 21:00:00+00:00,38.0,14,5.9
2026-08-20 22:00:00+00:00,38.3,13,5.1
2026-08-20 23:00:00+00:00,37.9,13,4.7
2026-08-21 00:00:00+00:00,37.8,14,5.7
2026-08-21 01:00:00+00:00,37.1,14,5.2
2026-08-21 02:00:00+00:00,34.8,17,6.2
2026-08-21 03:00:00+00:00,35.1,14,3.6
2026-08-21 04:00:00+00:00,30.8,23,7.3
2026-08-21 05:00:00+00:00,31.4,15,1.7
2026-08-21 06:00:00+00:00,28.9,21,4.4
2026-08-21 07:00:00+00:00,28.9,19,2.9
2026-08-21 08:00:00+00:00,26.7,27,6.2
2026-08-21 09:00:00+00:00,27.4,22,3.8
2026-08-21 10:00:00+00:00,27.7,23,4.7
2026-08-21 11:00:00+00:00,26.9,26,5.8
2026-08-21 12:00:00+00:00,26.7,25,5.0
2026-08-21 13:00:00+00:00,25.4,30,6.5
2026-08-21 14:00:00+00:00,26.9,27,6.3
2026-08-21 15:00:00+00:00,28.5,28,8.2
2026-08-21 16:00:00+00:00,30.2,26,8.6
2026-08-21 17:00:00+00:00,32.2,22,7.8
2026-08-21 18:00:00+00:00,33.4,22,8.8
2026-08-21 19:00:00+00:00,34.6,21,9.1
2026-08-21 20:00:00+00:00,36.0,19,8.8
2026-08-21 21:00:00+00:00,35.5,19,8.4
2026-08-21 22:00:00+00:00,35.5,17,6.7
2026-08-21 23:00:00+00:00,33.9,24,10.5
2026-08-22 00:00:00+00:00,35.2,17,6.5
2026-08-22 01:00:00+00:00,31.3,23,7.7
2026-08-22 02:00:00+00:00,30.4,24,7.5
2026-08-22 03:00:00+00:00,30.6,22,6.5
2026-08-22 04:00:00+00:00,29.7,26,8.2
2026-08-22 05:00:00+00:00,25.3,50,14.1
2026-08-22 06:00:00+00:00,25.9,40,11.2
2026-08-22 07:00:00+00:00,25.4,37,9.7
2026-08-22 08:00:00+00:00,24.7,43,11.3
2026-08-22 09:00:00+00:00,24.0,47,12.0
2026-08-22 10:00:00+00:00,22.8,52,12.4
2026-08-22 11:00:00+00:00,22.6,48,11.0
2026-08-22 12:00:00+00:00,23.2,46,10.9
2026-08-22 13:00:00+00:00,22.9,49,11.6
2026-08-22 14:00:00+00:00,21.9,66,15.2
2026-08-22 15:00:00+00:00,24.1,58,15.3
2026-08-22 16:00:00+00:00,27.2,45,14.2
2026-08-22 17:00:00+00:00,28.8,44,15.3
2026-08-22 18:00:00+00:00,31.3,34,13.5
2026-08-22 19:00:00+00:00,33.0,29,12.6
2026-08-22 20:00:00+00:00,34.4,24,10.9
2026-08-22 21:00:00+00:00,34.7,23,10.5
2026-08-22 22:00:00+00:00,35.4,22,10.4
2026-08-22 23:00:00+00:00,35.4,19,8.2
2026-08-23 00:00:00+00:00,35.3,15,4.8
2026-08-23 01:00:00+00:00,32.2,24,9.1
2026-08-23 02:00:00+00:00,30.4,23,7.0
2026-08-23 03:00:00+00:00,28.7,24,6.1
2026-08-23 04:00:00+00:00,27.2,33,9.5
2026-08-23 05:00:00+00:00,26.0,41,11.7
2026-08-23 06:00:00+00:00,26.1,38,10.7
2026-08-23 07:00:00+00:00,23.2,55,13.7
2026-08-23 08:00:00+00:00,23.2,51,12.5
2026-08-23 09:00:00+00:00,22.3,48,10.8
2026-08-23 10:00:00+00:00,21.2,52,10.9
2026-08-23 11:00:00+00:00,20.3,60,12.3
2026-08-23 12:00:00+00:00,21.6,47,9.8
2026-08-23 13:00:00+00:00,18.8,69,13.0
2026-08-23 14:00:00+00:00,20.9,62,13.3
2026-08-23 15:00:00+00:00,22.4,53,12.4
2026-08-23 16:00:00+00:00,25.2,45,12.4
2026-08-23 17:00:00+00:00,28.2,38,12.5
2026-08-23 18:00:00+00:00,30.6,31,11.6
2026-08-23 19:00:00+00:00,32.0,30,12.3
2026-08-23 20:00:00+00:00,33.3,27,11.8
2026-08-23 21:00:00+00:00,35.1,22,10.2
2026-08-23 22:00:00+00:00,36.5,15,5.7
2026-08-23 23:00:00+00:00,35.2,18,7.3
2026-08-24 00:00:00+00:00,34.9,18,7.0
2026-08-24 01:00:00+00:00,34.6,16,5.1
2026-08-24 02:00:00+00:00,32.3,20,6.5
2026-08-24 03:00:00+00:00,28.6,29,8.8
2026-08-24 04:00:00+00:00,29.4,17,1.8
2026-08-24 05:00:00+00:00,28.1,19,2.3
2026-08-24 06:00:00+00:00,27.2,29,7.6
2026-08-24 07:00:00+00:00,26.8,27,6.2
2026-08-24 08:00:00+00:00,25.6,24,3.5
2026-08-24 09:00:00+00:00,23.4,35,7.0
2026-08-24 10:00:00+00:00,23.3,34,6.5
2026-08-24 11:00:00+00:00,24.2,26,3.5
2026-08-24 12:00:00+00:00,21.7,36,5.9
2026-08-24 13:00:00+00:00,22.1,30,3.7
2026-08-24 14:00:00+00:00,24.1,29,5.0
2026-08-24 15:00:00+00:00,25.6,35,9.0
2026-08-24 16:00:00+00:00,26.4,41,12.1
2026-08-24 17:00:00+00:00,29.7,31,10.8
2026-08-24 18:00:00+00:00,31.7,23,8.0
2026-08-24 19:00:00+00:00,32.7,23,8.8
2026-08-24 20:00:00+00:00,33.9,21,8.5
2026-08-24 21:00:00+00:00,35.3,16,5.7
2026-08-24 22:00:00+00:00,34.7,17,6.1
2026-08-24 23:00:00+00:00,33.1,19,6.4
2026-08-25 00:00:00+00:00,31.3,20,5.6
2026-08-25 01:00:00+00:00,31.2,22,7.0
2026-08-25 02:00:00+00:00,30.6,19,4.3
2026-08-25 03:00:00+00:00,28.2,27,7.4
2026-08-25 04:00:00+00:00,26.3,33,8.8
2026-08-25 05:00:00+00:00,26.7,30,7.7
2026-08-25 06:00:00+00:00,25.9,25,4.4
2026-08-25 07:00:00+00:00,25.2,30,6.4
2026-08-25 08:00:00+00:00,25.3,26,4.4
2026-08-25 09:00:00+00:00,23.4,29,4.3
2026-08-25 10:00:00+00:00,21.8,35,5.7
2026-08-25 11:00:00+00:00,20.9,37,5.7
2026-08-25 12:00:00+00:00,21.1,33,4.2
2026-08-25 13:00:00+00:00,21.0,32,3.7
2026-08-25 14:00:00+00:00,22.0,36,6.2
2026-08-25 15:00:00+00:00,24.0,45,11.3
2026-08-25 16:00:00+00:00,27.0,33,9.4
2026-08-25 17:00:00+00:00,30.2,26,8.6
2026-08-25 18:00:00+00:00,31.5,25,9.1
2026-08-25 19:00:00+00:00,32.4,22,8.0
2026-08-25 20:00:00+00:00,33.4,20,7.4
2026-08-25 21:00:00+00:00,34.3,17,5.7
2026-08-25 22:00:00+00:00,34.4,16,5.0
2026-08-25 23:00:00+00:00,34.6,16,5.1
2026-08-26 00:00:00+00:00,33.3,19,6.6
2026-08-26 01:00:00+00:00,32.8,20,6.9
2026-08-26 02:00:00+00:00,29.5,22,5.6
2026-08-26 03:00:00+00:00,28.9,18,2.2
2026-08-26 04:00:00+00:00,27.1,20,2.2
2026-08-26 05:00:00+00:00,24.9,28,5.1
2026-08-26 06:00:00+00:00,23.0,43,9.7
2026-08-26 07:00:00+00:00,22.2,44,9.4
2026-08-26 08:00:00+00:00,22.9,36,7.1
2026-08-26 09:00:00+00:00,21.9,34,5.3
2026-08-26 10:00:00+00:00,21.3,34,4.8
2026-08-26 11:00:00+00:00,21.3,32,4.0
2026-08-26 12:00:00+00:00,21.2,45,8.8
2026-08-26 13:00:00+00:00,23.9,27,3.8
2026-08-26 14:00:00+00:00,24.1,27,3.9
2026-08-26 15:00:00+00:00,25.3,37,9.5
2026-08-26 16:00:00+00:00,27.3,37,11.3
2026-08-26 17:00:00+00:00,30.0,26,8.4
2026-08-26 18:00:00+00:00,32.1,23,8.3
2026-08-26 19:00:00+00:00,34.3,20,8.1
2026-08-26 20:00:00+00:00,34.5,17,5.9
2026-08-26 21:00:00+00:00,34.0,15,3.7
2026-08-26 22:00:00+00:00,33.3,17,5.0
2026-08-26 23:00:00+00:00,35.1,15,4.6
2026-08-27 00:00:00+00:00,32.7,18,5.3
2026-08-27 01:00:00+00:00,33.3,15,3.2
2026-08-27 02:00:00+00:00,29.5,19,3.5
2026-08-27 03:00:00+00:00,28.1,26,6.8
2026-08-27 04:00:00+00:00,27.1,24,4.8
2026-08-27 05:00:00+00:00,26.1,25,4.6
2026-08-27 06:00:00+00:00,24.3,33,7.0
2026-08-27 07:00:00+00:00,26.3,26,5.2
2026-08-27 08:00:00+00:00,25.8,25,4.3
2026-08-27 09:00:00+00:00,25.1,23,2.5
2026-08-27 10:00:00+00:00,24.8,22,1.7
2026-08-27 11:00:00+00:00,23.8,25,2.6
2026-08-27 12:00:00+00:00,21.5,30,3.2
2026-08-27 13:00:00+00:00,21.8,27,2.0
2026-08-27 14:00:00+00:00,22.6,37,7.1
2026-08-27 15:00:00+00:00,25.7,37,9.9
2026-08-27 16:00:00+00:00,29.1,26,7.7
2026-08-27 17:00:00+00:00,31.8,20,6.1
2026-08-27 18:00:00+00:00,33.1,20,7.1
2026-08-27 19:00:00+00:00,34.9,18,7.1
2026-08-27 20:00:00+00:00,35.2,14,3.7
2026-08-27 21:00:00+00:00,35.6,14,4.0
2026-08-27 22:00:00+00:00,28.9,35,11.9
2026-08-27 23:00:00+00:00,29.8,25,7.7
2026-08-28 00:00:00+00:00,25.7,45,12.9
2026-08-28 01:00:00+00:00,28.7,33,10.9
2026-08-28 02:00:00+00:00,26.9,30,7.9
2026-08-28 03:00:00+00:00,25.6,31,7.2
2026-08-28 04:00:00+00:00,26.7,20,1.9
2026-08-28 05:00:00+00:00,25.5,29,6.1
2026-08-28 06:00:00+00:00,24.4,36,8.3
2026-08-28 07:00:00+00:00,24.4,33,7.1
2026-08-28 08:00:00+00:00,24.1,28,4.4
2026-08-28 09:00:00+00:00,23.1,36,7.2
2026-08-28 10:00:00+00:00,22.7,37,7.2
2026-08-28 11:00:00+00:00,22.8,33,5.7
2026-08-28 12:00:00+00:00,21.7,41,7.9
2026-08-28 13:00:00+00:00,20.0,50,9.2
2026-08-28 14:00:00+00:00,22.0,47,10.1
2026-08-28 15:00:00+00:00,24.1,40,9.7
2026-08-28 16:00:00+00:00,25.8,43,12.2
2026-08-28 17:00:00+00:00,27.1,35,10.3
2026-08-28 18:00:00+00:00,25.7,33,8.2
2026-08-28 19:00:00+00:00,29.8,33,11.8
2026-08-28 20:00:00+00:00,31.4,28,10.7
2026-08-28 21:00:00+00:00,31.6,27,10.3
2026-08-28 22:00:00+00:00,32.3,26,10.4
2026-08-28 23:00:00+00:00,22.8,65,15.8
2026-08-29 00:00:00+00:00,25.2,46,12.8
2026-08-29 01:00:00+00:00,27.4,32,9.2
2026-08-29 02:00:00+00:00,25.7,31,7.3
2026-08-29 03:00:00+00:00,24.7,39,9.8
2026-08-29 04:00:00+00:00,23.0,51,12.3
2026-08-29 05:00:00+00:00,20.3,61,12.6
2026-08-29 06:00:00+00:00,20.8,69,14.9
2026-08-29 07:00:00+00:00,18.8,79,15.1
2026-08-29 08:00:00+00:00,18.3,82,15.2
2026-08-29 09:00:00+00:00,17.6,80,14.1
2026-08-29 10:00:00+00:00,18.4,64,11.4
2026-08-29 11:00:00+00:00,16.7,79,13.0
2026-08-29 12:00:00+00:00,18.2,65,11.5
2026-08-29 13:00:00+00:00,16.9,72,11.8
2026-08-29 14:00:00+00:00,18.5,73,13.6
2026-08-29 15:00:00+00:00,19.6,74,14.9
2026-08-29 16:00:00+00:00,20.8,73,15.8
2026-08-29 17:00:00+00:00,21.4,67,15.0
2026-08-29 18:00:00+00:00,22.4,68,16.2
2026-08-29 19:00:00+00:00,23.6,66,16.8
2026-08-29 20:00:00+00:00,25.1,60,16.8
2026-08-29 21:00:00+00:00,25.7,52,15.1
2026-08-29 22:00:00+00:00,27.4,42,13.3
2026-08-29 23:00:00+00:00,24.6,52,14.1
2026-08-30 00:00:00+00:00,21.5,64,14.4
2026-08-30 01:00:00+00:00,21.6,63,14.2
2026-08-30 02:00:00+00:00,20.5,64,13.4
2026-08-30 03:00:00+00:00,19.0,74,14.2
2026-08-30 04:00:00+00:00,19.3,76,15.0
2026-08-30 05:00:00+00:00,19.4,63,12.2
2026-08-30 06:00:00+00:00,18.1,68,12.1
2026-08-30 07:00:00+00:00,17.8,72,12.7
2026-08-30 08:00:00+00:00,18.2,62,10.8
2026-08-30 09:00:00+00:00,18.6,51,8.2
2026-08-30 10:00:00+00:00,17.3,65,10.7
2026-08-30 11:00:00+00:00,17.0,64,10.1
2026-08-30 12:00:00+00:00,16.8,63,9.7
2026-08-30 13:00:00+00:00,17.3,67,11.1
2026-08-30 14:00:00+00:00,17.4,73,12.5
2026-08-30 15:00:00+00:00,17.6,84,14.8
2026-08-30 16:00:00+00:00,18.9,77,14.8
2026-08-30 17:00:00+00:00,20.6,73,15.6
2026-08-30 18:00:00+00:00,23.9,55,14.3
2026-08-30 19:00:00+00:00,25.7,46,13.2
2026-08-30 20:00:00+00:00,25.6,49,14.1
2026-08-30 21:00:00+00:00,26.4,42,12.4
2026-08-30 22:00:00+00:00,27.9,33,10.1
2026-08-30 23:00:00+00:00,22.7,61,14.8
2026-08-31 00:00:00+00:00,23.0,56,13.7
2026-08-31 01:00:00+00:00,24.4,33,7.1
2026-08-31 02:00:00+00:00,21.0,56,11.9
2026-08-31 03:00:00+00:00,18.8,58,10.3
2026-08-31 04:00:00+00:00,18.9,47,7.4
2026-08-31 05:00:00+00:00,18.1,46,6.3
2026-08-31 06:00:00+00:00,17.9,45,5.8
2026-08-31 07:00:00+00:00,17.8,39,3.7
2026-08-31 08:00:00+00:00,17.1,40,3.4
2026-08-31 09:00:00+00:00,16.6,42,3.6
2026-08-31 10:00:00+00:00,15.3,56,6.5
2026-08-31 11:00:00+00:00,15.7,50,5.3
2026-08-31 12:00:00+00:00,16.6,44,4.3
2026-08-31 13:00:00+00:00,15.6,52,5.8
2026-08-31 14:00:00+00:00,16.7,54,7.3
2026-08-31 15:00:00+00:00,18.6,63,11.4
2026-08-31 16:00:00+00:00,22.2,54,12.4
2026-08-31 17:00:00+00:00,24.0,49,12.6
2026-08-31 18:00:00+00:00,24.6,51,13.8
2026-08-31 19:00:00+00:00,27.5,37,11.5
2026-08-31 20:00:00+00:00,28.2,36,11.7
2026-08-31 21:00:00+00:00,29.4,26,7.9
2026-08-31 22:00:00+00:00,26.2,37,10.4
2026-08-31 23:00:00+00:00,20.5,66,13.9
2026-09-01 00:00:00+00:00,18.3,64,11.4
2026-09-01 01:00:00+00:00,17.3,68,11.4
2026-09-01 02:00:00+00:00,16.8,66,10.4
2026-09-01 03:00:00+00:00,16.5,61,8.9
2026-09-01 04:00:00+00:00,16.3,66,9.9
2026-09-01 05:00:00+00:00,16.3,58,8.0
2026-09-01 06:00:00+00:00,15.6,65,9.1
2026-09-01 07:00:00+00:00,15.7,60,7.9
2026-09-01 08:00:00+00:00,16.0,56,7.2
2026-09-01 09:00:00+00:00,15.7,55,6.7
2026-09-01 10:00:00+00:00,15.3,54,6.1
2026-09-01 11:00:00+00:00,15.1,58,6.9
2026-09-01 12:00:00+00:00,13.2,77,9.2
2026-09-01 13:00:00+00:00,13.4,73,8.6
2026-09-01 14:00:00+00:00,13.3,93,12.2
2026-09-01 15:00:00+00:00,15.6,89,13.8
2026-09-01 16:00:00+00:00,18.1,75,13.6
2026-09-01 17:00:00+00:00,19.6,67,13.3
2026-09-01 18:00:00+00:00,22.5,48,10.9
2026-09-01 19:00:00+00:00,24.9,46,12.5
2026-09-01 20:00:00+00:00,25.8,39,10.8
2026-09-01 21:00:00+00:00,26.6,34,9.4
2026-09-01 22:00:00+00:00,26.8,34,9.6
2026-09-01 23:00:00+00:00,26.5,39,11.4
2026-09-02 00:00:00+00:00,27.9,28,7.7
2026-09-02 01:00:00+00:00,27.2,27,6.6
2026-09-02 02:00:00+00:00,23.6,41,9.6
2026-09-02 03:00:00+00:00,24.2,33,6.9
2026-09-02 04:00:00+00:00,24.3,28,4.6
2026-09-02 05:00:00+00:00,23.6,32,5.9
2026-09-02 06:00:00+00:00,23.6,30,5.0
2026-09-02 07:00:00+00:00,22.7,30,4.2
2026-09-02 08:00:00+00:00,22.2,32,4.7
2026-09-02 09:00:00+00:00,22.0,31,4.1
2026-09-02 10:00:00+00:00,20.4,37,5.2
2026-09-02 11:00:00+00:00,21.5,36,5.8
2026-09-02 12:00:00+00:00,20.4,43,7.4
2026-09-02 13:00:00+00:00,20.5,38,5.7
2026-09-02 14:00:00+00:00,22.0,33,5.0
2026-09-02 15:00:00+00:00,23.9,32,6.2
2026-09-02 16:00:00+00:00,24.0,38,8.8
2026-09-02 17:00:00+00:00,25.6,34,8.5
2026-09-02 18:00:00+00:00,26.2,32,8.2
2026-09-02 19:00:00+00:00,27.7,24,5.3
2026-09-02 20:00:00+00:00,28.5,20,3.4
2026-09-02 21:00:00+00:00,29.8,17,2.1
2026-09-02 22:00:00+00:00,29.5,15,0.2
2026-09-02 23:00:00+00:00,29.1,12,-3.2
2026-09-03 00:00:00+00:00,28.3,9,-7.6
2026-09-03 01:00:00+00:00,27.5,9,-8.2
2026-09-03 02:00:00+00:00,25.1,9,-10.0
2026-09-03 03:00:00+00:00,25.1,7,-13.2
2026-09-03 04:00:00+00:00,23.9,8,-12.4
2026-09-03 05:00:00+00:00,22.8,9,-11.7
2026-09-03 06:00:00+00:00,21.9,11,-9.9
2026-09-03 07:00:00+00:00,20.9,11,-10.7
2026-09-03 08:00:00+00:00,20.2,12,-10.1
2026-09-03 09:00:00+00:00,19.3,15,-8.0
2026-09-03 10:00:00+00:00,19.1,14,-9.0
2026-09-03 11:00:00+00:00,17.3,17,-8.0
2026-09-03 12:00:00+00:00,18.1,12,-11.8
2026-09-03 13:00:00+00:00,17.0,14,-10.7
2026-09-03 14:00:00+00:00,18.5,16,-7.8
2026-09-03 15:00:00+00:00,21.2,17,-4.9
2026-09-03 16:00:00+00:00,23.4,15,-4.7
2026-09-03 17:00:00+00:00,25.3,16,-2.4
2026-09-03 18:00:00+00:00,26.3,17,-0.7
2026-09-03 19:00:00+00:00,27.4,15,-1.5
2026-09-03 20:00:00+00:00,28.5,12,-3.7
2026-09-03 21:00:00+00:00,29.8,9,-6.5
2026-09-03 22:00:00+00:00,30.2,9,-6.2
2026-09-03 23:00:00+00:00,29.9,12,-2.6
2026-09-04 00:00:00+00:00,29.6,13,-1.7
2026-09-04 01:00:00+00:00,28.5,14,-1.6
2026-09-04 02:00:00+00:00,26.0,16,-1.8
2026-09-04 03:00:00+00:00,24.2,18,-1.6
2026-09-04 04:00:00+00:00,24.4,13,-5.8
2026-09-04 05:00:00+00:00,24.1,13,-6.0
2026-09-04 06:00:00+00:00,23.6,12,-7.5
2026-09-04 07:00:00+00:00,23.1,13,-6.8
2026-09-04 08:00:00+00:00,22.6,12,-8.3
2026-09-04 09:00:00+00:00,21.7,14,-7.0
2026-09-04 10:00:00+00:00,21.1,13,-8.4
2026-09-04 11:00:00+00:00,20.8,11,-10.8
2026-09-04 12:00:00+00:00,20.3,14,-8.1
2026-09-04 13:00:00+00:00,20.2,13,-9.1
2026-09-04 14:00:00+00:00,22.1,20,-1.9
2026-09-04 15:00:00+00:00,23.9,22,0.9
2026-09-04 16:00:00+00:00,25.5,20,0.9
2026-09-04 17:00:00+00:00,26.3,23,3.5
2026-09-04 18:00:00+00:00,27.4,21,3.1
2026-09-04 19:00:00+00:00,29.0,16,0.6
2026-09-04 20:00:00+00:00,30.5,11,-3.3
2026-09-04 21:00:00+00:00,31.2,13,-0.5
2026-09-04 22:00:00+00:00,31.2,15,1.5
2026-09-04 23:00:00+00:00,31.3,15,1.6
2026-09-05 00:00:00+00:00,30.9,15,1.3
2026-09-05 01:00:00+00:00,29.9,18,3.0
2026-09-05 02:00:00+00:00,27.0,22,3.4
2026-09-05 03:00:00+00:00,25.5,23,2.8
2026-09-05 04:00:00+00:00,24.8,22,1.7
2026-09-05 05:00:00+00:00,24.6,24,2.7
2026-09-05 06:00:00+00:00,24.8,19,-0.4
2026-09-05 07:00:00+00:00,23.9,23,1.5
2026-09-05 08:00:00+00:00,23.6,21,-0.0
2026-09-05 09:00:00+00:00,23.2,16,-4.0
2026-09-05 10:00:00+00:00,21.8,21,-1.5
2026-09-05 11:00:00+00:00,20.8,24,-0.5
2026-09-05 12:00:00+00:00,20.4,26,0.2
2026-09-05 13:00:00+00:00,20.2,24,-1.1
2026-09-05 14:00:00+00:00,21.5,21,-1.7
2026-09-05 15:00:00+00:00,24.1,19,-1.0
2026-09-05 16:00:00+00:00,25.5,22,2.2
2026-09-05 17:00:00+00:00,26.8,18,0.5
2026-09-05 18:00:00+00:00,28.0,18,1.4
2026-09-05 19:00:00+00:00,29.0,18,2.3
2026-09-05 20:00:00+00:00,29.7,17,2.0
2026-09-05 21:00:00+00:00,30.8,14,0.2
2026-09-05 22:00:00+00:00,30.7,12,-2.0
2026-09-05 23:00:00+00:00,31.5,12,-1.3
2026-09-06 00:00:00+00:00,31.3,12,-1.5
2026-09-06 01:00:00+00:00,30.1,15,0.6
2026-09-06 02:00:00+00:00,26.7,18,0.4
2026-09-06 03:00:00+00:00,25.5,16,-2.2
2026-09-06 04:00:00+00:00,24.6,16,-2.9
2026-09-06 05:00:00+00:00,24.1,16,-3.3
2026-09-06 06:00:00+00:00,23.4,18,-2.3
2026-09-06 07:00:00+00:00,22.8,20,-1.4
2026-09-06 08:00:00+00:00,22.3,21,-1.1
2026-09-06 09:00:00+00:00,22.3,22,-0.5
2026-09-06 10:00:00+00:00,21.1,25,0.3
2026-09-06 11:00:00+00:00,21.2,25,0.4
2026-09-06 12:00:00+00:00,20.3,25,-0.4
2026-09-06 13:00:00+00:00,19.7,30,1.6
2026-09-06 14:00:00+00:00,21.2,29,2.5
2026-09-06 15:00:00+00:00,23.7,29,4.6
2026-09-06 16:00:00+00:00,25.6,25,4.1
2026-09-06 17:00:00+00:00,27.0,24,4.7
2026-09-06 18:00:00+00:00,28.7,19,2.8
2026-09-06 19:00:00+00:00,28.3,25,6.4
2026-09-06 20:00:00+00:00,29.1,26,7.6
2026-09-06 21:00:00+00:00,29.8,23,6.5
2026-09-06 22:00:00+00:00,27.9,26,6.6
2026-09-06 23:00:00+00:00,27.5,25,5.7
2026-09-07 00:00:00+00:00,26.8,28,6.7
2026-09-07 01:00:00+00:00,24.7,39,9.8
2026-09-07 02:00:00+00:00,25.5,31,7.1
2026-09-07 03:00:00+00:00,23.8,37,8.2
2026-09-07 04:00:00+00:00,22.2,48,10.6
2026-09-07 05:00:00+00:00,22.9,38,7.8
2026-09-07 06:00:00+00:00,22.1,37,6.7
2026-09-07 07:00:00+00:00,22.1,41,8.2
2026-09-07 08:00:00+00:00,21.6,40,7.4
2026-09-07 09:00:00+00:00,21.5,42,8.0
2026-09-07 10:00:00+00:00,20.6,46,8.5
2026-09-07 11:00:00+00:00,19.6,46,7.6
2026-09-07 12:00:00+00:00,19.1,49,8.1
2026-09-07 13:00:00+00:00,18.6,51,8.3
2026-09-07 14:00:00+00:00,18.4,56,9.4
2026-09-07 15:00:00+00:00,19.0,54,9.5
2026-09-07 16:00:00+00:00,19.9,54,10.3
2026-09-07 17:00:00+00:00,21.8,51,11.2
2026-09-07 18:00:00+00:00,22.5,46,10.3
2026-09-07 19:00:00+00:00,23.8,41,9.8
2026-09-07 20:00:00+00:00,25.2,37,9.5
2026-09-07 21:00:00+00:00,25.7,34,8.7
2026-09-07 22:00:00+00:00,25.8,35,9.2
2026-09-07 23:00:00+00:00,25.9,34,8.8
2026-09-08 00:00:00+00:00,25.6,30,6.8
2026-09-08 01:00:00+00:00,24.2,28,4.6
2026-09-08 02:00:00+00:00,22.0,29,3.1
2026-09-08 03:00:00+00:00,20.0,32,2.8
2026-09-08 04:00:00+00:00,18.9,34,2.7
2026-09-08 05:00:00+00:00,17.1,44,4.8
2026-09-08 06:00:00+00:00,16.2,45,4.3
2026-09-08 07:00:00+00:00,16.0,39,2.1
2026-09-08 08:00:00+00:00,16.0,40,2.4
2026-09-08 09:00:00+00:00,15.9,38,1.6
2026-09-08 10:00:00+00:00,13.9,44,1.8
2026-09-08 11:00:00+00:00,12.9,51,3.0
2026-09-08 12:00:00+00:00,14.1,45,2.3
2026-09-08 13:00:00+00:00,12.6,46,1.3
2026-09-08 14:00:00+00:00,13.5,49,3.0
2026-09-08 15:00:00+00:00,17.7,43,5.0
2026-09-08 16:00:00+00:00,20.2,42,6.8
2026-09-08 17:00:00+00:00,23.4,32,5.7
2026-09-08 18:00:00+00:00,25.0,27,4.7
2026-09-08 19:00:00+00:00,27.0,24,4.7
2026-09-08 20:00:00+00:00,27.7,25,5.9
2026-09-08 21:00:00+00:00,29.0,18,2.3
2026-09-08 22:00:00+00:00,29.5,19,3.5
2026-09-08 23:00:00+00:00,29.5,21,4.9
2026-09-09 00:00:00+00:00,29.1,21,4.6
2026-09-09 01:00:00+00:00,27.6,22,4.0
2026-09-09 02:00:00+00:00,24.8,22,1.6
2026-09-09 03:00:00+00:00,22.5,25,1.5
2026-09-09 04:00:00+00:00,20.4,29,1.7
2026-09-09 05:00:00+00:00,18.9,30,1.0
2026-09-09 06:00:00+00:00,18.6,24,-2.4
2026-09-09 07:00:00+00:00,17.1,31,-0.2
2026-09-09 08:00:00+00:00,17.5,25,-2.7
2026-09-09 09:00:00+00:00,16.9,24,-3.8
2026-09-09 10:00:00+00:00,12.9,34,-2.6
2026-09-09 11:00:00+00:00,14.8,29,-3.1
2026-09-09 12:00:00+00:00,14.3,40,0.9
2026-09-09 13:00:00+00:00,12.9,38,-1.1
2026-09-09 14:00:00+00:00,13.8,35,-1.4
2026-09-09 15:00:00+00:00,18.0,32,1.0
2026-09-09 16:00:00+00:00,20.0,33,3.2
2026-09-09 17:00:00+00:00,23.5,23,1.1
2026-09-09 18:00:00+00:00,25.1,19,-0.1
2026-09-09 19:00:00+00:00,27.7,16,-0.4
2026-09-09 20:00:00+00:00,29.1,12,-3.2
2026-09-09 21:00:00+00:00,30.7,10,-4.4
2026-09-09 22:00:00+00:00,30.8,11,-3.1
2026-09-09 23:00:00+00:00,30.5,10,-4.6
2026-09-10 00:00:00+00:00,29.5,13,-1.8
2026-09-10 01:00:00+00:00,28.6,14,-1.5
2026-09-10 02:00:00+00:00,25.2,14,-4.2
2026-09-10 03:00:00+00:00,22.7,17,-3.6
2026-09-10 04:00:00+00:00,21.4,17,-4.7
2026-09-10 05:00:00+00:00,20.3,16,-6.3
2026-09-10 06:00:00+00:00,17.4,23,-4.0
2026-09-10 07:00:00+00:00,16.6,23,-4.7
2026-09-10 08:00:00+00:00,16.2,22,-5.6
2026-09-10 09:00:00+00:00,17.1,20,-6.1
2026-09-10 10:00:00+00:00,14.9,24,-5.5
2026-09-10 11:00:00+00:00,16.1,17,-9.0
2026-09-10 12:00:00+00:00,16.0,22,-5.7
2026-09-10 13:00:00+00:00,14.9,27,-4.0
2026-09-10 14:00:00+00:00,15.7,21,-6.6
2026-09-10 15:00:00+00:00,18.2,23,-3.3
2026-09-10 16:00:00+00:00,21.5,19,-3.1
2026-09-10 17:00:00+00:00,24.3,15,-4.0
2026-09-10 18:00:00+00:00,26.1,13,-4.5
2026-09-10 19:00:00+00:00,28.1,12,-4.0
2026-09-10 20:00:00+00:00,30.1,9,-6.3
2026-09-10 21:00:00+00:00,30.8,8,-7.3
2026-09-10 22:00:00+00:00,31.1,9,-5.5
2026-09-10 23:00:00+00:00,31.4,9,-5.3
2026-09-11 00:00:00+00:00,30.6,10,-4.5
2026-09-11 01:00:00+00:00,29.3,11,-4.2
2026-09-11 02:00:00+00:00,25.7,13,-4.8
2026-09-11 03:00:00+00:00,24.6,14,-4.7
2026-09-11 04:00:00+00:00,23.3,11,-8.9
2026-09-11 05:00:00+00:00,21.3,15,-6.4
2026-09-11 06:00:00+00:00,21.7,14,-7.0
2026-09-11 07:00:00+00:00,21.0,13,-8.5
2026-09-11 08:00:00+00:00,20.8,16,-6.0
2026-09-11 09:00:00+00:00,20.2,15,-7.3
2026-09-11 10:00:00+00:00,19.7,17,-6.0
2026-09-11 11:00:00+00:00,20.5,32,3.3
2026-09-11 12:00:00+00:00,20.7,30,2.5
2026-09-11 13:00:00+00:00,21.4,36,5.7
2026-09-11 14:00:00+00:00,20.7,32,3.4
2026-09-11 15:00:00+00:00,22.2,34,5.6
2026-09-11 16:00:00+00:00,25.2,29,5.9
2026-09-11 17:00:00+00:00,25.7,31,7.3
2026-09-11 18:00:00+00:00,27.9,29,8.2
2026-09-11 19:00:00+00:00,29.7,24,7.0
2026-09-11 20:00:00+00:00,30.9,21,6.0
2026-09-11 21:00:00+00:00,31.7,19,5.3
2026-09-11 22:00:00+00:00,31.4,17,3.4
2026-09-11 23:00:00+00:00,31.8,14,1.0
2026-09-12 00:00:00+00:00,31.2,16,2.4
2026-09-12 01:00:00+00:00,29.9,18,3.0
2026-09-12 02:00:00+00:00,27.1,18,0.8
2026-09-12 03:00:00+00:00,25.6,22,2.3
2026-09-12 04:00:00+00:00,25.5,19,0.2
2026-09-12 05:00:00+00:00,24.7,16,-2.8
2026-09-12 06:00:00+00:00,22.9,18,-2.7
2026-09-12 07:00:00+00:00,21.2,21,-2.0
2026-09-12 08:00:00+00:00,20.9,21,-2.3
2026-09-12 09:00:00+00:00,20.2,24,-1.1
2026-09-12 10:00:00+00:00,18.7,23,-2.9
2026-09-12 11:00:00+00:00,17.5,34,1.4
2026-09-12 12:00:00+00:00,14.6,49,4.0
2026-09-12 13:00:00+00:00,18.3,32,1.3
2026-09-12 14:00:00+00:00,18.0,30,0.1
2026-09-12 15:00:00+00:00,21.8,33,4.8
2026-09-12 16:00:00+00:00,24.8,29,5.5
2026-09-12 17:00:00+00:00,27.5,32,9.3
2026-09-12 18:00:00+00:00,29.2,27,8.3
2026-09-12 19:00:00+00:00,31.3,21,6.3
2026-09-12 20:00:00+00:00,31.4,21,6.5
2026-09-12 21:00:00+00:00,32.8,22,8.3
2026-09-12 22:00:00+00:00,33.0,22,8.5
2026-09-12 23:00:00+00:00,32.8,22,8.3
2026-09-13 00:00:00+00:00,32.6,25,10.0
2026-09-13 01:00:00+00:00,32.1,20,6.3
2026-09-13 02:00:00+00:00,29.4,19,3.3
2026-09-13 03:00:00+00:00,28.6,18,2.0
2026-09-13 04:00:00+00:00,27.4,21,3.1
2026-09-13 05:00:00+00:00,26.4,24,4.2
2026-09-13 06:00:00+00:00,25.8,22,2.5
2026-09-13 07:00:00+00:00,25.5,23,2.9
2026-09-13 08:00:00+00:00,25.5,26,4.6
2026-09-13 09:00:00+00:00,25.1,28,5.3
2026-09-13 10:00:00+00:00,24.5,32,6.7
2026-09-13 11:00:00+00:00,24.5,32,6.7
2026-09-13 12:00:00+00:00,23.5,37,7.9
2026-09-13 13:00:00+00:00,23.7,35,7.3
2026-09-13 14:00:00+00:00,25.2,27,4.8
2026-09-13 15:00:00+00:00,26.4,34,9.3
2026-09-13 16:00:00+00:00,28.3,35,11.4
2026-09-13 17:00:00+00:00,29.0,33,11.1
2026-09-13 18:00:00+00:00,30.1,33,12.0
2026-09-13 19:00:00+00:00,31.5,24,8.5
2026-09-13 20:00:00+00:00,31.7,26,9.9
2026-09-13 21:00:00+00:00,32.5,22,8.1
2026-09-13 22:00:00+00:00,33.0,19,6.3
2026-09-13 23:00:00+00:00,32.5,20,6.6
2026-09-14 00:00:00+00:00,31.8,19,5.4
2026-09-14 01:00:00+00:00,30.8,19,4.5
2026-09-14 02:00:00+00:00,29.1,19,3.1
2026-09-14 03:00:00+00:00,28.6,18,2.0
2026-09-14 04:00:00+00:00,27.1,21,2.9
2026-09-14 05:00:00+00:00,25.9,27,5.5
2026-09-14 06:00:00+00:00,25.0,32,7.1
2026-09-14 07:00:00+00:00,20.6,34,4.2
2026-09-14 08:00:00+00:00,19.0,35,3.2
2026-09-14 09:00:00+00:00,17.4,33,0.9
2026-09-14 10:00:00+00:00,15.9,37,1.2
2026-09-14 11:00:00+00:00,15.5,34,-0.3
2026-09-14 12:00:00+00:00,14.4,37,-0.1
2026-09-14 13:00:00+00:00,13.6,42,0.9
2026-09-14 14:00:00+00:00,13.6,50,3.4
2026-09-14 15:00:00+00:00,15.4,46,3.8
2026-09-14 16:00:00+00:00,16.9,42,3.9
2026-09-14 17:00:00+00:00,20.6,27,0.9
2026-09-14 18:00:00+00:00,21.6,24,0.1
2026-09-14 19:00:00+00:00,22.0,23,-0.1
2026-09-14 20:00:00+00:00,23.4,20,-0.9
2026-09-14 21:00:00+00:00,24.2,20,-0.2
2026-09-14 22:00:00+00:00,24.6,19,-0.5
2026-09-14 23:00:00+00:00,24.5,20,0.0
2026-09-15 00:00:00+00:00,24.0,19,-1.0
2026-09-15 01:00:00+00:00,22.5,18,-3.0
2026-09-15 02:00:00+00:00,19.4,18,-5.5
2026-09-15 03:00:00+00:00,17.6,19,-6.3
2026-09-15 04:00:00+00:00,15.5,26,-4.0
2026-09-15 05:00:00+00:00,14.5,35,-0.8
2026-09-15 06:00:00+00:00,14.3,36,-0.6
2026-09-15 07:00:00+00:00,13.4,36,-1.4
2026-09-15 08:00:00+00:00,13.4,35,-1.7
2026-09-15 09:00:00+00:00,12.2,38,-1.7
2026-09-15 10:00:00+00:00,11.9,38,-2.0
2026-09-15 11:00:00+00:00,12.0,37,-2.2
2026-09-15 12:00:00+00:00,12.3,39,-1.3
2026-09-15 13:00:00+00:00,10.8,44,-1.0
2026-09-15 14:00:00+00:00,11.1,49,0.8
2026-09-15 15:00:00+00:00,13.8,52,4.1
2026-09-15 16:00:00+00:00,16.3,51,6.1
2026-09-15 17:00:00+00:00,19.3,43,6.4
2026-09-15 18:00:00+00:00,23.0,36,7.1
2026-09-15 19:00:00+00:00,25.2,28,5.4
2026-09-15 20:00:00+00:00,27.0,23,4.1
2026-09-15 21:00:00+00:00,28.4,21,3.9
2026-09-15 22:00:00+00:00,28.9,16,0.5
2026-09-15 23:00:00+00:00,28.7,21,4.2
2026-09-16 00:00:00+00:00,28.4,18,1.8
2026-09-16 01:00:00+00:00,26.9,19,1.3
2026-09-16 02:00:00+00:00,23.5,23,1.2
2026-09-16 03:00:00+00:00,22.7,24,1.1
2026-09-16 04:00:00+00:00,21.4,32,4.0
2026-09-16 05:00:00+00:00,21.7,32,4.3
2026-09-16 06:00:00+00:00,21.8,36,6.1
2026-09-16 07:00:00+00:00,23.2,38,8.1
2026-09-16 08:00:00+00:00,19.3,52,9.2
2026-09-16 09:00:00+00:00,16.9,75,12.5
2026-09-16 10:00:00+00:00,16.5,73,11.6
2026-09-16 11:00:00+00:00,17.1,56,8.3
2026-09-16 12:00:00+00:00,17.2,58,8.8
2026-09-16 13:00:00+00:00,17.3,62,10.0
2026-09-16 14:00:00+00:00,18.4,56,9.5
2026-09-16 15:00:00+00:00,20.9,60,12.9
2026-09-16 16:00:00+00:00,22.9,55,13.4
2026-09-16 17:00:00+00:00,23.1,53,13.0
2026-09-16 18:00:00+00:00,25.0,50,13.8
2026-09-16 19:00:00+00:00,27.5,34,10.2
2026-09-16 20:00:00+00:00,28.1,34,10.7
2026-09-16 21:00:00+00:00,29.1,32,10.7
2026-09-16 22:00:00+00:00,28.5,38,12.8
2026-09-16 23:00:00+00:00,28.6,34,11.2
2026-09-17 00:00:00+00:00,27.3,38,11.7
2026-09-17 01:00:00+00:00,25.8,39,10.8
2026-09-17 02:00:00+00:00,24.3,41,10.2
2026-09-17 03:00:00+00:00,24.1,40,9.7
2026-09-17 04:00:00+00:00,23.6,43,10.3
2026-09-17 05:00:00+00:00,24.1,36,8.1
2026-09-17 06:00:00+00:00,23.6,39,8.9
2026-09-17 07:00:00+00:00,23.3,40,9.0
2026-09-17 08:00:00+00:00,23.8,38,8.6
2026-09-17 09:00:00+00:00,23.6,38,8.4
2026-09-17 10:00:00+00:00,22.5,44,9.7
2026-09-17 11:00:00+00:00,22.7,44,9.8
2026-09-17 12:00:00+00:00,22.3,47,10.4
2026-09-17 13:00:00+00:00,22.8,44,9.9
2026-09-17 14:00:00+00:00,22.9,42,9.3
2026-09-17 15:00:00+00:00,23.4,43,10.1
2026-09-17 16:00:00+00:00,25.3,39,10.3
2026-09-17 17:00:00+00:00,25.6,42,11.8
2026-09-17 18:00:00+00:00,25.2,44,12.1
2026-09-17 19:00:00+00:00,26.3,41,12.0
2026-09-17 20:00:00+00:00,25.7,45,12.9
2026-09-17 21:00:00+00:00,26.7,44,13.4
2026-09-17 22:00:00+00:00,28.4,33,10.6
2026-09-17 23:00:00+00:00,27.8,36,11.4
2026-09-18 00:00:00+00:00,29.0,29,9.2
2026-09-18 01:00:00+00:00,25.7,40,11.1
2026-09-18 02:00:00+00:00,24.7,38,9.4
2026-09-18 03:00:00+00:00,24.4,34,7.5
2026-09-18 04:00:00+00:00,23.8,36,7.8
2026-09-18 05:00:00+00:00,22.9,38,7.8
2026-09-18 06:00:00+00:00,22.8,40,8.5
2026-09-18 07:00:00+00:00,23.2,39,8.5
2026-09-18 08:00:00+00:00,22.6,41,8.7
2026-09-18 09:00:00+00:00,21.2,49,10.1
2026-09-18 10:00:00+00:00,21.7,44,8.9
2026-09-18 11:00:00+00:00,21.8,48,10.3
2026-09-18 12:00:00+00:00,20.8,55,11.4
2026-09-18 13:00:00+00:00,18.8,61,11.1
2026-09-18 14:00:00+00:00,19.2,54,9.7
2026-09-18 15:00:00+00:00,15.7,91,14.2
2026-09-18 16:00:00+00:00,20.9,60,12.8
2026-09-18 17:00:00+00:00,21.3,66,14.7
2026-09-18 18:00:00+00:00,23.7,58,15.0
2026-09-18 19:00:00+00:00,25.3,49,13.8
2026-09-18 20:00:00+00:00,26.6,45,13.7
2026-09-18 21:00:00+00:00,26.1,42,12.2
2026-09-18 22:00:00+00:00,26.3,41,12.0
2026-09-18 23:00:00+00:00,22.5,51,11.9
2026-09-19 00:00:00+00:00,21.0,59,12.7
2026-09-19 01:00:00+00:00,20.3,56,11.3
2026-09-19 02:00:00+00:00,20.3,38,5.5
2026-09-19 03:00:00+00:00,19.0,52,8.9
2026-09-19 04:00:00+00:00,17.6,65,10.9
2026-09-19 05:00:00+00:00,17.4,50,6.8
2026-09-19 06:00:00+00:00,16.8,54,7.4
2026-09-19 07:00:00+00:00,16.8,53,7.1
2026-09-19 08:00:00+00:00,15.9,66,9.6
2026-09-19 09:00:00+00:00,14.8,73,10.0
2026-09-19 10:00:00+00:00,14.3,74,9.7
2026-09-19 11:00:00+00:00,13.1,86,10.8
2026-09-19 12:00:00+00:00,12.4,87,10.3
2026-09-19 13:00:00+00:00,12.1,83,9.3
2026-09-19 14:00:00+00:00,12.8,79,9.3
2026-09-19 15:00:00+00:00,14.3,81,11.1
2026-09-19 16:00:00+00:00,15.9,76,11.6
2026-09-19 17:00:00+00:00,17.4,71,12.1
2026-09-19 18:00:00+00:00,18.6,68,12.6
2026-09-19 19:00:00+00:00,19.5,63,12.2
2026-09-19 20:00:00+00:00,20.7,54,11.1
2026-09-19 21:00:00+00:00,21.0,51,10.5
2026-09-19 22:00:00+00:00,21.2,49,10.1
2026-09-19 23:00:00+00:00,21.8,38,6.9
2026-09-20 00:00:00+00:00,21.3,34,4.8
2026-09-20 01:00:00+00:00,19.4,38,4.7
2026-09-20 02:00:00+00:00,17.6,40,3.9
2026-09-20 03:00:00+00:00,16.2,42,3.3
2026-09-20 04:00:00+00:00,14.9,43,2.4
2026-09-20 05:00:00+00:00,15.1,34,-0.6
2026-09-20 06:00:00+00:00,13.8,43,1.4
2026-09-20 07:00:00+00:00,13.0,44,1.0
2026-09-20 08:00:00+00:00,12.3,42,-0.3
2026-09-20 09:00:00+00:00,12.2,39,-1.4
2026-09-20 10:00:00+00:00,11.5,45,-0.1
2026-09-20 11:00:00+00:00,10.7,46,-0.4
2026-09-20 12:00:00+00:00,9.4,58,1.6
2026-09-20 13:00:00+00:00,9.3,57,1.2
2026-09-20 14:00:00+00:00,9.6,57,1.5
2026-09-20 15:00:00+00:00,12.9,57,4.6
2026-09-20 16:00:00+00:00,15.4,51,5.3
2026-09-20 17:00:00+00:00,18.0,42,4.9
2026-09-20 18:00:00+00:00,19.4,40,5.4
2026-09-20 19:00:00+00:00,20.8,36,5.2
2026-09-20 20:00:00+00:00,21.9,31,4.0
2026-09-20 21:00:00+00:00,22.3,30,3.9
2026-09-20 22:00:00+00:00,23.0,28,3.5
2026-09-20 23:00:00+00:00,23.3,27,3.2
2026-09-21 00:00:00+00:00,22.6,29,3.7
2026-09-21 01:00:00+00:00,21.6,32,4.2
2026-09-21 02:00:00+00:00,19.0,38,4.3
2026-09-21 03:00:00+00:00,17.3,41,3.9
2026-09-21 04:00:00+00:00,15.5,49,4.8
2026-09-21 05:00:00+00:00,14.4,55,5.4
2026-09-21 06:00:00+00:00,13.8,52,4.1
2026-09-21 07:00:00+00:00,13.8,47,2.6
2026-09-21 08:00:00+00:00,13.4,47,2.3
2026-09-21 09:00:00+00:00,13.2,48,2.4
2026-09-21 10:00:00+00:00,11.6,50,1.5
2026-09-21 11:00:00+00:00,11.1,55,2.4
2026-09-21 12:00:00+00:00,12.1,46,0.8
2026-09-21 13:00:00+00:00,11.8,45,0.3
2026-09-21 14:00:00+00:00,10.9,52,1.4
2026-09-21 15:00:00+00:00,14.4,51,4.4
2026-09-21 16:00:00+00:00,17.4,49,6.6
2026-09-21 17:00:00+00:00,20.2,36,4.7
2026-09-21 18:00:00+00:00,22.0,34,5.4
2026-09-21 19:00:00+00:00,24.1,31,5.9
2026-09-21 20:00:00+00:00,25.8,25,4.3
2026-09-21 21:00:00+00:00,26.3,21,2.2
2026-09-21 22:00:00+00:00,26.1,21,2.0
2026-09-21 23:00:00+00:00,26.2,20,1.4
2026-09-22 00:00:00+00:00,25.4,20,0.8
2026-09-22 01:00:00+00:00,23.9,19,-1.1
2026-09-22 02:00:00+00:00,21.2,21,-2.0
2026-09-22 03:00:00+00:00,20.5,23,-1.3
2026-09-22 04:00:00+00:00,20.6,28,1.5
2026-09-22 05:00:00+00:00,19.8,25,-0.8
2026-09-22 06:00:00+00:00,18.6,28,-0.3
2026-09-22 07:00:00+00:00,17.8,35,2.1
2026-09-22 08:00:00+00:00,16.9,40,3.2
2026-09-22 09:00:00+00:00,18.2,35,2.5
2026-09-22 10:00:00+00:00,16.1,56,7.3
2026-09-22 11:00:00+00:00,15.8,55,6.8
2026-09-22 12:00:00+00:00,14.9,71,9.7
2026-09-22 13:00:00+00:00,14.0,82,11.0
2026-09-22 14:00:00+00:00,14.3,79,10.7
2026-09-22 15:00:00+00:00,14.9,75,10.5
2026-09-22 16:00:00+00:00,15.7,81,12.5
2026-09-22 17:00:00+00:00,18.6,61,11.0
2026-09-22 18:00:00+00:00,19.7,68,13.6
2026-09-22 19:00:00+00:00,22.9,53,12.8
2026-09-22 20:00:00+00:00,22.4,51,11.7
2026-09-22 21:00:00+00:00,23.9,47,11.9
2026-09-22 22:00:00+00:00,18.8,56,9.9
2026-09-22 23:00:00+00:00,19.5,42,6.2
2026-09-23 00:00:00+00:00,21.0,35,4.9
2026-09-23 01:00:00+00:00,18.1,48,6.9
2026-09-23 02:00:00+00:00,18.0,42,4.9
2026-09-23 03:00:00+00:00,16.5,53,6.9
2026-09-23 04:00:00+00:00,15.7,52,5.8
2026-09-23 05:00:00+00:00,15.8,48,4.8
2026-09-23 06:00:00+00:00,14.5,54,5.3
2026-09-23 07:00:00+00:00,15.3,43,2.8
2026-09-23 08:00:00+00:00,13.7,49,3.2
2026-09-23 09:00:00+00:00,13.2,54,4.1
2026-09-23 10:00:00+00:00,13.2,53,3.8
2026-09-23 11:00:00+00:00,13.9,46,2.5
2026-09-23 12:00:00+00:00,12.9,52,3.2
2026-09-23 13:00:00+00:00,12.1,52,2.6
2026-09-23 14:00:00+00:00,12.3,50,2.2
2026-09-23 15:00:00+00:00,14.6,61,7.1
2026-09-23 16:00:00+00:00,17.5,57,8.9
2026-09-23 17:00:00+00:00,20.0,47,8.3
2026-09-23 18:00:00+00:00,21.7,39,7.1
2026-09-23 19:00:00+00:00,22.9,37,7.4
2026-09-23 20:00:00+00:00,24.2,32,6.5
2026-09-23 21:00:00+00:00,25.0,27,4.7
2026-09-23 22:00:00+00:00,25.3,27,4.9
2026-09-23 23:00:00+00:00,25.2,25,3.7
2026-09-24 00:00:00+00:00,25.0,25,3.6
2026-09-24 01:00:00+00:00,23.2,25,2.1
2026-09-24 02:00:00+00:00,20.0,34,3.7
2026-09-24 03:00:00+00:00,18.1,47,6.6
2026-09-24 04:00:00+00:00,17.4,41,4.0
2026-09-24 05:00:00+00:00,16.7,37,1.9
2026-09-24 06:00:00+00:00,16.6,30,-1.0
2026-09-24 07:00:00+00:00,15.8,32,-0.9
2026-09-24 08:00:00+00:00,16.6,29,-1.5
2026-09-24 09:00:00+00:00,14.9,35,-0.4
2026-09-24 10:00:00+00:00,13.0,45,1.3
2026-09-24 11:00:00+00:00,10.5,63,3.7
2026-09-24 12:00:00+00:00,11.1,57,2.9
2026-09-24 13:00:00+00:00,11.2,52,1.7
2026-09-24 14:00:00+00:00,11.1,50,1.1
2026-09-24 15:00:00+00:00,15.0,42,2.2
2026-09-24 16:00:00+00:00,18.0,42,4.9
2026-09-24 17:00:00+00:00,20.8,41,7.0
2026-09-24 18:00:00+00:00,22.9,38,7.8
2026-09-24 19:00:00+00:00,24.5,37,8.8
2026-09-24 20:00:00+00:00,25.9,30,7.0
2026-09-24 21:00:00+00:00,26.8,21,2.7
2026-09-24 22:00:00+00:00,27.3,18,0.9
2026-09-24 23:00:00+00:00,27.3,15,-1.6
2026-09-25 00:00:00+00:00,26.7,14,-3.0
2026-09-25 01:00:00+00:00,24.2,20,-0.2
2026-09-25 02:00:00+00:00,22.2,21,-1.2
2026-09-25 03:00:00+00:00,21.1,26,0.8
2026-09-25 04:00:00+00:00,19.7,32,2.6
2026-09-25 05:00:00+00:00,18.5,34,2.4
2026-09-25 06:00:00+00:00,17.9,35,2.2
2026-09-25 07:00:00+00:00,17.9,34,1.8
2026-09-25 08:00:00+00:00,17.8,31,0.5
2026-09-25 09:00:00+00:00,14.0,44,1.9
2026-09-25 10:00:00+00:00,14.4,39,0.6
2026-09-25 11:00:00+00:00,12.8,50,2.6
2026-09-25 12:00:00+00:00,14.4,32,-2.1
2026-09-25 13:00:00+00:00,12.5,37,-1.8
2026-09-25 14:00:00+00:00,14.9,31,-2.1
2026-09-25 15:00:00+00:00,16.2,38,1.8
2026-09-25 16:00:00+00:00,19.1,41,5.6
2026-09-25 17:00:00+00:00,22.1,33,5.1
2026-09-25 18:00:00+00:00,24.5,22,1.4
2026-09-25 19:00:00+00:00,26.0,22,2.7
2026-09-25 20:00:00+00:00,27.2,21,3.0
2026-09-25 21:00:00+00:00,28.1,21,3.7
2026-09-25 22:00:00+00:00,28.3,19,2.4
2026-09-25 23:00:00+00:00,28.4,14,-1.7
2026-09-26 00:00:00+00:00,27.5,15,-1.5
2026-09-26 01:00:00+00:00,25.4,16,-2.3
2026-09-26 02:00:00+00:00,23.3,15,-4.8
2026-09-26 03:00:00+00:00,22.0,19,-2.7
2026-09-26 04:00:00+00:00,21.5,21,-1.7
2026-09-26 05:00:00+00:00,20.8,24,-0.5
2026-09-26 06:00:00+00:00,20.6,24,-0.7
2026-09-26 07:00:00+00:00,20.6,27,1.0
2026-09-26 08:00:00+00:00,20.8,25,0.0
2026-09-26 09:00:00+00:00,19.9,25,-0.7
2026-09-26 10:00:00+00:00,19.1,30,1.1
2026-09-26 11:00:00+00:00,19.3,29,0.8
2026-09-26 12:00:00+00:00,18.3,31,0.9
2026-09-26 13:00:00+00:00,17.8,32,0.9
2026-09-26 14:00:00+00:00,18.1,29,-0.3
2026-09-26 15:00:00+00:00,21.2,29,2.5
2026-09-26 16:00:00+00:00,22.9,28,3.4
2026-09-26 17:00:00+00:00,24.3,25,3.0
2026-09-26 18:00:00+00:00,26.1,22,2.7
2026-09-26 19:00:00+00:00,27.1,21,2.9
2026-09-26 20:00:00+00:00,27.8,19,2.0
2026-09-26 21:00:00+00:00,27.9,19,2.1
2026-09-26 22:00:00+00:00,27.6,19,1.9
2026-09-26 23:00:00+00:00,27.6,20,2.6
2026-09-27 00:00:00+00:00,27.4,20,2.5
2026-09-27 01:00:00+00:00,25.6,20,0.9
2026-09-27 02:00:00+00:00,23.1,24,1.4
2026-09-27 03:00:00+00:00,22.6,22,-0.2
2026-09-27 04:00:00+00:00,21.4,24,-0.0
2026-09-27 05:00:00+00:00,21.0,25,0.2
2026-09-27 06:00:00+00:00,21.5,22,-1.1
2026-09-27 07:00:00+00:00,21.0,23,-0.9
2026-09-27 08:00:00+00:00,20.5,22,-2.0
2026-09-27 09:00:00+00:00,20.0,23,-1.8
2026-09-27 10:00:00+00:00,19.0,31,1.5
2026-09-27 11:00:00+00:00,19.5,26,-0.5
2026-09-27 12:00:00+00:00,18.1,31,0.7
2026-09-27 13:00:00+00:00,18.6,30,0.7
2026-09-27 14:00:00+00:00,18.5,29,0.1
2026-09-27 15:00:00+00:00,20.7,33,3.8
2026-09-27 16:00:00+00:00,23.4,33,6.2
2026-09-27 17:00:00+00:00,24.3,34,7.5
2026-09-27 18:00:00+00:00,25.4,31,7.0
2026-09-27 19:00:00+00:00,25.8,31,7.4
2026-09-27 20:00:00+00:00,26.8,29,7.3
2026-09-27 21:00:00+00:00,27.1,26,6.0
2026-09-27 22:00:00+00:00,27.1,25,5.4
2026-09-27 23:00:00+00:00,27.6,23,4.6
2026-09-28 00:00:00+00:00,27.2,21,3.0
2026-09-28 01:00:00+00:00,25.0,23,2.4
2026-09-28 02:00:00+00:00,23.0,25,1.9
2026-09-28 03:00:00+00:00,23.2,24,1.5
2026-09-28 04:00:00+00:00,22.3,26,1.8
2026-09-28 05:00:00+00:00,22.8,27,2.8
2026-09-28 06:00:00+00:00,22.6,29,3.6
2026-09-28 07:00:00+00:00,22.4,30,3.9
2026-09-28 08:00:00+00:00,21.9,31,4.0
2026-09-28 09:00:00+00:00,21.2,37,5.9
2026-09-28 10:00:00+00:00,20.7,37,5.5
2026-09-28 11:00:00+00:00,19.2,49,8.2
2026-09-28 12:00:00+00:00,19.8,43,6.9
2026-09-28 13:00:00+00:00,19.5,41,5.9
2026-09-28 14:00:00+00:00,17.0,63,9.9
2026-09-28 15:00:00+00:00,15.8,79,12.1
2026-09-28 16:00:00+00:00,17.4,71,12.1
2026-09-28 17:00:00+00:00,18.0,62,10.6
2026-09-28 18:00:00+00:00,17.0,80,13.5
2026-09-28 19:00:00+00:00,17.8,76,13.5
2026-09-28 20:00:00+00:00,17.2,70,11.7
2026-09-28 21:00:00+00:00,18.4,59,10.3
2026-09-28 22:00:00+00:00,15.4,80,11.9
2026-09-28 23:00:00+00:00,12.0,96,11.4
2026-09-29 00:00:00+00:00,12.6,90,11.0
2026-09-29 01:00:00+00:00,13.1,83,10.2
2026-09-29 02:00:00+00:00,12.0,91,10.6
2026-09-29 03:00:00+00:00,12.7,83,9.9
2026-09-29 04:00:00+00:00,12.8,87,10.7
2026-09-29 05:00:00+00:00,12.7,84,10.1
2026-09-29 06:00:00+00:00,12.2,84,9.6
2026-09-29 07:00:00+00:00,12.0,89,10.2
2026-09-29 08:00:00+00:00,11.4,94,10.4
2026-09-29 09:00:00+00:00,11.6,95,10.8
2026-09-29 10:00:00+00:00,11.2,94,10.2
2026-09-29 11:00:00+00:00,11.5,97,11.0
2026-09-29 12:00:00+00:00,11.9,95,11.1
2026-09-29 13:00:00+00:00,11.3,100,11.3
2026-09-29 14:00:00+00:00,11.3,100,11.3
2026-09-29 15:00:00+00:00,12.5,94,11.6
2026-09-29 16:00:00+00:00,14.6,84,11.9
2026-09-29 17:00:00+00:00,16.1,74,11.5
2026-09-29 18:00:00+00:00,17.6,68,11.6
2026-09-29 19:00:00+00:00,19.1,64,12.1
2026-09-29 20:00:00+00:00,20.6,55,11.2
2026-09-29 21:00:00+00:00,21.6,51,11.0
2026-09-29 22:00:00+00:00,21.2,54,11.5
2026-09-29 23:00:00+00:00,21.9,47,10.1
2026-09-30 00:00:00+00:00,21.6,46,9.5
2026-09-30 01:00:00+00:00,20.7,46,8.7
2026-09-30 02:00:00+00:00,17.8,56,8.9
2026-09-30 03:00:00+00:00,17.0,60,9.1
2026-09-30 04:00:00+00:00,15.7,64,8.9
2026-09-30 05:00:00+00:00,14.9,64,8.1
2026-09-30 06:00:00+00:00,14.0,67,8.0
2026-09-30 07:00:00+00:00,13.3,67,7.3
2026-09-30 08:00:00+00:00,12.9,66,6.7
2026-09-30 09:00:00+00:00,11.8,67,5.8
2026-09-30 10:00:00+00:00,11.6,60,4.1
2026-09-30 11:00:00+00:00,11.1,55,2.4
2026-09-30 12:00:00+00:00,9.8,66,3.8
2026-09-30 13:00:00+00:00,9.8,65,3.5
2026-09-30 14:00:00+00:00,9.4,64,2.9
2026-09-30 15:00:00+00:00,12.7,57,4.4
2026-09-30 16:00:00+00:00,15.4,59,7.4
2026-09-30 17:00:00+00:00,17.2,56,8.4
2026-09-30 18:00:00+00:00,18.7,53,8.9
2026-09-30 19:00:00+00:00,20.1,49,9.0
2026-09-30 20:00:00+00:00,21.5,43,8.4
2026-09-30 21:00:00+00:00,22.5,41,8.6
2026-09-30 22:00:00+00:00,24.0,34,7.1
2026-09-30 23:00:00+00:00,24.2,31,6.0
2026-10-01 00:00:00+00:00,23.5,32,5.8
2026-10-01 01:00:00+00:00,21.0,35,4.9
2026-10-01 02:00:00+00:00,18.6,41,5.1
2026-10-01 03:00:00+00:00,16.7,50,6.2
2026-10-01 04:00:00+00:00,15.9,49,5.2
2026-10-01 05:00:00+00:00,15.1,49,4.5
2026-10-01 06:00:00+00:00,16.1,40,2.5
2026-10-01 07:00:00+00:00,15.0,45,3.1
2026-10-01 08:00:00+00:00,14.2,47,3.0
2026-10-01 09:00:00+00:00,13.8,50,3.5
2026-10-01 10:00:00+00:00,12.1,56,3.6
2026-10-01 11:00:00+00:00,11.6,56,3.1
2026-10-01 12:00:00+00:00,11.3,57,3.1
2026-10-01 13:00:00+00:00,11.2,57,3.0
2026-10-01 14:00:00+00:00,10.9,58,2.9
2026-10-01 15:00:00+00:00,13.1,62,6.0
2026-10-01 16:00:00+00:00,16.2,61,8.6
2026-10-01 17:00:00+00:00,18.8,53,9.0
2026-10-01 18:00:00+00:00,20.9,46,8.8
2026-10-01 19:00:00+00:00,22.9,36,7.1
2026-10-01 20:00:00+00:00,24.3,29,5.1
2026-10-01 21:00:00+00:00,25.0,26,4.2
2026-10-01 22:00:00+00:00,25.7,22,2.4
2026-10-01 23:00:00+00:00,25.7,20,1.1
2026-10-02 00:00:00+00:00,24.8,21,1.0
2026-10-02 01:00:00+00:00,22.5,21,-0.9
2026-10-02 02:00:00+00:00,20.8,22,-1.7
2026-10-02 03:00:00+00:00,19.1,29,0.6
2026-10-02 04:00:00+00:00,18.8,26,-1.1
2026-10-02 05:00:00+00:00,18.0,26,-1.8
2026-10-02 06:00:00+00:00,18.1,28,-0.7
2026-10-02 07:00:00+00:00,17.6,24,-3.3
2026-10-02 08:00:00+00:00,16.4,27,-2.7
2026-10-02 09:00:00+00:00,15.6,30,-2.0
2026-10-02 10:00:00+00:00,14.3,33,-1.8
2026-10-02 11:00:00+00:00,12.1,44,0.2
2026-10-02 12:00:00+00:00,12.9,32,-3.4
2026-10-02 13:00:00+00:00,10.6,38,-3.2
2026-10-02 14:00:00+00:00,10.9,43,-1.2
2026-10-02 15:00:00+00:00,14.6,33,-1.5
2026-10-02 16:00:00+00:00,18.7,29,0.3
2026-10-02 17:00:00+00:00,21.0,33,4.1
2026-10-02 18:00:00+00:00,23.2,30,4.7
2026-10-02 19:00:00+00:00,25.4,25,4.0
2026-10-02 20:00:00+00:00,27.1,21,2.9
2026-10-02 21:00:00+00:00,28.0,20,2.9
2026-10-02 22:00:00+00:00,28.2,20,3.1
2026-10-02 23:00:00+00:00,28.3,17,0.9
2026-10-03 00:00:00+00:00,27.7,17,0.4
2026-10-03 01:00:00+00:00,24.8,21,1.0
2026-10-03 02:00:00+00:00,23.4,23,1.1
2026-10-03 03:00:00+00:00,22.2,27,2.3
2026-10-03 04:00:00+00:00,21.7,24,0.3
2026-10-03 05:00:00+00:00,21.2,23,-0.7
2026-10-03 06:00:00+00:00,20.3,23,-1.5
2026-10-03 07:00:00+00:00,19.8,24,-1.4
2026-10-03 08:00:00+00:00,19.6,22,-2.7
2026-10-03 09:00:00+00:00,17.9,26,-1.9
2026-10-03 10:00:00+00:00,17.7,28,-1.1
2026-10-03 11:00:00+00:00,15.5,29,-2.5
2026-10-03 12:00:00+00:00,14.7,41,1.5
2026-10-03 13:00:00+00:00,14.4,40,0.9
2026-10-03 14:00:00+00:00,15.6,32,-1.1
2026-10-03 15:00:00+00:00,16.1,36,1.0
2026-10-03 16:00:00+00:00,19.9,35,4.0
2026-10-03 17:00:00+00:00,22.6,30,4.2
2026-10-03 18:00:00+00:00,25.5,26,4.6
2026-10-03 19:00:00+00:00,26.7,24,4.4
2026-10-03 20:00:00+00:00,28.6,20,3.4
2026-10-03 21:00:00+00:00,29.4,16,0.9
2026-10-03 22:00:00+00:00,30.0,14,-0.4
