trial_index,label,group,status,t_total_s,error_mg,abs_error_mg
0,baseline-00,hand-tuned,ok,342.83,-3.6,3.6
1,corner-00,screening,overshoot,19.27,83.2,83.2
2,corner-01,screening,ok,197.64,-14.26,14.26
3,corner-02,screening,ok,70.7,-14.8,14.8
4,corner-03,screening,ok,226.74,-2.6,2.6
5,corner-04,screening,overshoot,14.66,47.6,47.6
6,corner-05,screening,ok,65.54,-0.6,0.6
7,corner-06,screening,ok,110.21,-14.34,14.34
8,corner-07,screening,overshoot,22.11,22.1,22.1
9,corner-08,screening,overshoot,13.99,34.04,34.04
10,corner-09,screening,ok,51.81,-0.66,0.66
11,corner-10,screening,ok,352.04,-14.78,14.78
12,corner-11,screening,overshoot,14.95,62.9,62.9
13,corner-12,screening,ok,113.86,-2.0,2.0
14,corner-13,screening,overshoot,15.29,25.24,25.24
15,corner-14,screening,ok,160.72,-1.7,1.7
16,corner-15,screening,cycle-budget,402.99,-16.54,16.54
17,center-00,screening,ok,117.61,-7.9,7.9
18,center-01,screening,cycle-budget,389.14,-21.0,21.0
19,center-02,screening,ok,62.77,-8.5,8.5
20,center-03,screening,ok,363.81,-9.52,9.52
21,baseline-01,hand-tuned,ok,251.68,-4.7,4.7
22,rebaseline-00,hand-tuned,ok,179.79,-4.4,4.4
23,recenter-00,recentring,ok,370.83,-8.5,8.5
24,recenter-01,recentring,cycle-budget,391.28,-26.5,26.5
25,recenter-02,recentring,ok,24.04,-6.8,6.8
26,recenter-03,recentring,ok,98.14,-8.1,8.1
27,rebaseline-01,hand-tuned,ok,238.56,-4.8,4.8
28,bo-000,optimizer,ok,309.32,-12.1,12.1
29,bo-001,optimizer,ok,246.83,-3.4,3.4
30,bo-002,optimizer,ok,397.23,-2.5,2.5
31,bo-003,optimizer,ok,103.48,-1.0,1.0
32,bo-004,optimizer,overshoot,14.24,21.1,21.1
33,bo-005,optimizer,ok,99.65,-2.4,2.4
34,bo-006,optimizer,ok,96.2,-1.5,1.5
35,bo-007,optimizer,ok,24.57,14.0,14.0
36,bo-008,optimizer,ok,224.78,-2.5,2.5
37,bo-009,optimizer,overshoot,25.33,75.6,75.6
38,bo-010,optimizer,ok,44.11,-10.7,10.7
39,bo-011,optimizer,ok,55.64,-10.1,10.1
40,bo-012,optimizer,ok,136.42,-2.56,2.56
41,bo-013,optimizer,ok,189.91,-14.68,14.68
