q,title,meta,cited,url,snippet
"""ultrasonic atomization"" repeatability metal powder",Ultrasonic Atomization of a Refractory High-Entropy Alloy TiZrNbHfTa for Additive Manufacturing,"BS Dodge , S Niraula , N Shokri , JD Gillham, TA Berfield - Powders , 2026 - mdpi.com",Cited by 1,https://www.mdpi.com/2674-0516/5/3/25,… demonstrates that ultrasonic atomization can produce highly homogeneous powder with … These analyses were used to determine the repeatability of the process for developing high-…
"""ultrasonic atomization"" repeatability metal powder",Flexible powder production for additive manufacturing of refractory metal -based alloys,"F Hinrichs, A Kauffmann , D Schliephake , S Seils… - Metals , 2021 - mdpi.com",Cited by 27,https://www.mdpi.com/2075-4701/11/11/1723,"… , powders made of Mo-20Si-52.8-Ti (at.%) were produced by a novel ultrasonic atomization (… The particle size distributions of the three UA powder batches showed good reproducibility . …"
"""ultrasonic atomization"" repeatability metal powder",Regulation of ultrasonic atomization behavior and preparation of low-melting-point alloy powders,"X Yang, H Li, D Ren, H Lan, X Hu, Q Wang… - Ultrasonics Sonochemistry, 2026 - Elsevier",,https://www.sciencedirect.com/science/article/pii/S1350417726003470,"… radiation pressure challenge the ultrasonic atomization of high-… , a rotational ultrasonic atomization platform was developed. The … of metal powders via rotational ultrasonic atomization . …"
"""ultrasonic atomization"" repeatability metal powder",Integration of Circular Economy into Metal Additive Manufacturing: A Review of Ultrasonic Plasma Atomization for Producing Virgin and Recycled NiTi Powder,"M Sojoodi , A Behvar , H Bajaj , S Mohajerani … - Shape Memory and …, 2026 - Springer",Cited by 7,https://link.springer.com/article/10.1007/s40830-025-00589-y,"… and consistency (run-to-run repeatability of powder properties) are being optimized. To our … Consistent with ultrasonic atomization physics and our data, 40 kHz can incur higher O/C at …"
"""ultrasonic atomization"" repeatability metal powder",Comprehensive analysis of FeMn powder fabricated using ultrasonic atomization technique,"SA Khan, MRV Sereshk, BD Nelson - Powder Technology, 2025 - Elsevier",Cited by 6,https://www.sciencedirect.com/science/article/pii/S0032591025001202,… properties should be reviewed and controlled for reliability and repeatability of the additively manufactured components. Current characterization trends for UA fabricated …
"""ultrasonic atomization"" repeatability metal powder",Novel cold crucible ultrasonic atomization powder production method for 3D printing,"Ł Żrodowski , R Wróblewski , T Choma , B Morończyk … - Materials, 2021 - mdpi.com",Cited by 70,https://www.mdpi.com/1996-1944/14/10/2541,… ultrasonic atomization method appears as a promising tool for material scientists to develop powders … with exceptional flowability [1] to ensure process repeatability and high density [2] …
"""ultrasonic atomization"" repeatability metal powder",Powder characterization and material properties of 18Ni300 recycled PBF-LB/M scrap by ultrasonic atomization,"A Łagoda , A Pawlak , A Kurek , K Moj, S Lis - International Journal of …, 2025 - Springer",Cited by 7,https://link.springer.com/article/10.1007/s40684-024-00681-1,… This paper aims to evaluate the potential of ultrasonic atomization … Ultrasonic atomization not only ensures material effi‑ ciency but … Impact of powder reusability on batch repeatability of …
"""ultrasonic atomization"" repeatability metal powder",Enhancing niobium powder quality for additive manufacturing through ultrasonic atomization and calibrated rolling,"S Wróbel, P Ostachowski , K Żaba , P Maj … - … International Journal of …, 2026 - Springer",,https://link.springer.com/article/10.1007/s00170-026-18599-0,"… This study presents the ultrasonic atomization (UA) of niobium as a novel and efficient method for producing high–quality, spherical powders for additive manufacturing (AM). A niobium …"
"""ultrasonic atomization"" repeatability metal powder",Physical and microstructural properties of ultrasonically atomized Nickel-Tungsten (NiW) powders,"SE Atabay , AA Baker , JT McKeown , T Voisin - Materials & Design, 2026 - Elsevier",,https://www.sciencedirect.com/science/article/pii/S0264127526011986,"… These results demonstrate ultrasonic atomization as a viable route for producing spherical … To ensure reliable and repeatable manufacturing outcomes, powders must meet specific …"
"""ultrasonic atomization"" repeatability metal powder",Preparation of additive manufacturing powder by external field–enabled: a comparative assessment,"S Feng, D Jia, Y Fu, X Kong , Z Lv, E Zeng… - The International Journal …, 2024 - Springer",Cited by 18,https://link.springer.com/article/10.1007/s00170-023-12073-x,… Electrospray and ultrasonic atomization are two representative powder preparation … This mode has good repeatability and can produce highly monodisperse droplets in the range of …
"""ultrasonic atomization"" ""particle size distribution"" aluminum alloy powder",Effect of ultrasonic atomization parameters on AlSi12 aluminum powder characteristics for additive manufacturing,"A Yankin, HA Murtaza, B Golman , A Perveen … - Scientific Reports, 2025 - nature.com",Cited by 5,https://www.nature.com/articles/s41598-025-06086-7,"… powder quality via ultrasonic atomization (UA). Parameter adjustments significantly influenced particle size distribution , … the investigation of UA aluminum alloy powders . Furthermore, to …"
"""ultrasonic atomization"" ""particle size distribution"" aluminum alloy powder",Toward novel AM feedstocks: Ultrasonically atomized 7075 and Al–Zn–Mg–Cu–Co–Cr–Mo powders,"V Kvvssn , H Laieghi , MM Butt , P Ansari , MU Salamci… - Powder Technology, 2025 - Elsevier",Cited by 4,https://www.sciencedirect.com/science/article/pii/S0032591025013804,"… -based ultrasonic atomization of 7075 aluminum powders and … 7xxx series aluminum alloys , most powders are still … , and particle size distribution , sphericity of the produced powders …"
"""ultrasonic atomization"" ""particle size distribution"" aluminum alloy powder",A new Al-Cu alloy for LPBF developed via ultrasonic atomization,"C Monti , M Turani, K Papis , M Bambach - Materials & Design, 2023 - Elsevier",Cited by 39,https://www.sciencedirect.com/science/article/pii/S0264127523003222,… Wrought 2xxx aluminum alloys are difficult to process by laser powder bed fusion (… Ultrasonic atomization of alloyed powder The particle size distribution of the US atomized powder …
"""ultrasonic atomization"" ""particle size distribution"" aluminum alloy powder",New insights into the mechanism of ultrasonic atomization for the production of metal powders in additive manufacturing,"A Priyadarshi , SB Shahrani, T Choma , L Zrodowski … - Additive …, 2024 - Elsevier",Cited by 101,https://www.sciencedirect.com/science/article/pii/S2214860424000794,"… ] and Ti-based alloys [14]. The ultrasonic atomization of low melting point alloys such as lead, … of control over the final particle size distribution by varying the operating frequency [6], [9]. …"
"""ultrasonic atomization"" ""particle size distribution"" aluminum alloy powder","Atomization of metal and alloy powders : Processes, parameters, and properties","SZ Soong, WL Lai, AN Kay Lup - AIChE Journal, 2023 - Wiley Online Library",Cited by 55,https://aiche.onlinelibrary.wiley.com/doi/abs/10.1002/aic.18217,"… In addition, it has a narrow particle - size distribution due to its … Ultrasonic atomization has been used for the production of Al… atomized 2014 aluminum alloy had the smallest powder size …"
"""ultrasonic atomization"" ""particle size distribution"" aluminum alloy powder",PrOsPects Of ultrasOunD aPPlIcatIOn In the PrODuctIOn Of DIsPerseD granules by gas anD Plasma-arc atOmIzatIOn Of metal melts anD cOmPact materIals,"VM Korzhyk, OS Tereshchenko … - The Paton …, 2025 - patonpublishinghouse.com",,https://patonpublishinghouse.com/tpwj/pdf/2025reg/pdfarticles/10/3.pdf,"… spherical powders are considered, such as: gas atomization, ultrasonic atomization on … In this study the influence of vibration amplitude on the material particle size distribution was …"
"""ultrasonic atomization"" ""particle size distribution"" aluminum alloy powder",Development of high-power ultrasonic system dedicated to metal powder atomization,"P Kustron, M Korzeniowski , A Sajbura, T Piwowarczyk … - Applied Sciences, 2023 - mdpi.com",Cited by 43,https://www.mdpi.com/2076-3417/13/15/8984,"… stage of the ultrasonic atomization technology development, dedicated to metal powder production. … with a spheroidal geometry and a narrow particle size distribution . This is the most …"
"""ultrasonic atomization"" ""particle size distribution"" aluminum alloy powder","Gas vs. Ultrasonic Atomized AlSi10Mg Powders : Morphology, Flowability, and Discharge Behavior Using Real and In Silico Experiments","LS Peres , P Gargarella , R Condotta … - Powders , 2026 - mdpi.com",,https://www.mdpi.com/2674-0516/5/3/23,"… Because the powders also differed substantially in particle - size distribution , the effects … The objective of the present study was to compare gas and ultrasonic atomization of AlSi10Mg, …"
"""ultrasonic atomization"" ""particle size distribution"" aluminum alloy powder",Atomization,"C Schade, JJ Dunkley - Powder metallurgy, 2015 - dl.asminternational.org",Cited by 25,https://dl.asminternational.org/handbooks/edited-volume/22/chapter-abstract/314499/Atomization-1,"… Centrifugal and ultrasonic atomization can achieve tighter distributions, as good as 1.3 in some cases (see Fig. 2, lines 3 and 7). Vibrating orifice techniques produce almost monosized …"
"""ultrasonic atomization"" ""particle size distribution"" aluminum alloy powder",Novel cold crucible ultrasonic atomization powder production method for 3D printing,"Ł Żrodowski , R Wróblewski , T Choma , B Morończyk … - Materials, 2021 - mdpi.com",Cited by 70,https://www.mdpi.com/1996-1944/14/10/2541,"… particle size distribution in various alloys . AMZ4, AMZ4 + W, Ni–Mn–Ga and Fe–Cr–Mn–Ni powders … to work above the melting point of aluminum alloys in the range of gigacycle fatigue. …"
"""ultrasonic atomization"" rePowder","Preparation and characterization of a dual-structure-embedded, reinforced titanium matrix composite powder using an ultrasonic atomization method","F Dong, C Liu, Y Zhang, X Yuan, B Wang, L Luo… - Journal of Alloys and …, 2025 - Elsevier",Cited by 16,https://www.sciencedirect.com/science/article/pii/S0925838825031196,"… reinforced TMCs powder was prepared by ultrasonic atomization technology. The two-dimensional … In this study, the TMCs powder was prepared using ' rePowder ' ultrasonic atomization …"
"""ultrasonic atomization"" rePowder","Upcycling of Copper Scrap into High-Quality Powder for Additive Manufacturing: Processing, Characterization, and Sustainability Assessment","M Cabrioli , M Silva Colmenero… - … of Manufacturing and …, 2025 - mdpi.com",Cited by 6,https://www.mdpi.com/2504-4494/9/9/320,"… By employing ultrasonic atomization , we seek to refine recycled copper into powder suitable … The ultrasonic atomization process was carried out using a laboratory-scale rePowder …"
"""ultrasonic atomization"" rePowder","Sustainable Pathways in Powder Reuse: A Comparative Study of Virgin, Reused, and Ultrasonic - Atomization -Recycled NiTi Powder for Additive …","HK Bajaj , M Sojoodi , FY Asare Baffour , M Hesami … - Sustainability, 2026 - mdpi.com",Cited by 3,https://www.mdpi.com/2071-1050/18/4/1843,"… UPA powder regeneration was performed using an AmazeMet re - Powder ® ultrasonic plasma atomization system (AmazeMet SIA, Riga, Latvia) at the University of Toledo. The system …"
"""ultrasonic atomization"" rePowder",Alloy development from sustainable materials–close-loop of materials using ultrasonic atomization,"J Ciftcli, T Choma , B Morończyk , B Kalicki… - Journal of the Japan …, 2025 - jstage.jst.go.jp",Cited by 7,https://www.jstage.jst.go.jp/article/jjspm/72/Supplement/72_15E-SIS13-03/_article/-char/ja/,… • rePOWDER thanks to arc melting and ultrasonic atomization modules allow to recycling scraps of strategic materials like titanium alloy. As-atomized powder have narrow PSD which is …
"""ultrasonic atomization"" rePowder",Powder characterization and material properties of 18Ni300 recycled PBF-LB/M scrap by ultrasonic atomization,"A Łagoda , A Pawlak , A Kurek , K Moj, S Lis - International Journal of …, 2025 - Springer",Cited by 7,https://link.springer.com/article/10.1007/s40684-024-00681-1,"… However, there is another method, ultrasonic atomization , whose principle have been known … The ultrasonic atomization proved to be a promising method for metal recycling technology …"
"""ultrasonic atomization"" rePowder",Using ultrasonic atomization to recycle aluminium bronze chips for additive laser directed energy deposition,"V Müller, JM Fasselt, T Kruse, C Klötzer… - IOP Conference …, 2023 - iopscience.iop.org",Cited by 8,https://iopscience.iop.org/article/10.1088/1757-899X/1296/1/012036/meta,… Ultrasonic atomization The UA process was carried out using the induction crucible-based ultrasonic atomization system rePowder from Amazemet. The heating zone consisted of a …
"""ultrasonic atomization"" rePowder",Atomization of the Fe-rich MnNiCoCr high-entropy alloy for spherical powder production,"A Zavdoveev , Ł Zrodowski , D Vedel , P Cortes … - Materials Letters, 2024 - Elsevier",Cited by 14,https://www.sciencedirect.com/science/article/pii/S0167577X24003781,"… This paper explores the innovative technology of ultrasonic atomization by employing metal … The innovative application of re - powder technology, incorporating metal powder cored wire (…"
"""ultrasonic atomization"" rePowder",Physical and microstructural properties of ultrasonically atomized Nickel-Tungsten (NiW) powders,"SE Atabay , AA Baker , JT McKeown , T Voisin - Materials & Design, 2026 - Elsevier",,https://www.sciencedirect.com/science/article/pii/S0264127526011986,… Ultrasonic atomization was used to produce Ni–W alloy … Ultrasonic atomization generated predominantly spherical … These results demonstrate ultrasonic atomization as a viable route for …
"""ultrasonic atomization"" rePowder",Ultrasonic Atomization of a Refractory High-Entropy Alloy TiZrNbHfTa for Additive Manufacturing,"BS Dodge , S Niraula , N Shokri , JD Gillham, TA Berfield - Powders, 2026 - mdpi.com",Cited by 1,https://www.mdpi.com/2674-0516/5/3/25,"… In this investigation, an AMAZEMET rePowder system was used to prepare the TiZrNbHfTa powder. The first phase of the system is based on a cold crucible vacuum arc melting (VAM) …"
"""ultrasonic atomization"" rePowder",Impact of ultrasonic vibration frequency on the quality of produced NiTi and NiTi-20Hf powders for additive manufacturing applications,"M Sojoodi , A Behvar , A Celebi , NT Andani… - Advanced Powder …, 2025 - Elsevier",Cited by 12,https://www.sciencedirect.com/science/article/pii/S0921883125001669,… to those encountered in ultrasonic atomization (UA). Studies of Wei et al. [11] and Li et al. … and concentration characteristics of ultrasonic atomization using aqueous alcohol solutions. …
"""ultrasonic atomization"" AlSi10Mg powder","Gas vs. Ultrasonic Atomized AlSi10Mg Powders : Morphology, Flowability, and Discharge Behavior Using Real and In Silico Experiments","LS Peres , P Gargarella , R Condotta … - Powders , 2026 - mdpi.com",,https://www.mdpi.com/2674-0516/5/3/23,"… The objective of the present study was to compare gas and ultrasonic atomization of AlSi10Mg , with particular emphasis on morphology, rheology, Carney funnel flow, humidity response…"
"""ultrasonic atomization"" AlSi10Mg powder",Efeitos da umidade e temperatura nas características de pós de ligas de alumínio analisadas através de experimentos e simulação.,LS Peres - 2024 - bdtd.ibict.br,,https://bdtd.ibict.br/vufind/Record/USP_b51531bacf5a9727af32c8cf5bcfdb8a,"… by comparing gas atomization with ultrasonic atomization and simulating the flow process in AlSi10Mg powders , comparing gas atomization with ultrasonic atomization , with a focus on …"
"""ultrasonic atomization"" AlSi10Mg powder",A new Al-Cu alloy for LPBF developed via ultrasonic atomization,"C Monti , M Turani, K Papis , M Bambach - Materials & Design, 2023 - Elsevier",Cited by 39,https://www.sciencedirect.com/science/article/pii/S0264127523003222,"… This concept can serve as basis for future development of powder … The powder material, developed via ultrasonic atomization , is … of the powder feedstock as well as of AlSi10Mg parts …"
"""ultrasonic atomization"" AlSi10Mg powder",Effect of ultrasonic atomization parameters on AlSi12 aluminum powder characteristics for additive manufacturing,"A Yankin, HA Murtaza, B Golman , A Perveen … - Scientific Reports, 2025 - nature.com",Cited by 5,https://www.nature.com/articles/s41598-025-06086-7,… on AlSi12 powder quality via ultrasonic atomization (UA). … Results revealed a non-linear relationship between powder … of powder on the processability of AlSi10Mg powder in laser …
"""ultrasonic atomization"" AlSi10Mg powder",Quasi-static and fatigue properties of additively manufactured AlSi10Mg lattice of various scales,"Z Xu, R Branco , L Borrego , F Berto , SM Javad - RdAMM22, 2022 - siramm.unipr.it",,https://www.siramm.unipr.it/2_Events/3rdWorkshop/RdAMM22_programme_.pdf#page=40,… with the material of AlSi10Mg powder . All the manufactured … Ultrasonic atomization of magnesium alloy AZ61 based on the TIG melting method led to production of round shape powder …
"""ultrasonic atomization"" AlSi10Mg powder",Processability of aluminum-matrix composite (AMC) by ultrasonic powder atomization,"A JEDYNAK, S HÄRTEL , R PIPPIG… - Materials Research …, 2024 - mrforum.com",Cited by 1,https://mrforum.com/product/9781644903131-17/,… -matrix composite (AMC) powders using ultrasonic atomization for additive manufacturing (… Microstructure and mechanical properties of SiC reinforced AlSi10Mg composites fabricated …
"""ultrasonic atomization"" AlSi10Mg powder",Preparation of additive manufacturing powder by external field–enabled: a comparative assessment,"S Feng, D Jia, Y Fu, X Kong , Z Lv, E Zeng… - The International Journal …, 2024 - Springer",Cited by 18,https://link.springer.com/article/10.1007/s00170-023-12073-x,… Electrospray and ultrasonic atomization are two representative powder preparation methods suitable for preparing various powders used in AM. External field–enabled atomization is …
"""ultrasonic atomization"" AlSi10Mg powder",Heat Treatment Effect on SLM Printed Al-Si12 Using Ultrasonically Atomized Powder,"A Seisekulova, HA Murtaza, A Perveen … - … on Mechanical and …, 2023 - ieeexplore.ieee.org",,https://ieeexplore.ieee.org/abstract/document/10424631/,"… METHODOLOGY Ultrasonic atomization was used to produce metal powder by placing a heavy metal raw material near an electric arc, heating it with the arc at current 140A and …"
"""ultrasonic atomization"" AlSi10Mg powder",Research progress on powder preparation techniques for metal 3D printing,"Y GAO, Y WU - China Powder Science and Technology, 2025 - sciengine.com",Cited by 2,https://www.sciengine.com/doi/10.13732/j.issn.1008-5548.2025.06.005,"… 超声波雾化法( ultrasonic atomization ,UA)是一种低成本,高效的粉末生产技术,适用于制备高温合 金,… agglomeration of powder on the processability of AlSi10Mg powder in laser powder bed …"
"""ultrasonic atomization"" AlSi10Mg powder",Semi-finished powder of aluminum matrix composite for a direct energy deposition additive manufacturing,"R PIPPIG, S HÄRTEL , A NEUMANN… - Materials Research … - mrforum.com",,https://mrforum.com/product/9781644902479-22/,… powder was produced via ultrasonic atomization technology from the SiCP /AlSi9Mg manufactured by the DVC process. The produced SiCP /AlSi9Mg powder … SiC reinforced …
"""gas atomization"" ""batch-to-batch"" variability powder additive manufacturing",… influence of gas atomized powder morphology and size distribution on the mechanical performance of Nickel-based superalloys in additive manufacturing,"G Yang, J Xie, Q Li, H Wu, Y Ma, X Li, J Wang… - Materials Today …, 2025 - Elsevier",Cited by 3,https://www.sciencedirect.com/science/article/pii/S2352492825023712,"… Gas atomization is an efficient and cost-effective method for … However, batch - to - batch variability in LPBF component … in the physical properties of raw powder (eg, particle size distribution…"
"""gas atomization"" ""batch-to-batch"" variability powder additive manufacturing",Influence of satellite and agglomeration of powder on the processability of AlSi10Mg powder in Laser Powder Bed Fusion,"F Chu , K Zhang , H Shen , M Liu, W Huang… - Journal of Materials …, 2021 - Elsevier",Cited by 147,https://www.sciencedirect.com/science/article/pii/S223878542100140X,… Bed Fusion (LPBF) is one of the most popular additive manufacturing (AM) technologies which … of batch - to - batch variation in the properties of powder produced by gas atomization [14]. …
"""gas atomization"" ""batch-to-batch"" variability powder additive manufacturing",The application of powder rheology in additive manufacturing,"J Clayton, D Millington-Smith, B Armstrong - Jom, 2015 - Springer",Cited by 152,https://link.springer.com/article/10.1007/s11837-015-1293-z,"… Additive manufacturing (AM) is sensitive to powder variability when … powders were evaluated using a powder rheometer. Two were produced using the same method, gas atomization , …"
"""gas atomization"" ""batch-to-batch"" variability powder additive manufacturing",Development of atomization gas and alloy composition for gas atomization reaction synthesis of oxide dispersion strengthened ferritic alloys,EC Cockburn - 2023 - search.proquest.com,,https://search.proquest.com/openview/398a787343f9736fd18a250b98af806d/1?pq-origsite=gscholar&cbl=18750&diss=y,"… additive manufacturing techniques develop and unlock new potential for use in various industries, powder production … Long milling times and batch - to - batch variability of MA have led to …"
"""gas atomization"" ""batch-to-batch"" variability powder additive manufacturing",Additive Manufacturing with Metal Powders,"R Pérez-Bustamante - … , Practical and Disruptive Applications of Powder …, 2026 - Springer",,https://link.springer.com/chapter/10.1007/978-3-032-27130-3_3,… increased surface roughness and local variation in layer thickness. … Gas atomization generally produces spherical particles with … conditions improved batch - to - batch consistency and …
"""gas atomization"" ""batch-to-batch"" variability powder additive manufacturing",Improvement of SLM Build Rate of A357 alloy by optimizing Fluence,"S Cacace , Q Semeraro - Journal of Manufacturing Processes, 2021 - Elsevier",Cited by 20,https://www.sciencedirect.com/science/article/pii/S1526612521002164,… the most widely used Additive manufacturing technologies for … are a typical of the gas atomization process. The nominal … allowed us to check the batch - to - batch variability of the process. …
"""gas atomization"" ""batch-to-batch"" variability powder additive manufacturing",Laser Powder Bed Fusion Additive Manufacturing of Oxide Dispersion Strengthened Steel by in-Situ Reaction Synthesis,SM Saptarshi - 2022 - search.proquest.com,Cited by 1,https://search.proquest.com/openview/5cee355f43e1cd22eaf55320a5e3cf4e/1?pq-origsite=gscholar&cbl=18750&diss=y,… for their pioneering work on the gas atomization reaction synthesis powders that we used in … Another limitation is batch - to - batch variation due to the use of balls to shear oxide and metal …
"""gas atomization"" ""batch-to-batch"" variability powder additive manufacturing",Does additive manufacturing cause intergranular oxidation of high-temperature alloys? Case study of Ni-base alloy IN625,"A Chyrkin, JP Roth , K Jahns, D Naumenko - Case study of Ni-base alloy … - papers.ssrn.com",,https://papers.ssrn.com/sol3/papers.cfm?abstract_id=5499491,… for production of powder for PBF-LB/M. IN625 powder was produced by gas atomization using … This study was designed to differentiate the AM effects from the batch - to - batch variation …
"""gas atomization"" ""batch-to-batch"" variability powder additive manufacturing",Fabrication of Ultrafine FeNi50 Powders by Close-Coupled Laval-Type Hot- Gas Atomization : Particle-Size-Dependent Magnetic Domains and High-Frequency Core …,"S Lv, C Kuang, L Wang, H Ma, LB Meng… - Available at SSRN … - papers.ssrn.com",,https://papers.ssrn.com/sol3/papers.cfm?abstract_id=7386621,"… Deriving all five fractions from the same atomized feedstock minimized batch - to - batch compositional and processing variations , thereby providing a controlled basis for investigating …"
"""gas atomization"" ""batch-to-batch"" variability powder additive manufacturing",Novel consolidation methods of Fe-base oxide dispersion strengthened powders produced via gas - atomization reaction synthesis,R Fer - 2020 - search.proquest.com,,https://search.proquest.com/openview/71774d241d927f6680285d45c60c6b4e/1?pq-origsite=gscholar&cbl=18750&diss=y,"… milling times, and the resulting powders may vary in composition from batch to batch due to … inert gasses are common in MA powders [42]. Batch - to - batch variability is also a problem, as …"
"""lot-to-lot"" variability gas atomized powder additive manufacturing",Thermophysical properties of additively manufactured (AM) GRCop-42 and GRCop-84,"Y Chen , C Zeng , H Ding , S Emanet , PR Gradl … - Materials Today …, 2023 - Elsevier",Cited by 65,https://www.sciencedirect.com/science/article/pii/S2352492823013569,"… Metal additive manufacturing alloys are commonly used in various applications for medical, … The main source of chemical difference is the normal lot - to - lot variability in powder …"
"""lot-to-lot"" variability gas atomized powder additive manufacturing",Influence of reduced carbon content on microstructure and mechanical behavior of Inconel 718 prepared by laser powder bed fusion,"TD McLouth , DB Witkin, JR Lohser , GE Bean … - Additive Manufacturing …, 2022 - Elsevier",Cited by 13,https://www.sciencedirect.com/science/article/pii/S2772369022000123,"… used for powder production in commercial atomization practice… Baseline and Lean C powder was the carbon content, and … levels of variation are typical for lot - to - lot variations in IN718. …"
"""lot-to-lot"" variability gas atomized powder additive manufacturing","L-PBF of 4340 low alloy steel: influence of feedstock powder , layer thickness, and machine maintenance","E Jelis, M Hespos, SL Groeschler… - Journal of Materials …, 2019 - Springer",Cited by 31,https://link.springer.com/article/10.1007/s11665-018-3739-2,… powder bed fusion (L-PBF) is an additive manufacturing … the degree of variation in powder properties and mechanical … Powder porosity can vary from lot to lot because there are no …
"""lot-to-lot"" variability gas atomized powder additive manufacturing",From metrics to decisions: a robust evidential methodology for dimensional accuracy and manufacturability in DMLS SS316L,"BS Reddy, Y Saroja, GR Ponugoti , PP Kumar … - … Manufacturing …, 2026 - Springer",Cited by 1,https://link.springer.com/article/10.1007/s00170-026-17524-9,"… Powder variability was controlled by using the same supplier batch throughout, following … intentional blending or lot - to - lot substitution. Consequently, powder characteristics were treated …"
"""lot-to-lot"" variability gas atomized powder additive manufacturing",Impact of Powder Supply Variation on Mechanical Properties for Additive Manufacture of Alloy 718,"C Kantzos - … on Advanced Manufacturing Technologies for Nuclear …, 2020 - ntrs.nasa.gov",Cited by 1,https://ntrs.nasa.gov/citations/20205010580,… of these powders : 6 powders would not flow in Hall or Carney Cup – Powders with higher … Grain Orientation Spread shows the orientation variation within a grain. Unrecrystallized (as-…
"""lot-to-lot"" variability gas atomized powder additive manufacturing",Investigating microstructural and mechanical property uniformity in 316L stainless steel alloys processed via laser powder bed fusion process,"S Kusekar , J Desai , A Choudhari , S Ahsan … - Materials Science and …, 2026 - Elsevier",Cited by 5,https://www.sciencedirect.com/science/article/pii/S092150932600701X,… and customization offered by additive manufacturing (AM) … Studies consistently report significant variability in tensile properties … for lot - to - lot manufacturing reproducibility and powder …
"""lot-to-lot"" variability gas atomized powder additive manufacturing",Powder development and qualification for high-performance cold spray copper coatings on steel substrates,"D Poirier , JG Legoux, P Vo, B Blais … - Journal of Thermal …, 2019 - Springer",Cited by 43,https://link.springer.com/article/10.1007/s11666-019-00833-9,"… During recent development, a variability in coating bond strengths from one powder lot to … atomization , and these trials allowed powder specification development through lot - to - lot …"
"""lot-to-lot"" variability gas atomized powder additive manufacturing",Impact of heat treatment on mechanical behaviour of Inconel 718 processed with tailored microstructure by selective laser melting,"VA Popovich , EV Borisov , AA Popovich, VS Sufiiarov … - Materials & Design, 2017 - Elsevier",Cited by 519,https://www.sciencedirect.com/science/article/pii/S0264127517305476,"… Thereby, the capability of additive manufacturing to create … Gas atomized Inconel 718 powder (see [18] for chemical … life of materials with significantly less variation from lot to lot [29]. …"
"""lot-to-lot"" variability gas atomized powder additive manufacturing",Factors affecting the ductility of cold-sprayed copper coatings,"B Guerreiro, P Vo, D Poirier , JG Legoux… - Journal of Thermal …, 2020 - Springer",Cited by 28,https://link.springer.com/article/10.1007/s11666-020-00993-z,"… In a production environment, powder lot - to - lot variability is expected. In order to investigate the factors which affect ductility, we focus on the particle size distribution (Table 1) and …"
"""lot-to-lot"" variability gas atomized powder additive manufacturing",UMT promises tight control of particle size,"B Mais, GA Mowbray - Metal Powder Report, 1998 - Elsevier",Cited by 10,https://www.sciencedirect.com/science/article/pii/S0026065799800083,"… phenomena, the variation in particle size distribution from lot - to - lot changes the flow characteristics of the powder , forcing users to calibrate their sprayers for each new lot of powder . …"
"""gas atomization"" repeatability ""particle size distribution"" ""same conditions""",Characterization of spray atomization of 3003 aluminum alloy during linear spray atomization and deposition,"Y Zhou, S Lee, VG McDonell , S Samuelson… - … Materials Transactions B, 1998 - Springer",Cited by 9,https://link.springer.com/article/10.1007/s11663-998-0138-3,"… This is not surprising and illustrates that the particle size distribution varies throughout the … In order to understand the repeatability of the experiment, different linear atomization runs at …"
"""gas atomization"" repeatability ""particle size distribution"" ""same conditions""",Development of novel high entropy alloy feedstocks for powder bed fusion using equimolar CoFeNiCuMn composition,"S Altinok, YE Kalay - Powder Metallurgy, 2024 - journals.sagepub.com",Cited by 1,https://journals.sagepub.com/doi/abs/10.1177/00325899241273503,"… , laser diffraction for particle size distribution , and static and … On the other hand, the gas atomization used in this study has … to be tested under the same conditions of the PBF process, …"
"""gas atomization"" repeatability ""particle size distribution"" ""same conditions""",Tailoring of Thermophysical Properties of New TRIP/TWIP Steel Alloys to Optimize Gas Atomization,"I Korobeinikov , H Chaves , O Volkova - Austenitic TRIP/TWIP Steels and …, 2020 - Springer",Cited by 5,https://link.springer.com/chapter/10.1007/978-3-030-42603-3_3,… Both steel samples were atomized at the same conditions . … (a) and particle size distribution resulting for the atomization of … Figure 3.33b shows the resulting particle size distribution …
"""gas atomization"" repeatability ""particle size distribution"" ""same conditions""",Influence of Haynes 282 powder oxidation on powder properties and component quality in laser powder bed fusion,"R Kleba-Ehrhardt, J Dávila, J Geissler, G Mohr… - Additive …, 2025 - Elsevier",Cited by 1,https://www.sciencedirect.com/science/article/pii/S2214860425004154,"… The particle size distribution was determined using the LS 13 … powder batches under the same conditions , thereby enabling … the typical dendrites from gas atomization on the surface. Fig…"
"""gas atomization"" repeatability ""particle size distribution"" ""same conditions""",Control of interparticle cohesion in PS304 plasma spray deposited solid lubricant coating powder feedstock,MK Stanford - 2002 - search.proquest.com,Cited by 3,https://search.proquest.com/openview/ce98f6d2922e474f6282275ebf1a425a/1?pq-origsite=gscholar&cbl=18750&diss=y,… increasing particle size distribution due to interparticle friction… enabled the use of gas atomization for fabrication of novel … measurements with the same conditions was approximately 2…
"""gas atomization"" repeatability ""particle size distribution"" ""same conditions""",Hydrogen generation through hydrolysis of gas-atomized Ca–Mg eutectic alloys,"C Kajai, T Fujita - International Journal of Hydrogen Energy, 2026 - Elsevier",Cited by 1,https://www.sciencedirect.com/science/article/pii/S0360319925063220,"… Next, we used gas atomization to produce Ca–Mg eutectic … MgH 2 under the same conditions , suggesting a cooperative … image showing a broad particle size distribution (40–170 μm)…"
"""gas atomization"" repeatability ""particle size distribution"" ""same conditions""",Novel cold crucible ultrasonic atomization powder production method for 3D printing,"Ł Żrodowski , R Wróblewski , T Choma , B Morończyk … - Materials, 2021 - mdpi.com",Cited by 70,https://www.mdpi.com/1996-1944/14/10/2541,"… Typically, such powders are produced via gas atomization [3]… to compare the particle size distribution in various alloys. … Since all the tests were performed under the same conditions …"
"""gas atomization"" repeatability ""particle size distribution"" ""same conditions""",Ultra strong FCC structured Ni8Cr4Co4Fe6W2 high entropy alloys with high strength and ductility by laser powder bed fusion,"Z Gu, J He, Y Qin, P Zhang , P Zhang, D Zhang… - Journal of Alloys and …, 2024 - Elsevier",Cited by 17,https://www.sciencedirect.com/science/article/pii/S0925838824011678,"… At present, the gas atomization method (GA) is the main … used to measure the particle size distribution of alloy powder at … were manufactured under the same conditions with the same …"
"""gas atomization"" repeatability ""particle size distribution"" ""same conditions""",Moro nczyk,"Ł Zrodowski , R Wróblewski , T Choma - Eng. Mater, 2020 - academia.edu",Cited by 1,https://www.academia.edu/download/82126997/pdf.pdf,"… Typically, such powders are produced via gas atomization [3]… to compare the particle size distribution in various alloys. … Since all the tests were performed under the same conditions …"
"""gas atomization"" repeatability ""particle size distribution"" ""same conditions""",The influence of feedstock powder,"A Nastic , D MacDonald , B Jodoin - Cold Spray in the Realm of Additive …, 2020 - Springer",Cited by 20,https://link.springer.com/chapter/10.1007/978-3-030-42756-6_3,"… are produced using inert gas atomization , plasma atomization, … using spherical powders under the same conditions . This … that reduce the coating reproducibility and homogeneity. …"
"""ultrasonic atomisation"" metal powder sphericity yield ""standard deviation""",Powder characterization and material properties of 18Ni300 recycled PBF-LB/M scrap by ultrasonic atomization,"A Łagoda , A Pawlak , A Kurek , K Moj, S Lis - International Journal of …, 2025 - Springer",Cited by 7,https://link.springer.com/article/10.1007/s40684-024-00681-1,… can still occur and the powder yield within the 20–150 µm size … The sphericity of the powder particles should be greater than … HV 355 with standard deviation of 5.78 and HV 630 with the …
"""ultrasonic atomisation"" metal powder sphericity yield ""standard deviation""",A new Al-Cu alloy for LPBF developed via ultrasonic atomization,"C Monti , M Turani, K Papis , M Bambach - Materials & Design, 2023 - Elsevier",Cited by 39,https://www.sciencedirect.com/science/article/pii/S0264127523003222,"… signal from the powder , the as-built specimens yield a signal … For this reason, the standard deviation calculated for the Cu … quality ( sphericity , flowability, and PSD) of the powder , but …"
"""ultrasonic atomisation"" metal powder sphericity yield ""standard deviation""",Advances in atomisation techniques for the formation of metal powders,"JJ Dunkley - Advances in Powder Metallurgy, 2013 - Elsevier",Cited by 57,https://www.sciencedirect.com/science/chapter/edited-volume/pii/B9780857094209500015,"… the standard deviation (σ) which is 1.0 for a monosize powder and … Ultrasonic atomisation provided a solution for the yield , … the finer Type IV powder size at high yields and unit outputs …"
"""ultrasonic atomisation"" metal powder sphericity yield ""standard deviation""",Use of Cored Wire in the Optimisation of New Alloys for Laser Powder Bed Fusion with Tailored Mechanical and Corrosion Properties,"E Palmer, S Mehraban , D Butcher, M Ritchie… - 2024 - repositories.lib.utexas.edu",,https://repositories.lib.utexas.edu/items/d84e15cb-6688-443e-9077-60005445cc9a,"… cored-wire coupled with Ultrasonic Atomisation can be used to … the wire, so the standard deviation represents the acceptable … , which might be expected from the high levels of sphericity . …"
"""ultrasonic atomisation"" metal powder sphericity yield ""standard deviation""","Atomisation, powder characterisation: 2 Metal powders","JJ Dunkley, R Ruthardt - Powder Metallurgy Data: Part 1: Metals and …, 2003 - Springer",,https://link.springer.com/content/pdf/10.1007/10689123_4.pdf,"… Although inert gas, centrifugal and ultrasonic atomisation are … As sphericity or particle shape is normally specified to affect … , the smallest standard deviation will give the highest yield , …"
"""ultrasonic atomisation"" metal powder sphericity yield ""standard deviation""","Enhancing martensitic steel feedstock sustainability in laser powder bed fusion through degradation analysis, process optimisation and design-driven productivity",A Alagesan - 2026 - dr.ntu.edu.sg,,https://dr.ntu.edu.sg/entities/publication/209c80b9-6d03-468d-885e-6b342440ec27,… low scatter across powder batches under this study’s window [127]. Recycling strategies such as ultrasonic atomisation of 18Ni300 scrap produced highly spherical powders and with a …
"""ultrasonic atomisation"" metal powder sphericity yield ""standard deviation""",Advanced Mesoporous Particles for Colon-targeted Delivery: Insights into Enhanced Delivery of Proteolysis-targeting Chimeras,SJ AlShatti - 2025 - publications.aston.ac.uk,,https://publications.aston.ac.uk/id/eprint/48802/,"… Relative standard deviation s … Standard deviation SEM … overview of spray drying via ultrasonic atomisation , PROTACs, and colon-targeted delivery. …"
"""ultrasonic atomisation"" metal powder sphericity yield ""standard deviation""",Spray-Drying of Enzymes on the Bench-Top Scale with lengthened Chamber Retention Time,J Schäfer - 2015 - open.fau.de,Cited by 3,https://open.fau.de/bitstreams/68fe2653-211e-46db-8ce4-d74de339b88c/download,… dried protein powder has to be stable and flowable with a yield as … The mean value and the standard deviation were calculated … Through ultrasonic atomisation larger lysozyme particles …
"""ultrasonic atomisation"" metal powder sphericity yield ""standard deviation""",Single-Stream Spray Drying Process to Generate Uniform and Functional Powder Particles,AK Elzhry Elyafi - 2021 - publications.aston.ac.uk,,https://publications.aston.ac.uk/id/eprint/43722/,"… As a result, Mono-SD powders showed significantly better bulk powder properties (eg … SD powders was less than 16º, whereas it was above 42º for all other untreated/SD powders …"
"""ultrasonic atomisation"" metal powder sphericity yield ""standard deviation""",Fatigue behaviour of inconel 625 produced by directed energy deposition,D de Araújo Maciel - 2021 - search.proquest.com,Cited by 3,https://search.proquest.com/openview/0bfbaf4aa6411ee7a70f2b557139d455/1?pq-origsite=gscholar&cbl=2026366&diss=y,"… Using metallic powder , a binder and then a metallic infiltrator, metal parts can be produced. … , as well as the production of metallic powders are approached. Other relevant topics are …"
"""ultrasonic atomization"" reproducibility ""particle size"" metal powder",Flexible powder production for additive manufacturing of refractory metal -based alloys,"F Hinrichs, A Kauffmann , D Schliephake , S Seils… - Metals , 2021 - mdpi.com",Cited by 27,https://www.mdpi.com/2075-4701/11/11/1723,… made of Mo-20Si-52.8-Ti (at.%) were produced by a novel ultrasonic atomization (UA) … reproducibility . The particle size distributions of the three UA powder batches showed good …
"""ultrasonic atomization"" reproducibility ""particle size"" metal powder",Enhancing niobium powder quality for additive manufacturing through ultrasonic atomization and calibrated rolling,"S Wróbel, P Ostachowski , K Żaba , P Maj … - … International Journal of …, 2026 - Springer",,https://link.springer.com/article/10.1007/s00170-026-18599-0,… use of ultrasonic atomization in the context of metal powder … particle size range obtained during ultrasonic atomization . … requirement for achieving reproducible layer deposition and …
"""ultrasonic atomization"" reproducibility ""particle size"" metal powder",Spherical powders : Control over the size and morphology of powders for additive manufacturing and enriched stable isotope nuclear targets,"M Zach , D Brashear, J Duran … - EPJ Web of …, 2023 - epj-conferences.org",Cited by 10,https://www.epj-conferences.org/articles/epjconf/abs/2023/11/epjconf_intds2023_03002/epjconf_intds2023_03002.html,"… The production of spheroidized powders with uniform, reproducible … Ultrasonic atomization was the technique determined to be … vibrations will shift the particle size distribution produced. …"
"""ultrasonic atomization"" reproducibility ""particle size"" metal powder",On the Ultrasonic Atomization of SS316L Parts Manufactured via Laser Powder Bed Fusion for the Closed-Loop Production,"O Bashmakova, L Fedorenko , A Vasilev … - … of Manufacturing and …, 2026 - mdpi.com",,https://www.mdpi.com/2504-4494/10/3/93,"… with well-defined and reproducible powder characteristics. … In this study, virgin 316L stainless steel powder with a fraction of 15–… of ultrasonic atomization parameters on the particle size …"
"""ultrasonic atomization"" reproducibility ""particle size"" metal powder",Ultrasonic Atomization of a Refractory High-Entropy Alloy TiZrNbHfTa for Additive Manufacturing,"BS Dodge , S Niraula , N Shokri , JD Gillham, TA Berfield - Powders , 2026 - mdpi.com",Cited by 1,https://www.mdpi.com/2674-0516/5/3/25,"… ultrasonic atomization can produce highly homogeneous powder with high sphericity, low porosity, and a particle size … These analyses were used to determine the repeatability of the …"
"""ultrasonic atomization"" reproducibility ""particle size"" metal powder",Integration of Circular Economy into Metal Additive Manufacturing: A Review of Ultrasonic Plasma Atomization for Producing Virgin and Recycled NiTi Powder,"M Sojoodi , A Behvar , H Bajaj , S Mohajerani … - Shape Memory and …, 2026 - Springer",Cited by 7,https://link.springer.com/article/10.1007/s40830-025-00589-y,"… powders are reported to have finer average particle size and … (run-to-run repeatability of powder properties) are being … Consistent with ultrasonic atomization physics and our data, 40 …"
"""ultrasonic atomization"" reproducibility ""particle size"" metal powder",Powder characterization and material properties of 18Ni300 recycled PBF-LB/M scrap by ultrasonic atomization,"A Łagoda , A Pawlak , A Kurek , K Moj, S Lis - International Journal of …, 2025 - Springer",Cited by 7,https://link.springer.com/article/10.1007/s40684-024-00681-1,… A promising method for producing metal powder for addi‑ … While powders with a varied particle size exhibit high packing … Impact of powder reusability on batch repeatability of Ti6Al4V …
"""ultrasonic atomization"" reproducibility ""particle size"" metal powder",Preparation of additive manufacturing powder by external field–enabled: a comparative assessment,"S Feng, D Jia, Y Fu, X Kong , Z Lv, E Zeng… - The International Journal …, 2024 - Springer",Cited by 18,https://link.springer.com/article/10.1007/s00170-023-12073-x,"… This mode has good repeatability and can produce highly … and broaden the particle size distribution of metal powders . As for … of metal powders , contact ultrasonic atomization is mostly …"
"""ultrasonic atomization"" reproducibility ""particle size"" metal powder",Novel cold crucible ultrasonic atomization powder production method for 3D printing,"Ł Żrodowski , R Wróblewski , T Choma , B Morończyk … - Materials, 2021 - mdpi.com",Cited by 70,https://www.mdpi.com/1996-1944/14/10/2541,"… [1] to ensure process repeatability and high density [2] of … during chemical optimization of precious metal powders such as gold [5] … atomized powder has almost uniform particle size , gas …"
"""ultrasonic atomization"" reproducibility ""particle size"" metal powder",Comprehensive analysis of FeMn powder fabricated using ultrasonic atomization technique,"SA Khan, MRV Sereshk, BD Nelson - Powder Technology, 2025 - Elsevier",Cited by 6,https://www.sciencedirect.com/science/article/pii/S0032591025001202,"… and controlled for reliability and repeatability of the additively … is to produce Fe-xMn alloys metal powders for AM using UA … Therefore, in the current study particle size was determined …"
"""ATO Lab"" ultrasonic atomization powder",An investigation of the metal powder ultrasound atomisation process of 316L stainless steel,"B Bałasz , Ł Żurawski, D Laskowska, N Muts … - Materials, 2024 - mdpi.com",Cited by 11,https://www.mdpi.com/1996-1944/17/22/5642,"… The ultrasonic atomisation process was carried out using an ATO Lab atomiser (3D Lab, Warsaw, Poland). The experimental plan was created using the Taguchi method. The variables …"
"""ATO Lab"" ultrasonic atomization powder",Effect of ultrasonic atomization parameters on AlSi12 aluminum powder characteristics for additive manufacturing,"A Yankin, HA Murtaza, B Golman , A Perveen … - Scientific Reports, 2025 - nature.com",Cited by 5,https://www.nature.com/articles/s41598-025-06086-7,"… , and vibration amplitude on AlSi12 powder quality via ultrasonic atomization (UA). Parameter … The AlSi12 powder was produced using an ultrasonic atomizer ( ATO Lab + US35). The …"
"""ATO Lab"" ultrasonic atomization powder",Comprehensive analysis of FeMn powder fabricated using ultrasonic atomization technique,"SA Khan, MRV Sereshk, BD Nelson - Powder Technology, 2025 - Elsevier",Cited by 6,https://www.sciencedirect.com/science/article/pii/S0032591025001202,… Ultrasonic atomization process employed for this study utilized ATO Lab + US35 machine supplied by 3D Lab Ltd. [25]. This installation consists of eight sub-systems: material feeding …
"""ATO Lab"" ultrasonic atomization powder",Comprehensive analysis of ultrasonically atomized 316L stainless steel powder using adjusted additive manufacturing suitability factor,"A Yankin, HA Murtaza, A Ospanov, G Zharkynbekova… - Powder Technology, 2024 - Elsevier",Cited by 20,https://www.sciencedirect.com/science/article/pii/S0032591024006478,"… by the commercially available US atomizer , model ATO Lab + US35. … powder . Subsequently, we conduct a detailed comparison between the powder produced by ultrasonic atomization (…"
"""ATO Lab"" ultrasonic atomization powder",Toward novel AM feedstocks: Ultrasonically atomized 7075 and Al–Zn–Mg–Cu–Co–Cr–Mo powders,"V Kvvssn , H Laieghi , MM Butt , P Ansari , MU Salamci… - Powder Technology, 2025 - Elsevier",Cited by 4,https://www.sciencedirect.com/science/article/pii/S0032591025013804,"… were produced at Additive Manufacturing Technologies Application and Research Center (EKTAM), using a 3DLAB ATO Lab + ultrasonic atomization system, equipped with an …"
"""ATO Lab"" ultrasonic atomization powder",Enhancing niobium powder quality for additive manufacturing through ultrasonic atomization and calibrated rolling,"S Wróbel, P Ostachowski , K Żaba , P Maj … - … International Journal of …, 2026 - Springer",,https://link.springer.com/article/10.1007/s00170-026-18599-0,"… z oo, the manufacturer of the ATO Lab + ultrasonic atomization system employed in this investigation. This institutional affiliation represents a potential conflict of interest. The findings …"
"""ATO Lab"" ultrasonic atomization powder","Magnetocaloric effect in La1− zCez (Fe0. 88− yMnySi0. 12) 13 with tunable, low transition temperature in high magnetic fields","M Straßheim, C Salazar Mejía , E Bykov… - Journal of Applied …, 2025 - pubs.aip.org",Cited by 8,https://pubs.aip.org/aip/jap/article/137/4/045106/3332825,… ATO LAB PLUS (3DLab) ultrasonic atomizer for metal powder production to produce spherical powder … In order to determine the powder shape and the powder ’s quality in terms of inner …
"""ATO Lab"" ultrasonic atomization powder",Ultrasonic powder atomization for additive manufacturing,"D Halapi, L Varga - International Journal of Engineering and …, 2023 - ojs.lib.unideb.hu",Cited by 6,https://ojs.lib.unideb.hu/IJEMS/article/view/12309,"… powders . Based on my experience so far, the steel metal powder produced by the ATO lab ultrasonic … One solution to this is ultrasonic atomization , as a result of which good surface …"
"""ATO Lab"" ultrasonic atomization powder",Impact of Chemical Composition Changes during Ultrasound Atomization and Laser Powder Bed Fusion of Low Alloy Steel,"P Ledwig , H Pasiowiec, B Truczka… - steel research …, 2025 - Wiley Online Library",Cited by 3,https://onlinelibrary.wiley.com/doi/abs/10.1002/srin.202400257,"… ultrasonic atomization (UA) and laser powder bed fusion (LPBF) of low-alloy steel. UA is used to produce a spherical powder … The ATO LAB þ Ultrasonic Atomizer (3D lab, Poland) was …"
"""ATO Lab"" ultrasonic atomization powder",On the Ultrasonic Atomization of SS316L Parts Manufactured via Laser Powder Bed Fusion for the Closed-Loop Production,"O Bashmakova, L Fedorenko , A Vasilev … - … of Manufacturing and …, 2026 - mdpi.com",,https://www.mdpi.com/2504-4494/10/3/93,… The rods were atomized at the ATO Lab Plus US35 ultrasonic metal powder … The first stage of this work was to study the powders obtained by ultrasonic atomization of printed rods under …
"""ultrasonic atomization"" powder ""repeated"" runs ""particle size distribution"" alloy",Integration of Circular Economy into Metal Additive Manufacturing: A Review of Ultrasonic Plasma Atomization for Producing Virgin and Recycled NiTi Powder,"M Sojoodi , A Behvar , H Bajaj , S Mohajerani … - Shape Memory and …, 2026 - Springer",Cited by 7,https://link.springer.com/article/10.1007/s40830-025-00589-y,"… powders are predominantly used in less reactive alloys like … > 0.9) and controlled particle size distribution , while potentially … Consistent with ultrasonic atomization physics and our data, …"
"""ultrasonic atomization"" powder ""repeated"" runs ""particle size distribution"" alloy",Influence of the feedstock-viscosity on photolithography-based metal manufacturing–predict printability threshold,"A Holzer, S Pfeifenberger, G Harakály… - European Journal of …, 2026 - Taylor & Francis",Cited by 1,https://www.tandfonline.com/doi/abs/10.1080/26889277.2025.2611574,"… The particle size distribution of those powders was analysed … size, powder was produced by ultrasonic atomization and … , how to select the powder for an alloy and therefore to speed up …"
"""ultrasonic atomization"" powder ""repeated"" runs ""particle size distribution"" alloy",Comparison of ultrasonic and other atomization methods in metal powder production,"B Bałasz , M Bielecki, W Gulbiński … - Journal of Achievements …, 2023 - bibliotekanauki.pl",Cited by 38,https://bibliotekanauki.pl/articles/24200641.pdf,… (AM) research needs new alloys to grow and offer new … Ultrasonic atomization (UA) with melting raw material by an electric arc. Characterisation of the powders : particle size distribution (…
"""ultrasonic atomization"" powder ""repeated"" runs ""particle size distribution"" alloy","Upcycling of Copper Scrap into High-Quality Powder for Additive Manufacturing: Processing, Characterization, and Sustainability Assessment","M Cabrioli , M Silva Colmenero… - … of Manufacturing and …, 2025 - mdpi.com",Cited by 6,https://www.mdpi.com/2504-4494/9/9/320,"… These advancements in recycling high-performance alloys set … By employing ultrasonic atomization , we seek to refine … Particle size distribution (PSD) was determined using a …"
"""ultrasonic atomization"" powder ""repeated"" runs ""particle size distribution"" alloy","Design-Oriented Comparison of Si–Me (Me= Mo, Ti, Zr, Ta, W) Infiltration Coatings on C/C Sonotrodes for Ultrasonic Atomization of CuSn8: Microstructure …","T Choma , MJ Kruszewski , A Chądzyńska, B Kalicki… - Materials, 2026 - mdpi.com",,https://www.mdpi.com/1996-1944/19/13/2803,… apparent differences in particle - size distribution were observed … run was performed using a CuSn8 alloy melt (~500 g per run ). … Despite repeated thermal cycling and interaction with the …
"""ultrasonic atomization"" powder ""repeated"" runs ""particle size distribution"" alloy",Rapid Solidification Effects in Additively Manufactured Si and SiGe Compositions,"HC Hyer , MN Cinbiz , H Wang , M Zach … - ACS Applied …, 2025 - ACS Publications",,https://pubs.acs.org/aaemdr/article/3/8/2365/3660454,"… During ultrasonic atomization , the ingot is placed on a Mo- alloy (TZM) sonotrode, as shown … The powder manufactured using ultrasonic atomization had a 90% particle size distribution …"
"""ultrasonic atomization"" powder ""repeated"" runs ""particle size distribution"" alloy",Additively manufacturable high-strength aluminum alloys with thermally stable microstructures enabled by hybrid machine learning-based design,"SM Taheri-Mousavi , M Xu , F Hengsbach … - arXiv preprint arXiv …, 2024 - arxiv.org",Cited by 11,https://arxiv.org/abs/2406.17457,… -2.33Er wt% for ultrasonic atomization of the powder (Fig. 2c … We repeated the measurement 5 times for various initial seeds for … The particle size distribution for the MLoptimized powder …
"""ultrasonic atomization"" powder ""repeated"" runs ""particle size distribution"" alloy",A novel approach for modifying aluminum powder EN AW-7075 with na-noparticles for additive manufacturing,"M Dreyer, F Hengsbach , KP Hoyer , E Zhuravlev … - Available at SSRN … - papers.ssrn.com",,https://papers.ssrn.com/sol3/papers.cfm?abstract_id=6459460,"… This flooding procedure is repeated three times until the … ultrasonic atomization , the modified powder was sieved with a … particle size distribution for the initial 7075 aluminum alloy …"
"""ultrasonic atomization"" powder ""repeated"" runs ""particle size distribution"" alloy",Recent Progress in the Development of Aluminum Alloys to Prevent Defects in Additive Manufacturing: Emiralioğlu and Ünal,"A Emiralioğlu , R Ünal - JOM, 2025 - Springer",Cited by 2,https://link.springer.com/article/10.1007/s11837-025-07708-1,"… a new layer, and this cycle is repeated until the part is made. The … Particle size distribution values vary depending on the … The ultrasonic atomization (UA) method has been developed …"
"""ultrasonic atomization"" powder ""repeated"" runs ""particle size distribution"" alloy",Metal Powder Recycling in Additive Manufacturing: A Review of Pathways and Opportunities,"M Isakhani Zakaria, J Sundelin - Metals, 2026 - mdpi.com",,https://www.mdpi.com/2075-4701/16/8/871,"… such as chemical composition, particle size distribution (PSD), … - powders , metal–matrix composite and alloy powders have … Recently, ultrasonic atomization (UA) has been introduced …"
"""gas atomization"" ""run-to-run"" powder",Integration of Circular Economy into Metal Additive Manufacturing: A Review of Ultrasonic Plasma Atomization for Producing Virgin and Recycled NiTi Powder,"M Sojoodi , A Behvar , H Bajaj , S Mohajerani … - Shape Memory and …, 2026 - Springer",Cited by 7,https://link.springer.com/article/10.1007/s40830-025-00589-y,"… Moreover, powders produced via gas atomization typically exhibit inferior quality compared … stages; scalability and consistency ( run - to - run repeatability of powder properties) are being …"
"""gas atomization"" ""run-to-run"" powder",Particle size measurement of inert-gas-atomized powder,"FS Biancaniello, JJ Conway, PI Espina… - Materials Science and …, 1990 - Elsevier",Cited by 32,https://www.sciencedirect.com/science/article/pii/0921509390903292,… metal powder produced by the inert gas atomization process … Run - to - run variability was significantly better with this set-up; … that 50% by weight of the powder has a particle size of 20 Nm …
"""gas atomization"" ""run-to-run"" powder","Inert Gas Metal Atomization Using a Laval Nozzle, Preheated Gas and Radial Melt Injection",H Chaves - ilass19.sciencesconf.org,,https://ilass19.sciencesconf.org/247473/ILASS_Paris_2019_Chaves_paper_17_6.pdf,"… A new strategy for the inert gas atomization of melts is … The peak of the distribution varies a little from run to run , the … are very fine particles in the powder that are much smaller than 1 µm. …"
"""gas atomization"" ""run-to-run"" powder",Characterization of spray atomization of 3003 aluminum alloy during linear spray atomization and deposition,"Y Zhou, S Lee, VG McDonell , S Samuelson… - … Materials Transactions B, 1998 - Springer",Cited by 9,https://link.springer.com/article/10.1007/s11663-998-0138-3,… of powder weight percentage against powder diameter. Another form of representation of the cumulative number with powder … out to characterize the uncertainty relating to run - to - run …
"""gas atomization"" ""run-to-run"" powder",Experiment–simulation synergy on multiscale breakup dynamics in wire arc spray atomization,"M Sukkee, P Kongphan - Advanced Modeling and Simulation in …, 2025 - Springer",Cited by 1,https://link.springer.com/article/10.1186/s40323-025-00317-2,"… powder production, Luo et al. [27] used VOF–DPM simulations to explore defect formation during gas atomization , … repeatable, with negligible run - to - run variability. Numerical sensitivity …"
"""gas atomization"" ""run-to-run"" powder","Modeling of heat transfer, fluid flow and solidification microstructure of nickel-base superalloy fabricated by laser powder bed fusion","YS Lee , W Zhang - Additive Manufacturing, 2016 - Elsevier",Cited by 586,https://www.sciencedirect.com/science/article/pii/S2214860416300872,"… IN718 powder fabricated by gas atomization was used. Examination of the powder particles … exact diameters of individual particles varied from run to run . In addition, the initial position of …"
"""gas atomization"" ""run-to-run"" powder",Processing Effects on O and H in Ta Powder for Metal Additive Manufacturing,AH Lyon - 2023 - digital.wpi.edu,,https://digital.wpi.edu/downloads/td96k595x,"… O and H impurities left over from gas atomization or HDH processes could lead to undesired … deviation of the control powder , the results may be withing run - to - run variation and should …"
"""gas atomization"" ""run-to-run"" powder",Use of de laval nozzles in spray forming,"KM McHugh, JF Key - Journal of Thermal Spray Technology, 1994 - Springer",Cited by 9,https://link.springer.com/article/10.1007/BF02648277,"… During gas atomization , a liquid is disintegrated into fine … The size distribution of tin powder collected during spray … in spray parameters from run - to - run . Compared to commercial hot …"
"""gas atomization"" ""run-to-run"" powder",Defect Monitoring of Complex Geometries Through Machine Learning in LPBF Metal Additive Manufacturing,"M Magolon, J Boer , M Elbestawi - Journal of Manufacturing and Materials …, 2026 - mdpi.com",Cited by 2,https://www.mdpi.com/2504-4494/10/4/127,… Gas entrapped in powder particles during the gas atomization process contributes to gas-… across builds to reduce run - to - run variability. Powder handling and recoating procedures …
"""gas atomization"" ""run-to-run"" powder",Rotating disk atomization of Gd and Gd-Y for hydrogen liquefaction via magnetocaloric cooling,T Slinger - 2016 - dr.lib.iastate.edu,Cited by 2,https://dr.lib.iastate.edu/handle/20.500.12876/30200,… Gas atomization produces spheres <100µm well but tend to have prominent internal porosity in larger powders [… were varied from run to run in order to affect the powder distribution (see …
"""powder lot"" variability ""particle size distribution"" ""laser powder bed fusion"" AlSi10Mg",Morphology-aware multi-factor optimization of porosity in AlSi10Mg laser powder bed fusion,"KS Korobov , LN Lesnevskiy, ES Statnik … - International Journal of …, 2026 - Elsevier",,https://www.sciencedirect.com/science/article/pii/S2588840426000065,"… The proposed workflow facilitates parameter selection, powder - lot … Particle size distribution of the AlSi10Mg powder … The approach included design of experiments with variation of …"
"""powder lot"" variability ""particle size distribution"" ""laser powder bed fusion"" AlSi10Mg",Quality study of parts for aeronautic sector produced by L-PBF: from feedstock to final product,ALSM Ferramacho - 2025 - comum.rcaap.pt,,https://comum.rcaap.pt/entities/publication/56540504-f566-46c1-b617-992114ca4318,"… parts produced in AlSi10Mg by additive manufacturing using Laser Powder Bed Fusion , at … The quality of the feedstock was evaluated, including particle size distribution , chemical …"
"""powder lot"" variability ""particle size distribution"" ""laser powder bed fusion"" AlSi10Mg","Recyclability in Metal Additive Manufacturing: Bridging Powder Lifecycle, Defect Evolution and Fatigue-Critical Reliability Across SLM and EBM","AC Lopes , AFV Pedroso , FJG Silva, RDSG Campilho … - Machines, 2026 - researchgate.net",Cited by 1,https://www.researchgate.net/profile/Andre-Pedroso-3/publication/408509180_Recyclability_in_Metal_Additive_Manufacturing_Bridging_Powder_Lifecycle_Defect_Evolution_and_Fatigue-Critical_Reliability_Across_SLM_and_EBM/links/6a5510b037be4e7a63c473b8/Recyclability-in-Metal-Additive-Manufacturing-Bridging-Powder-Lifecycle-Defect-Evolution-and-Fatigue-Critical-Reliability-Across-SLM-and-EBM.pdf,"… in powder morphology, particle size distribution , chemical … SLM, commonly referred to as laser powder bed fusion , … and porosity from recycling AlSi10Mg powder accelerates crack …"
"""powder lot"" variability ""particle size distribution"" ""laser powder bed fusion"" AlSi10Mg",Laser Powder - Bed Fusion for Metals,"K Hsu , L Yang , F Medina , J Mireles , M Menon… - … Manufacturing of Metals …, 2026 - Springer",Cited by 1,https://link.springer.com/chapter/10.1007/978-3-032-04961-2_4,… power or focus fluctuations can introduce variability in melt pool … Particle size distribution (PSD) affects how densely a powder … test on coupons from a new powder lot to ensure that the …
"""powder lot"" variability ""particle size distribution"" ""laser powder bed fusion"" AlSi10Mg",On the processability of aluminium alloys by PBF-L/M additive manufacturing technology,"I González-Barba, A Periñán, J Santaolaya… - Key Engineering …, 2023 - Trans Tech Publ",Cited by 1,https://www.scientific.net/KEM.958.165,"… ultra-spherical particle shape and with a controlled particle size distribution (PSD). The powder … of AlSi10Mg powder on the quality of parts produced by laser powder bed fusion (LPBF),” …"
"""powder lot"" variability ""particle size distribution"" ""laser powder bed fusion"" AlSi10Mg","Superalloys, powders, process monitoring in additive","K Minet¹, A Saharan , A Loesser… - … Manufacturing for the …, 2019 - books.google.com",,https://books.google.com/books?hl=en&lr=&id=IlSIDwAAQBAJ&oi=fnd&pg=PA163&dq=%22powder+lot%22+variability+%22particle+size+distribution%22+%22laser+powder+bed+fusion%22+AlSi10Mg&ots=BCIcaBxuRk&sig=wylEGZnsOfOwW-PemCNqsiB78OQ,"… when processed by laser powder bed fusion , for example, is … AlSi10Mg or O/N pickup in Ti6Al4V can quickly determine if the feedstock is within specifications. 3 Particle size distribution (…"
"""powder lot"" variability ""particle size distribution"" ""laser powder bed fusion"" AlSi10Mg",Recycled powders: an eco-design approach for laser - powder bed fusion,"M Amicarelli, M Trovato , D Ferrara, P Cicconi - Procedia CIRP, 2025 - Elsevier",Cited by 2,https://www.sciencedirect.com/science/article/pii/S2212827125008698,"… by the operator, consequently the variability of the data must be … of the powder lot to analyze the following parameters: … Recycling of additive manufactured AlSi10Mg and its effect on …"
"""powder lot"" variability ""particle size distribution"" ""laser powder bed fusion"" AlSi10Mg",Influence of particle morphology and size distribution on the powder flowability and laser powder bed fusion manufacturability of Ti-6Al-4V alloy,"SE Brika, M Letenneur, CA Dion , V Brailovski - Additive Manufacturing, 2020 - Elsevier",Cited by 600,https://www.sciencedirect.com/science/article/pii/S2214860419311868,"… that the narrower the particle size distribution , the higher the … found in [14] where AlSi10Mg powder with a wider powder … results obtained for a given powder lot , but with two different …"
"""powder lot"" variability ""particle size distribution"" ""laser powder bed fusion"" AlSi10Mg","Caratterizzazione a fatica delle leghe AlSi7Mg, Ti6Al4V e X3NiCoMoTi prodotte mediante Laser Powder Bed Fusion",S Defanti - 2020 - iris.unimore.it,,https://iris.unimore.it/handle/11380/1200756,"… implant stabilization, porosity or cellular density variations can allow for stiffness selections to … homogenized into a final powder lot to obtain the suitable Particle Size Distribution (PSD). …"
"""powder lot"" variability ""particle size distribution"" ""laser powder bed fusion"" AlSi10Mg","Metal powder feedstock evaluation and management for powder bed fusion: a review of literature, standards, and practical guidelines","DW Gibbons , P Govender… - Progress in additive …, 2024 - Springer",Cited by 52,https://link.springer.com/article/10.1007/s40964-023-00484-x,… condition while still upholding traceability to the original powder lot . The term “batch” is defined … material specification to allow for small variations in the powder chemistry during powder …
