time_mdt,broadcast,stream_offset_s,median_change,max_change
12:30:09,EpFB_QaDegU,26940,0.0,38.3
12:30:19,EpFB_QaDegU,26950,0.0,31.5
12:30:29,EpFB_QaDegU,26960,0.1,31.7
12:30:39,EpFB_QaDegU,26970,0.0,38.3
12:30:49,EpFB_QaDegU,26980,0.0,31.9
12:30:59,EpFB_QaDegU,26990,0.1,32.7
12:31:09,EpFB_QaDegU,27000,0.1,38.2
12:31:19,EpFB_QaDegU,27010,0.1,33.5
12:31:29,EpFB_QaDegU,27020,0.0,31.8
12:31:39,EpFB_QaDegU,27030,0.0,38.6
12:31:49,EpFB_QaDegU,27040,0.0,33.0
12:31:59,EpFB_QaDegU,27050,0.1,31.8
12:32:09,EpFB_QaDegU,27060,0.0,38.2
12:32:19,EpFB_QaDegU,27070,0.2,33.6
12:32:29,EpFB_QaDegU,27080,0.1,31.9
12:32:39,EpFB_QaDegU,27090,0.1,37.3
12:32:49,EpFB_QaDegU,27100,0.2,32.6
12:32:59,EpFB_QaDegU,27110,0.0,30.7
12:33:09,EpFB_QaDegU,27120,0.0,39.3
12:33:19,EpFB_QaDegU,27130,0.0,31.4
12:33:29,EpFB_QaDegU,27140,0.1,31.8
12:33:39,EpFB_QaDegU,27150,0.0,37.2
12:33:49,EpFB_QaDegU,27160,0.0,34.2
12:33:59,EpFB_QaDegU,27170,0.5,33.1
12:34:09,EpFB_QaDegU,27180,0.0,37.7
12:34:19,EpFB_QaDegU,27190,0.0,31.8
12:34:29,EpFB_QaDegU,27200,0.1,32.4
12:34:39,EpFB_QaDegU,27210,0.0,38.4
12:34:49,EpFB_QaDegU,27220,0.1,32.3
12:34:59,EpFB_QaDegU,27230,0.4,34.2
12:35:09,EpFB_QaDegU,27240,0.0,37.9
12:35:19,EpFB_QaDegU,27250,0.1,34.6
12:35:29,EpFB_QaDegU,27260,0.1,31.1
12:35:39,EpFB_QaDegU,27270,0.0,37.8
12:35:49,EpFB_QaDegU,27280,0.0,31.9
12:35:59,EpFB_QaDegU,27290,0.1,32.1
12:36:09,EpFB_QaDegU,27300,0.0,38.0
12:36:19,EpFB_QaDegU,27310,0.0,31.1
12:36:29,EpFB_QaDegU,27320,0.0,31.7
12:36:39,EpFB_QaDegU,27330,0.1,38.5
12:36:49,EpFB_QaDegU,27340,0.1,32.6
12:36:59,EpFB_QaDegU,27350,0.1,31.5
12:37:09,EpFB_QaDegU,27360,0.1,38.4
12:37:19,EpFB_QaDegU,27370,0.1,34.2
12:37:29,EpFB_QaDegU,27380,0.1,32.2
12:37:39,EpFB_QaDegU,27390,0.1,38.0
12:37:49,EpFB_QaDegU,27400,0.1,31.9
12:37:59,EpFB_QaDegU,27410,0.1,32.4
12:38:09,EpFB_QaDegU,27420,0.0,37.9
12:38:19,EpFB_QaDegU,27430,0.0,31.9
12:38:29,EpFB_QaDegU,27440,0.0,31.7
12:38:39,EpFB_QaDegU,27450,0.0,38.6
12:38:49,EpFB_QaDegU,27460,0.2,33.5
12:38:59,EpFB_QaDegU,27470,0.1,32.9
12:39:09,EpFB_QaDegU,27480,1.0,38.1
12:39:19,EpFB_QaDegU,27490,0.0,34.8
12:39:29,EpFB_QaDegU,27500,0.1,31.5
12:39:39,EpFB_QaDegU,27510,0.0,38.0
12:39:49,EpFB_QaDegU,27520,0.1,32.4
12:39:59,EpFB_QaDegU,27530,0.1,32.1
12:40:09,EpFB_QaDegU,27540,0.1,38.2
12:40:19,EpFB_QaDegU,27550,0.0,31.7
12:40:29,EpFB_QaDegU,27560,0.1,31.8
12:40:39,EpFB_QaDegU,27570,0.0,37.2
12:40:49,EpFB_QaDegU,27580,0.1,33.3
12:40:59,EpFB_QaDegU,27590,0.1,31.2
12:41:09,EpFB_QaDegU,27600,0.0,38.0
12:41:19,EpFB_QaDegU,27610,0.1,31.1
12:41:29,EpFB_QaDegU,27620,0.2,32.3
12:41:39,EpFB_QaDegU,27630,0.1,37.7
12:41:49,EpFB_QaDegU,27640,0.1,33.3
12:41:59,EpFB_QaDegU,27650,0.1,31.5
12:42:09,EpFB_QaDegU,27660,0.0,37.5
12:42:19,EpFB_QaDegU,27670,0.0,32.8
12:42:29,EpFB_QaDegU,27680,0.0,34.1
12:42:39,EpFB_QaDegU,27690,0.0,37.9
12:42:49,EpFB_QaDegU,27700,0.1,32.6
12:42:59,EpFB_QaDegU,27710,0.1,32.6
12:43:09,EpFB_QaDegU,27720,0.1,38.3
12:43:19,EpFB_QaDegU,27730,0.1,33.3
12:43:29,EpFB_QaDegU,27740,0.0,34.1
12:43:39,EpFB_QaDegU,27750,0.0,37.6
12:43:49,EpFB_QaDegU,27760,0.0,31.9
12:43:59,EpFB_QaDegU,27770,0.3,33.6
12:44:09,EpFB_QaDegU,27780,51.0,191.0
12:44:19,EpFB_QaDegU,27790,44.0,200.9
12:44:29,EpFB_QaDegU,27800,6.3,51.1
12:44:39,EpFB_QaDegU,27810,1.2,39.9
12:44:49,EpFB_QaDegU,27820,0.1,34.0
12:44:59,EpFB_QaDegU,27830,0.8,33.3
12:45:09,EpFB_QaDegU,27840,0.1,38.0
12:45:19,EpFB_QaDegU,27850,0.1,32.0
12:45:29,EpFB_QaDegU,27860,0.1,31.4
12:45:39,EpFB_QaDegU,27870,0.0,38.2
12:45:49,EpFB_QaDegU,27880,0.0,33.0
12:45:59,EpFB_QaDegU,27890,0.1,31.0
12:46:09,EpFB_QaDegU,27900,0.0,37.8
12:46:19,EpFB_QaDegU,27910,0.1,31.8
12:46:29,EpFB_QaDegU,27920,0.0,33.4
12:46:39,EpFB_QaDegU,27930,0.1,37.7
12:46:49,EpFB_QaDegU,27940,0.0,32.7
12:46:59,EpFB_QaDegU,27950,0.1,31.8
12:47:09,EpFB_QaDegU,27960,0.0,39.1
12:47:19,EpFB_QaDegU,27970,0.1,32.0
12:47:29,EpFB_QaDegU,27980,0.4,33.6
12:47:39,EpFB_QaDegU,27990,0.0,37.3
12:47:49,EpFB_QaDegU,28000,0.1,31.7
12:47:59,EpFB_QaDegU,28010,0.4,33.5
12:48:09,EpFB_QaDegU,28020,0.0,37.3
12:48:19,EpFB_QaDegU,28030,0.1,32.1
12:48:29,EpFB_QaDegU,28040,0.1,31.8
12:48:39,EpFB_QaDegU,28050,0.0,38.2
12:48:49,EpFB_QaDegU,28060,0.0,33.9
12:48:59,EpFB_QaDegU,28070,0.0,31.4
12:49:09,EpFB_QaDegU,28080,0.0,38.2
12:49:19,EpFB_QaDegU,28090,0.1,31.9
12:49:29,EpFB_QaDegU,28100,0.0,30.9
12:49:39,EpFB_QaDegU,28110,0.0,37.6
12:49:49,EpFB_QaDegU,28120,0.1,33.4
12:49:59,EpFB_QaDegU,28130,0.2,32.4
12:50:09,EpFB_QaDegU,28140,0.0,38.7
12:50:19,EpFB_QaDegU,28150,0.0,32.3
12:50:29,EpFB_QaDegU,28160,0.1,30.8
12:50:39,EpFB_QaDegU,28170,0.1,37.1
12:50:49,EpFB_QaDegU,28180,0.1,31.7
12:50:59,EpFB_QaDegU,28190,0.2,33.9
12:51:09,EpFB_QaDegU,28200,0.1,37.9
12:51:19,EpFB_QaDegU,28210,0.0,32.5
12:51:29,EpFB_QaDegU,28220,0.1,32.0
12:51:39,EpFB_QaDegU,28230,0.1,38.4
12:51:49,EpFB_QaDegU,28240,0.2,33.3
12:51:59,EpFB_QaDegU,28250,0.1,31.5
12:52:09,EpFB_QaDegU,28260,0.0,37.6
12:52:19,EpFB_QaDegU,28270,0.1,31.3
12:52:29,EpFB_QaDegU,28280,0.0,32.8
12:52:39,EpFB_QaDegU,28290,0.0,37.7
12:52:49,EpFB_QaDegU,28300,0.0,31.6
12:52:59,EpFB_QaDegU,28310,0.1,32.3
12:53:09,EpFB_QaDegU,28320,0.0,38.5
12:53:19,EpFB_QaDegU,28330,0.3,32.7
12:53:29,EpFB_QaDegU,28340,0.0,34.5
12:53:39,EpFB_QaDegU,28350,0.0,37.7
12:53:49,EpFB_QaDegU,28360,0.1,31.7
12:53:59,EpFB_QaDegU,28370,0.5,33.2
12:54:09,EpFB_QaDegU,28380,0.0,37.5
12:54:19,EpFB_QaDegU,28390,0.0,32.1
12:54:29,EpFB_QaDegU,28400,0.0,30.5
12:54:39,EpFB_QaDegU,28410,0.1,37.5
12:54:49,EpFB_QaDegU,28420,0.1,31.1
12:54:59,EpFB_QaDegU,28430,0.1,31.4
12:55:09,EpFB_QaDegU,28440,0.1,37.5
12:55:19,EpFB_QaDegU,28450,0.1,32.7
12:55:29,EpFB_QaDegU,28460,0.1,31.4
12:55:39,EpFB_QaDegU,28470,0.1,37.6
12:55:49,EpFB_QaDegU,28480,0.0,31.4
12:55:59,EpFB_QaDegU,28490,0.1,32.0
12:56:09,EpFB_QaDegU,28500,0.0,39.5
12:56:19,EpFB_QaDegU,28510,0.1,33.1
12:56:29,EpFB_QaDegU,28520,0.1,31.9
12:56:39,EpFB_QaDegU,28530,0.0,37.4
12:56:49,EpFB_QaDegU,28540,0.2,33.3
12:56:59,EpFB_QaDegU,28550,0.1,32.1
12:57:09,EpFB_QaDegU,28560,0.1,37.2
12:57:19,EpFB_QaDegU,28570,0.0,32.3
12:57:29,EpFB_QaDegU,28580,1.5,35.9
12:57:39,EpFB_QaDegU,28590,0.7,39.1
12:57:49,EpFB_QaDegU,28600,0.1,35.8
12:57:59,EpFB_QaDegU,28610,0.3,33.9
12:58:09,EpFB_QaDegU,28620,0.0,38.7
12:58:19,EpFB_QaDegU,28630,0.1,33.1
12:58:29,EpFB_QaDegU,28640,0.1,31.4
12:58:39,EpFB_QaDegU,28650,0.0,37.3
12:58:49,EpFB_QaDegU,28660,0.0,33.6
12:58:59,EpFB_QaDegU,28670,0.4,34.2
12:59:09,EpFB_QaDegU,28680,0.1,37.7
12:59:19,EpFB_QaDegU,28690,0.1,33.0
12:59:29,EpFB_QaDegU,28700,0.1,30.8
12:59:39,EpFB_QaDegU,28710,0.1,37.2
12:59:49,EpFB_QaDegU,28720,0.1,33.2
13:01:11,AHERrlMcqKg,0,0.1,41.1
13:01:21,AHERrlMcqKg,10,0.1,26.5
13:01:31,AHERrlMcqKg,20,88.8,2004.9
13:01:41,AHERrlMcqKg,30,136.7,255.3
13:01:51,AHERrlMcqKg,40,18.3,69.4
13:02:01,AHERrlMcqKg,50,9.7,51.6
13:02:11,AHERrlMcqKg,60,46.5,174.7
13:02:21,AHERrlMcqKg,70,6.5,36.6
13:02:31,AHERrlMcqKg,80,1.8,26.1
13:02:41,AHERrlMcqKg,90,0.6,30.8
13:02:51,AHERrlMcqKg,100,0.0,17.8
13:03:01,AHERrlMcqKg,110,0.0,15.1
13:03:11,AHERrlMcqKg,120,0.0,30.1
13:03:21,AHERrlMcqKg,130,0.2,19.5
13:03:31,AHERrlMcqKg,140,1.4,19.7
13:03:41,AHERrlMcqKg,150,0.0,29.9
13:03:51,AHERrlMcqKg,160,0.0,17.3
13:04:01,AHERrlMcqKg,170,0.0,17.1
13:04:11,AHERrlMcqKg,180,0.0,30.6
13:04:21,AHERrlMcqKg,190,0.0,18.3
13:04:31,AHERrlMcqKg,200,0.0,18.4
13:04:41,AHERrlMcqKg,210,0.0,29.7
13:04:51,AHERrlMcqKg,220,0.0,17.1
13:05:01,AHERrlMcqKg,230,0.0,15.0
13:05:11,AHERrlMcqKg,240,0.0,29.3
13:05:21,AHERrlMcqKg,250,0.0,16.6
13:05:31,AHERrlMcqKg,260,0.0,16.2
13:05:41,AHERrlMcqKg,270,0.6,129.2
13:05:51,AHERrlMcqKg,280,87.4,277.6
13:06:01,AHERrlMcqKg,290,46.4,81.9
13:06:11,AHERrlMcqKg,300,38.7,107.7
13:06:21,AHERrlMcqKg,310,48.0,102.6
13:06:31,AHERrlMcqKg,320,74.8,115.9
13:06:41,AHERrlMcqKg,330,43.0,73.2
13:06:51,AHERrlMcqKg,340,37.3,232.9
13:07:01,AHERrlMcqKg,350,148.0,271.8
13:07:11,AHERrlMcqKg,360,52.2,96.6
13:07:21,AHERrlMcqKg,370,70.9,193.2
13:07:31,AHERrlMcqKg,380,31.7,66.0
13:07:41,AHERrlMcqKg,390,38.3,82.4
13:07:51,AHERrlMcqKg,400,57.1,113.9
13:08:01,AHERrlMcqKg,410,58.8,117.9
13:08:11,AHERrlMcqKg,420,38.7,85.2
13:08:21,AHERrlMcqKg,430,27.7,63.0
13:08:31,AHERrlMcqKg,440,8.5,38.7
13:08:41,AHERrlMcqKg,450,10.4,59.4
13:08:51,AHERrlMcqKg,460,19.4,57.2
13:09:01,AHERrlMcqKg,470,13.6,48.8
13:09:11,AHERrlMcqKg,480,21.9,58.6
13:09:21,AHERrlMcqKg,490,11.4,37.6
13:09:31,AHERrlMcqKg,500,9.5,49.6
13:09:41,AHERrlMcqKg,510,5.2,59.1
13:09:51,AHERrlMcqKg,520,15.7,44.5
13:10:01,AHERrlMcqKg,530,14.7,40.8
13:10:11,AHERrlMcqKg,540,7.1,51.3
13:10:21,AHERrlMcqKg,550,13.4,49.1
13:10:31,AHERrlMcqKg,560,22.4,50.9
13:10:41,AHERrlMcqKg,570,4.9,41.5
13:10:51,AHERrlMcqKg,580,20.3,65.8
13:11:01,AHERrlMcqKg,590,2.1,47.0
13:11:11,AHERrlMcqKg,600,8.7,36.3
13:11:21,AHERrlMcqKg,610,6.8,49.5
13:11:31,AHERrlMcqKg,620,13.4,45.6
13:11:41,AHERrlMcqKg,630,15.4,46.1
13:11:51,AHERrlMcqKg,640,8.3,67.5
13:12:01,AHERrlMcqKg,650,12.0,60.8
13:12:11,AHERrlMcqKg,660,4.9,56.1
13:12:21,AHERrlMcqKg,670,28.1,75.8
13:12:31,AHERrlMcqKg,680,3.7,23.8
13:12:41,AHERrlMcqKg,690,17.2,65.5
13:12:51,AHERrlMcqKg,700,19.6,53.5
13:13:01,AHERrlMcqKg,710,47.8,119.9
13:13:11,AHERrlMcqKg,720,4.8,47.2
13:13:21,AHERrlMcqKg,730,0.9,25.7
13:13:31,AHERrlMcqKg,740,0.5,25.5
13:13:41,AHERrlMcqKg,750,0.7,32.0
13:13:51,AHERrlMcqKg,760,0.5,20.2
13:14:01,AHERrlMcqKg,770,5.6,30.2
13:14:11,AHERrlMcqKg,780,1.1,31.0
13:14:21,AHERrlMcqKg,790,33.6,66.7
13:14:31,AHERrlMcqKg,800,18.4,46.4
13:14:41,AHERrlMcqKg,810,2.9,35.7
13:14:51,AHERrlMcqKg,820,19.5,74.6
13:15:01,AHERrlMcqKg,830,124.6,230.8
13:15:11,AHERrlMcqKg,840,20.2,108.8
13:15:21,AHERrlMcqKg,850,23.9,105.9
13:15:31,AHERrlMcqKg,860,37.9,82.1
13:15:41,AHERrlMcqKg,870,19.8,106.2
13:15:51,AHERrlMcqKg,880,12.3,66.7
13:16:01,AHERrlMcqKg,890,37.7,113.2
13:16:11,AHERrlMcqKg,900,28.6,94.8
13:16:21,AHERrlMcqKg,910,6.2,36.5
13:16:31,AHERrlMcqKg,920,19.8,57.0
13:16:41,AHERrlMcqKg,930,100.0,189.8
13:16:51,AHERrlMcqKg,940,62.2,134.6
13:17:01,AHERrlMcqKg,950,41.9,85.2
13:17:11,AHERrlMcqKg,960,81.3,171.0
13:17:21,AHERrlMcqKg,970,11.6,46.8
13:17:31,AHERrlMcqKg,980,4.1,27.0
13:17:41,AHERrlMcqKg,990,2.3,33.3
13:17:51,AHERrlMcqKg,1000,0.7,19.8
13:18:01,AHERrlMcqKg,1010,0.1,16.7
13:18:11,AHERrlMcqKg,1020,0.0,30.5
13:18:21,AHERrlMcqKg,1030,0.0,17.2
13:18:31,AHERrlMcqKg,1040,0.0,16.5
13:18:41,AHERrlMcqKg,1050,0.0,29.9
13:18:51,AHERrlMcqKg,1060,0.0,16.1
13:19:01,AHERrlMcqKg,1070,0.0,15.4
13:19:11,AHERrlMcqKg,1080,0.0,30.4
13:19:21,AHERrlMcqKg,1090,0.0,16.1
13:19:31,AHERrlMcqKg,1100,0.0,14.2
13:19:41,AHERrlMcqKg,1110,0.0,30.2
13:19:51,AHERrlMcqKg,1120,0.0,16.5
13:20:01,AHERrlMcqKg,1130,0.0,14.6
13:20:11,AHERrlMcqKg,1140,0.0,30.3
13:20:21,AHERrlMcqKg,1150,0.0,16.8
13:20:31,AHERrlMcqKg,1160,0.0,16.8
13:20:41,AHERrlMcqKg,1170,0.0,30.0
13:20:51,AHERrlMcqKg,1180,0.0,16.6
13:21:01,AHERrlMcqKg,1190,0.0,15.2
13:21:11,AHERrlMcqKg,1200,0.0,29.7
13:21:21,AHERrlMcqKg,1210,0.0,18.5
13:21:31,AHERrlMcqKg,1220,0.0,17.2
13:21:41,AHERrlMcqKg,1230,0.0,29.9
13:21:51,AHERrlMcqKg,1240,0.0,17.6
13:22:01,AHERrlMcqKg,1250,0.0,16.7
13:22:11,AHERrlMcqKg,1260,0.0,29.6
13:22:21,AHERrlMcqKg,1270,0.0,16.1
13:22:31,AHERrlMcqKg,1280,49.5,152.9
13:22:41,AHERrlMcqKg,1290,74.1,234.1
13:22:51,AHERrlMcqKg,1300,28.3,73.4
13:23:01,AHERrlMcqKg,1310,11.2,39.7
13:23:11,AHERrlMcqKg,1320,14.3,49.9
13:23:21,AHERrlMcqKg,1330,9.5,43.0
13:23:31,AHERrlMcqKg,1340,46.0,91.4
13:23:41,AHERrlMcqKg,1350,17.4,77.0
13:23:51,AHERrlMcqKg,1360,2.8,23.5
13:24:01,AHERrlMcqKg,1370,1.7,35.0
13:24:11,AHERrlMcqKg,1380,10.3,41.2
13:24:21,AHERrlMcqKg,1390,16.1,60.0
13:24:31,AHERrlMcqKg,1400,8.8,34.9
13:24:41,AHERrlMcqKg,1410,13.0,52.5
13:24:51,AHERrlMcqKg,1420,0.4,19.2
13:25:01,AHERrlMcqKg,1430,24.8,75.5
13:25:11,AHERrlMcqKg,1440,90.5,223.8
13:25:21,AHERrlMcqKg,1450,21.2,116.6
13:25:31,AHERrlMcqKg,1460,3.7,30.5
13:25:41,AHERrlMcqKg,1470,1.3,33.0
13:25:51,AHERrlMcqKg,1480,0.1,26.4
13:26:01,AHERrlMcqKg,1490,0.0,17.2
13:26:11,AHERrlMcqKg,1500,0.0,30.1
13:26:21,AHERrlMcqKg,1510,0.0,16.7
13:26:31,AHERrlMcqKg,1520,0.0,17.0
13:26:41,AHERrlMcqKg,1530,26.1,219.9
13:26:51,AHERrlMcqKg,1540,38.5,190.8
13:27:01,AHERrlMcqKg,1550,11.6,46.9
13:27:11,AHERrlMcqKg,1560,10.4,55.6
13:27:21,AHERrlMcqKg,1570,2.8,30.2
13:27:31,AHERrlMcqKg,1580,2.1,28.9
13:27:41,AHERrlMcqKg,1590,28.3,99.9
13:27:51,AHERrlMcqKg,1600,27.4,92.1
13:28:01,AHERrlMcqKg,1610,8.5,33.5
13:28:11,AHERrlMcqKg,1620,2.6,34.7
13:28:21,AHERrlMcqKg,1630,4.6,31.4
13:28:31,AHERrlMcqKg,1640,1.0,24.6
13:28:41,AHERrlMcqKg,1650,5.1,38.1
13:28:51,AHERrlMcqKg,1660,16.5,56.4
13:29:01,AHERrlMcqKg,1670,82.7,152.8
13:29:11,AHERrlMcqKg,1680,47.4,120.8
13:29:21,AHERrlMcqKg,1690,16.8,64.2
13:29:31,AHERrlMcqKg,1700,37.8,81.2
13:29:41,AHERrlMcqKg,1710,15.8,80.9
13:29:51,AHERrlMcqKg,1720,36.6,86.1
13:30:01,AHERrlMcqKg,1730,32.0,110.0
13:30:11,AHERrlMcqKg,1740,19.8,73.1
13:30:21,AHERrlMcqKg,1750,39.6,157.4
13:30:31,AHERrlMcqKg,1760,56.2,215.2
13:30:41,AHERrlMcqKg,1770,6.4,45.6
13:30:51,AHERrlMcqKg,1780,2.2,27.5
13:31:01,AHERrlMcqKg,1790,0.3,17.8
13:31:11,AHERrlMcqKg,1800,0.0,30.8
13:31:21,AHERrlMcqKg,1810,0.0,17.2
13:31:31,AHERrlMcqKg,1820,0.0,16.9
13:31:41,AHERrlMcqKg,1830,0.0,30.7
13:31:51,AHERrlMcqKg,1840,0.0,17.1
13:32:01,AHERrlMcqKg,1850,0.0,15.9
13:32:11,AHERrlMcqKg,1860,128.0,243.0
13:32:21,AHERrlMcqKg,1870,131.1,188.2
13:32:31,AHERrlMcqKg,1880,57.9,89.2
13:32:41,AHERrlMcqKg,1890,61.2,131.7
13:32:51,AHERrlMcqKg,1900,69.9,203.9
13:33:01,AHERrlMcqKg,1910,103.8,155.2
13:33:11,AHERrlMcqKg,1920,124.5,225.9
13:33:21,AHERrlMcqKg,1930,83.9,152.5
13:33:31,AHERrlMcqKg,1940,73.8,108.0
13:33:41,AHERrlMcqKg,1950,100.0,176.1
13:33:51,AHERrlMcqKg,1960,143.9,208.7
13:34:01,AHERrlMcqKg,1970,20.2,118.4
13:34:11,AHERrlMcqKg,1980,3.0,37.8
13:34:21,AHERrlMcqKg,1990,1.0,27.3
13:34:31,AHERrlMcqKg,2000,0.2,18.0
13:34:41,AHERrlMcqKg,2010,0.4,35.6
13:34:51,AHERrlMcqKg,2020,49.6,159.3
13:35:01,AHERrlMcqKg,2030,10.4,39.7
13:35:11,AHERrlMcqKg,2040,3.5,35.6
13:35:21,AHERrlMcqKg,2050,2.0,29.4
13:35:31,AHERrlMcqKg,2060,1.2,22.2
13:35:41,AHERrlMcqKg,2070,1.2,32.9
13:35:51,AHERrlMcqKg,2080,1.4,26.6
13:36:01,AHERrlMcqKg,2090,1.2,44.1
13:36:11,AHERrlMcqKg,2100,0.5,36.3
13:36:21,AHERrlMcqKg,2110,0.5,20.3
13:36:31,AHERrlMcqKg,2120,10.5,42.4
13:36:41,AHERrlMcqKg,2130,14.2,100.9
13:36:51,AHERrlMcqKg,2140,5.7,78.8
13:37:01,AHERrlMcqKg,2150,21.3,140.9
13:37:11,AHERrlMcqKg,2160,9.7,64.3
13:37:21,AHERrlMcqKg,2170,2.1,28.5
13:37:31,AHERrlMcqKg,2180,0.7,20.1
13:37:41,AHERrlMcqKg,2190,0.1,30.3
13:37:51,AHERrlMcqKg,2200,0.1,18.3
13:38:01,AHERrlMcqKg,2210,0.0,16.7
13:38:11,AHERrlMcqKg,2220,33.2,150.3
13:38:21,AHERrlMcqKg,2230,42.8,164.1
13:38:31,AHERrlMcqKg,2240,6.8,36.3
13:38:41,AHERrlMcqKg,2250,19.2,72.0
13:38:51,AHERrlMcqKg,2260,4.8,50.6
13:39:01,AHERrlMcqKg,2270,1.8,28.9
13:39:11,AHERrlMcqKg,2280,1.3,32.5
13:39:21,AHERrlMcqKg,2290,38.3,75.7
13:39:31,AHERrlMcqKg,2300,20.2,64.0
13:39:41,AHERrlMcqKg,2310,10.5,64.0
13:39:51,AHERrlMcqKg,2320,9.6,60.1
13:40:01,AHERrlMcqKg,2330,14.8,42.7
13:40:11,AHERrlMcqKg,2340,4.5,43.1
13:40:21,AHERrlMcqKg,2350,3.6,34.1
13:40:31,AHERrlMcqKg,2360,28.0,111.0
13:40:41,AHERrlMcqKg,2370,13.5,125.9
13:40:51,AHERrlMcqKg,2380,8.1,56.2
13:41:01,AHERrlMcqKg,2390,5.7,40.8
13:41:11,AHERrlMcqKg,2400,4.7,33.8
13:41:21,AHERrlMcqKg,2410,3.6,25.8
13:41:31,AHERrlMcqKg,2420,3.7,34.2
13:41:41,AHERrlMcqKg,2430,0.3,34.2
13:41:51,AHERrlMcqKg,2440,2.6,25.2
13:42:01,AHERrlMcqKg,2450,2.2,29.2
13:42:11,AHERrlMcqKg,2460,6.0,42.8
13:42:21,AHERrlMcqKg,2470,5.8,30.2
13:42:31,AHERrlMcqKg,2480,1.3,32.1
13:42:41,AHERrlMcqKg,2490,9.6,52.2
13:42:51,AHERrlMcqKg,2500,15.2,49.4
13:43:01,AHERrlMcqKg,2510,22.1,72.5
13:43:11,AHERrlMcqKg,2520,38.3,143.2
13:43:21,AHERrlMcqKg,2530,41.1,113.9
13:43:31,AHERrlMcqKg,2540,13.4,56.6
13:43:41,AHERrlMcqKg,2550,28.4,104.0
13:43:51,AHERrlMcqKg,2560,4.4,44.3
13:44:01,AHERrlMcqKg,2570,9.9,37.6
13:44:11,AHERrlMcqKg,2580,7.4,53.9
13:44:21,AHERrlMcqKg,2590,14.6,51.4
13:44:31,AHERrlMcqKg,2600,32.1,69.3
13:44:41,AHERrlMcqKg,2610,13.0,47.1
13:44:51,AHERrlMcqKg,2620,7.0,31.7
13:45:01,AHERrlMcqKg,2630,22.3,89.2
13:45:11,AHERrlMcqKg,2640,8.4,45.3
13:45:21,AHERrlMcqKg,2650,9.5,56.0
13:45:31,AHERrlMcqKg,2660,9.1,30.0
13:45:41,AHERrlMcqKg,2670,36.2,96.3
13:45:51,AHERrlMcqKg,2680,11.0,70.6
13:46:01,AHERrlMcqKg,2690,14.6,37.6
13:46:11,AHERrlMcqKg,2700,10.1,47.4
13:46:21,AHERrlMcqKg,2710,9.1,31.1
13:46:31,AHERrlMcqKg,2720,2.5,21.2
13:46:41,AHERrlMcqKg,2730,5.3,37.5
13:46:51,AHERrlMcqKg,2740,17.7,52.1
13:47:01,AHERrlMcqKg,2750,0.6,19.6
13:47:11,AHERrlMcqKg,2760,9.9,51.7
13:47:21,AHERrlMcqKg,2770,1.9,28.1
13:47:31,AHERrlMcqKg,2780,12.3,43.2
13:47:41,AHERrlMcqKg,2790,46.4,121.7
13:47:51,AHERrlMcqKg,2800,19.9,62.9
13:48:01,AHERrlMcqKg,2810,18.3,118.8
13:48:11,AHERrlMcqKg,2820,6.2,36.8
13:48:21,AHERrlMcqKg,2830,9.8,39.5
13:48:31,AHERrlMcqKg,2840,1.9,22.1
13:48:41,AHERrlMcqKg,2850,6.8,38.3
13:48:51,AHERrlMcqKg,2860,5.5,34.7
13:49:01,AHERrlMcqKg,2870,1.3,26.7
13:49:11,AHERrlMcqKg,2880,3.0,32.9
13:49:21,AHERrlMcqKg,2890,7.2,40.9
13:49:31,AHERrlMcqKg,2900,8.5,31.7
13:49:41,AHERrlMcqKg,2910,3.1,50.7
13:49:51,AHERrlMcqKg,2920,31.1,126.0
13:50:01,AHERrlMcqKg,2930,37.9,134.3
13:50:11,AHERrlMcqKg,2940,3.9,39.1
13:50:21,AHERrlMcqKg,2950,4.8,46.2
13:50:31,AHERrlMcqKg,2960,30.1,68.5
13:50:41,AHERrlMcqKg,2970,34.7,147.9
13:50:51,AHERrlMcqKg,2980,0.4,22.3
13:51:01,AHERrlMcqKg,2990,0.4,27.0
13:51:11,AHERrlMcqKg,3000,10.6,81.7
13:51:21,AHERrlMcqKg,3010,4.8,50.8
13:51:31,AHERrlMcqKg,3020,15.0,100.9
13:51:41,AHERrlMcqKg,3030,3.2,35.5
13:51:51,AHERrlMcqKg,3040,5.8,42.9
13:52:01,AHERrlMcqKg,3050,35.4,77.0
13:52:11,AHERrlMcqKg,3060,34.7,74.6
13:52:21,AHERrlMcqKg,3070,34.1,77.1
13:52:31,AHERrlMcqKg,3080,6.6,47.6
13:52:41,AHERrlMcqKg,3090,20.2,75.7
13:52:51,AHERrlMcqKg,3100,31.3,61.9
13:53:01,AHERrlMcqKg,3110,13.2,37.0
13:53:11,AHERrlMcqKg,3120,21.9,63.2
13:53:21,AHERrlMcqKg,3130,30.4,86.5
13:53:31,AHERrlMcqKg,3140,51.9,94.0
13:53:41,AHERrlMcqKg,3150,29.8,107.9
13:53:51,AHERrlMcqKg,3160,9.0,52.8
13:54:01,AHERrlMcqKg,3170,22.2,43.0
13:54:11,AHERrlMcqKg,3180,3.9,47.9
13:54:21,AHERrlMcqKg,3190,3.2,23.7
13:54:31,AHERrlMcqKg,3200,4.5,32.5
13:54:41,AHERrlMcqKg,3210,3.1,36.3
13:54:51,AHERrlMcqKg,3220,12.4,44.5
13:55:01,AHERrlMcqKg,3230,8.8,42.5
13:55:11,AHERrlMcqKg,3240,4.3,36.1
13:55:21,AHERrlMcqKg,3250,4.2,29.3
13:55:31,AHERrlMcqKg,3260,3.9,25.8
13:55:41,AHERrlMcqKg,3270,5.2,45.5
13:55:51,AHERrlMcqKg,3280,21.3,55.3
13:56:01,AHERrlMcqKg,3290,8.6,34.2
13:56:11,AHERrlMcqKg,3300,3.4,39.1
13:56:21,AHERrlMcqKg,3310,2.8,31.7
13:56:31,AHERrlMcqKg,3320,7.9,35.3
13:56:41,AHERrlMcqKg,3330,3.5,33.1
13:56:51,AHERrlMcqKg,3340,10.2,41.8
13:57:01,AHERrlMcqKg,3350,4.6,29.2
13:57:11,AHERrlMcqKg,3360,3.7,41.1
13:57:21,AHERrlMcqKg,3370,4.9,25.7
13:57:31,AHERrlMcqKg,3380,14.5,42.4
13:57:41,AHERrlMcqKg,3390,12.8,39.4
13:57:51,AHERrlMcqKg,3400,11.0,35.0
13:58:01,AHERrlMcqKg,3410,14.2,40.0
13:58:11,AHERrlMcqKg,3420,41.5,113.8
13:58:21,AHERrlMcqKg,3430,20.5,99.6
13:58:31,AHERrlMcqKg,3440,14.5,71.5
13:58:41,AHERrlMcqKg,3450,4.4,35.6
13:58:51,AHERrlMcqKg,3460,1.5,29.7
13:59:01,AHERrlMcqKg,3470,2.7,28.4
13:59:11,AHERrlMcqKg,3480,2.2,35.6
13:59:21,AHERrlMcqKg,3490,3.0,32.0
13:59:31,AHERrlMcqKg,3500,6.6,27.1
13:59:41,AHERrlMcqKg,3510,11.6,47.1
13:59:51,AHERrlMcqKg,3520,16.2,49.3
14:00:01,AHERrlMcqKg,3530,14.7,60.3
14:00:11,AHERrlMcqKg,3540,26.0,87.3
14:00:21,AHERrlMcqKg,3550,4.1,48.9
14:00:31,AHERrlMcqKg,3560,5.3,26.6
14:00:41,AHERrlMcqKg,3570,7.0,40.3
14:00:51,AHERrlMcqKg,3580,3.6,34.9
14:01:01,AHERrlMcqKg,3590,2.5,29.5
14:01:11,AHERrlMcqKg,3600,3.0,33.4
14:01:21,AHERrlMcqKg,3610,5.9,31.8
14:01:31,AHERrlMcqKg,3620,13.6,62.1
14:01:41,AHERrlMcqKg,3630,4.0,39.8
14:01:51,AHERrlMcqKg,3640,4.3,25.3
14:02:01,AHERrlMcqKg,3650,6.3,34.8
14:02:11,AHERrlMcqKg,3660,5.5,82.9
14:02:21,AHERrlMcqKg,3670,39.7,133.7
14:02:31,AHERrlMcqKg,3680,15.6,74.9
14:02:41,AHERrlMcqKg,3690,3.9,35.8
14:02:51,AHERrlMcqKg,3700,4.6,25.1
14:03:01,AHERrlMcqKg,3710,2.5,29.8
14:03:11,AHERrlMcqKg,3720,6.6,33.7
14:03:21,AHERrlMcqKg,3730,24.2,109.4
14:03:31,AHERrlMcqKg,3740,7.2,38.8
14:03:41,AHERrlMcqKg,3750,11.1,77.8
14:03:51,AHERrlMcqKg,3760,43.0,132.7
14:04:01,AHERrlMcqKg,3770,2.4,109.1
14:04:11,AHERrlMcqKg,3780,25.5,99.3
14:04:21,AHERrlMcqKg,3790,2.9,49.2
14:04:31,AHERrlMcqKg,3800,17.8,42.2
14:04:41,AHERrlMcqKg,3810,0.7,33.6
14:04:51,AHERrlMcqKg,3820,18.7,94.9
14:05:01,AHERrlMcqKg,3830,10.6,42.2
14:05:11,AHERrlMcqKg,3840,28.2,81.4
14:05:21,AHERrlMcqKg,3850,0.0,32.6
14:05:31,AHERrlMcqKg,3860,0.6,26.0
14:05:41,AHERrlMcqKg,3870,20.2,51.1
14:05:51,AHERrlMcqKg,3880,43.2,92.2
14:06:01,AHERrlMcqKg,3890,1.7,97.7
14:06:11,AHERrlMcqKg,3900,24.3,83.0
14:06:21,AHERrlMcqKg,3910,5.6,59.0
14:06:31,AHERrlMcqKg,3920,24.7,60.3
14:06:41,AHERrlMcqKg,3930,19.3,56.8
14:06:51,AHERrlMcqKg,3940,0.9,22.3
14:07:01,AHERrlMcqKg,3950,18.9,41.3
14:07:11,AHERrlMcqKg,3960,6.0,123.3
14:07:21,AHERrlMcqKg,3970,1.2,27.3
14:07:31,AHERrlMcqKg,3980,0.7,20.8
14:07:41,AHERrlMcqKg,3990,0.1,33.9
14:07:51,AHERrlMcqKg,4000,0.7,20.8
14:08:01,AHERrlMcqKg,4010,0.0,19.7
14:08:11,AHERrlMcqKg,4020,18.7,96.9
14:08:21,AHERrlMcqKg,4030,24.2,113.6
14:08:31,AHERrlMcqKg,4040,15.8,50.4
14:08:41,AHERrlMcqKg,4050,1.6,32.1
14:08:51,AHERrlMcqKg,4060,24.2,87.2
14:09:01,AHERrlMcqKg,4070,27.2,220.7
14:09:11,AHERrlMcqKg,4080,50.0,240.1
14:09:21,AHERrlMcqKg,4090,1.5,32.2
14:09:31,AHERrlMcqKg,4100,1.0,36.3
14:09:41,AHERrlMcqKg,4110,13.7,52.3
14:09:51,AHERrlMcqKg,4120,24.0,74.0
14:10:01,AHERrlMcqKg,4130,10.9,57.5
14:10:11,AHERrlMcqKg,4140,5.6,38.4
14:10:21,AHERrlMcqKg,4150,15.8,65.3
14:10:31,AHERrlMcqKg,4160,5.3,67.2
14:10:41,AHERrlMcqKg,4170,15.8,47.2
14:10:51,AHERrlMcqKg,4180,28.6,74.8
14:11:01,AHERrlMcqKg,4190,15.3,80.8
14:11:11,AHERrlMcqKg,4200,5.7,35.0
14:11:21,AHERrlMcqKg,4210,3.8,42.0
14:11:31,AHERrlMcqKg,4220,2.3,29.1
14:11:41,AHERrlMcqKg,4230,1.2,33.3
14:11:51,AHERrlMcqKg,4240,1.1,21.4
14:12:01,AHERrlMcqKg,4250,13.9,62.0
14:12:11,AHERrlMcqKg,4260,28.0,77.0
14:12:21,AHERrlMcqKg,4270,1.5,45.5
14:12:31,AHERrlMcqKg,4280,10.7,48.8
14:12:41,AHERrlMcqKg,4290,1.2,42.7
14:12:51,AHERrlMcqKg,4300,8.9,24.4
14:13:01,AHERrlMcqKg,4310,31.2,98.0
14:13:11,AHERrlMcqKg,4320,23.6,48.9
14:13:21,AHERrlMcqKg,4330,41.7,87.0
14:13:31,AHERrlMcqKg,4340,0.4,40.3
14:13:41,AHERrlMcqKg,4350,0.2,33.6
14:13:51,AHERrlMcqKg,4360,22.7,76.4
14:14:01,AHERrlMcqKg,4370,21.1,99.1
14:14:11,AHERrlMcqKg,4380,6.8,105.1
14:14:21,AHERrlMcqKg,4390,20.1,65.0
14:14:31,AHERrlMcqKg,4400,4.2,32.2
14:14:41,AHERrlMcqKg,4410,0.9,33.4
14:14:51,AHERrlMcqKg,4420,13.8,92.7
14:15:01,AHERrlMcqKg,4430,2.8,69.1
14:15:11,AHERrlMcqKg,4440,25.0,52.9
14:15:21,AHERrlMcqKg,4450,33.1,71.2
14:15:31,AHERrlMcqKg,4460,9.4,61.5
14:15:41,AHERrlMcqKg,4470,21.4,58.8
14:15:51,AHERrlMcqKg,4480,27.7,80.8
14:16:01,AHERrlMcqKg,4490,18.4,75.6
14:16:11,AHERrlMcqKg,4500,23.3,86.4
14:16:21,AHERrlMcqKg,4510,12.2,38.9
14:16:31,AHERrlMcqKg,4520,4.3,24.4
14:16:41,AHERrlMcqKg,4530,11.5,70.3
14:16:51,AHERrlMcqKg,4540,0.6,26.9
14:17:01,AHERrlMcqKg,4550,22.6,120.2
14:17:11,AHERrlMcqKg,4560,14.6,66.3
14:17:21,AHERrlMcqKg,4570,4.1,34.2
14:17:31,AHERrlMcqKg,4580,10.9,45.1
14:17:41,AHERrlMcqKg,4590,12.0,74.3
14:17:51,AHERrlMcqKg,4600,33.7,127.2
14:18:01,AHERrlMcqKg,4610,4.7,49.5
14:18:11,AHERrlMcqKg,4620,8.6,42.2
14:18:21,AHERrlMcqKg,4630,6.6,30.7
14:18:31,AHERrlMcqKg,4640,9.4,28.7
14:18:41,AHERrlMcqKg,4650,15.4,62.9
14:18:51,AHERrlMcqKg,4660,22.4,53.4
14:19:01,AHERrlMcqKg,4670,29.4,107.6
14:19:11,AHERrlMcqKg,4680,28.9,84.1
14:19:21,AHERrlMcqKg,4690,10.9,61.3
14:19:31,AHERrlMcqKg,4700,13.8,49.4
14:19:41,AHERrlMcqKg,4710,20.7,47.5
14:19:51,AHERrlMcqKg,4720,15.4,52.7
14:20:01,AHERrlMcqKg,4730,34.6,93.6
14:20:11,AHERrlMcqKg,4740,15.5,73.5
14:20:21,AHERrlMcqKg,4750,11.8,66.4
14:20:31,AHERrlMcqKg,4760,29.2,84.2
14:20:41,AHERrlMcqKg,4770,17.4,63.6
14:20:51,AHERrlMcqKg,4780,9.2,224.8
14:21:01,AHERrlMcqKg,4790,2.5,28.8
14:21:11,AHERrlMcqKg,4800,1.7,35.7
14:21:21,AHERrlMcqKg,4810,3.5,49.0
14:21:31,AHERrlMcqKg,4820,55.4,213.8
14:21:41,AHERrlMcqKg,4830,27.1,85.1
14:21:51,AHERrlMcqKg,4840,0.7,22.2
14:22:01,AHERrlMcqKg,4850,22.4,88.1
14:22:11,AHERrlMcqKg,4860,9.9,46.4
14:22:21,AHERrlMcqKg,4870,26.5,71.9
14:22:31,AHERrlMcqKg,4880,22.4,86.9
14:22:41,AHERrlMcqKg,4890,7.2,42.0
14:22:51,AHERrlMcqKg,4900,21.0,123.3
14:23:01,AHERrlMcqKg,4910,23.7,66.6
14:23:11,AHERrlMcqKg,4920,9.7,87.0
14:23:21,AHERrlMcqKg,4930,9.1,104.5
14:23:31,AHERrlMcqKg,4940,3.4,28.2
14:23:41,AHERrlMcqKg,4950,8.3,45.9
14:23:51,AHERrlMcqKg,4960,11.1,36.4
14:24:01,AHERrlMcqKg,4970,11.0,56.7
14:24:11,AHERrlMcqKg,4980,24.9,50.9
14:24:21,AHERrlMcqKg,4990,40.4,81.4
14:24:31,AHERrlMcqKg,5000,47.0,86.5
14:24:41,AHERrlMcqKg,5010,20.9,209.4
14:24:51,AHERrlMcqKg,5020,1.6,23.9
14:25:01,AHERrlMcqKg,5030,0.8,27.9
14:25:11,AHERrlMcqKg,5040,0.5,32.5
14:25:21,AHERrlMcqKg,5050,0.7,18.3
14:25:31,AHERrlMcqKg,5060,0.0,15.6
14:25:41,AHERrlMcqKg,5070,0.0,30.6
14:25:51,AHERrlMcqKg,5080,0.0,18.2
14:26:01,AHERrlMcqKg,5090,0.0,16.8
14:26:11,AHERrlMcqKg,5100,0.0,30.2
14:26:21,AHERrlMcqKg,5110,0.0,18.4
14:26:31,AHERrlMcqKg,5120,20.5,155.1
14:26:41,AHERrlMcqKg,5130,17.8,52.0
14:26:51,AHERrlMcqKg,5140,86.1,158.7
14:27:01,AHERrlMcqKg,5150,66.6,150.6
14:27:11,AHERrlMcqKg,5160,19.8,179.1
14:27:21,AHERrlMcqKg,5170,7.7,38.3
14:27:31,AHERrlMcqKg,5180,3.2,28.2
14:27:41,AHERrlMcqKg,5190,1.3,33.5
14:27:51,AHERrlMcqKg,5200,0.4,18.8
14:28:01,AHERrlMcqKg,5210,0.1,23.1
14:28:11,AHERrlMcqKg,5220,3.1,141.1
14:28:21,AHERrlMcqKg,5230,13.8,131.2
14:28:31,AHERrlMcqKg,5240,39.8,114.8
14:28:41,AHERrlMcqKg,5250,9.2,50.4
14:28:51,AHERrlMcqKg,5260,3.5,28.2
14:29:01,AHERrlMcqKg,5270,0.7,20.8
14:29:11,AHERrlMcqKg,5280,0.1,31.0
14:29:21,AHERrlMcqKg,5290,0.0,18.8
14:29:31,AHERrlMcqKg,5300,0.0,18.0
14:29:41,AHERrlMcqKg,5310,0.0,30.0
14:29:51,AHERrlMcqKg,5320,0.0,17.1
14:30:01,AHERrlMcqKg,5330,11.8,108.9
14:30:11,AHERrlMcqKg,5340,46.7,145.9
14:30:21,AHERrlMcqKg,5350,28.4,75.9
14:30:31,AHERrlMcqKg,5360,6.1,29.0
14:30:41,AHERrlMcqKg,5370,9.3,38.8
14:30:51,AHERrlMcqKg,5380,4.2,31.4
14:31:01,AHERrlMcqKg,5390,21.6,143.8
14:31:11,AHERrlMcqKg,5400,3.6,114.1
14:31:21,AHERrlMcqKg,5410,1.5,46.5
14:31:31,AHERrlMcqKg,5420,3.7,23.6
14:31:41,AHERrlMcqKg,5430,43.3,119.1
14:31:51,AHERrlMcqKg,5440,6.8,50.7
14:32:01,AHERrlMcqKg,5450,0.3,27.5
14:32:11,AHERrlMcqKg,5460,47.8,143.6
14:32:21,AHERrlMcqKg,5470,39.9,115.6
14:32:31,AHERrlMcqKg,5480,9.7,35.6
14:32:41,AHERrlMcqKg,5490,3.1,36.3
14:32:51,AHERrlMcqKg,5500,0.7,19.3
14:33:01,AHERrlMcqKg,5510,0.3,17.7
14:33:11,AHERrlMcqKg,5520,0.1,31.8
14:33:21,AHERrlMcqKg,5530,0.1,17.3
14:33:31,AHERrlMcqKg,5540,0.0,18.3
14:33:41,AHERrlMcqKg,5550,0.1,30.6
14:33:51,AHERrlMcqKg,5560,0.2,17.2
14:34:01,AHERrlMcqKg,5570,0.0,16.4
14:34:11,AHERrlMcqKg,5580,0.1,30.7
14:34:21,AHERrlMcqKg,5590,0.2,16.4
14:34:31,AHERrlMcqKg,5600,0.0,17.5
14:34:41,AHERrlMcqKg,5610,0.2,30.7
14:34:51,AHERrlMcqKg,5620,1.9,145.3
14:35:01,AHERrlMcqKg,5630,71.8,169.3
14:35:11,AHERrlMcqKg,5640,31.2,175.9
14:35:21,AHERrlMcqKg,5650,33.3,100.0
14:35:31,AHERrlMcqKg,5660,4.8,29.7
14:35:41,AHERrlMcqKg,5670,2.9,37.1
14:35:51,AHERrlMcqKg,5680,2.6,22.2
14:36:01,AHERrlMcqKg,5690,8.5,56.7
14:36:11,AHERrlMcqKg,5700,1.6,33.8
14:36:21,AHERrlMcqKg,5710,33.9,74.6
14:36:31,AHERrlMcqKg,5720,18.7,51.0
14:36:41,AHERrlMcqKg,5730,56.7,157.4
14:36:51,AHERrlMcqKg,5740,52.6,165.0
14:37:01,AHERrlMcqKg,5750,26.6,62.5
14:37:11,AHERrlMcqKg,5760,35.0,103.7
14:37:21,AHERrlMcqKg,5770,15.4,53.7
14:37:31,AHERrlMcqKg,5780,16.9,86.3
14:37:41,AHERrlMcqKg,5790,58.9,104.5
14:37:51,AHERrlMcqKg,5800,35.1,75.0
14:38:01,AHERrlMcqKg,5810,58.7,94.9
14:38:11,AHERrlMcqKg,5820,20.3,81.4
14:38:21,AHERrlMcqKg,5830,11.2,37.3
14:38:31,AHERrlMcqKg,5840,14.2,34.7
14:38:41,AHERrlMcqKg,5850,110.2,219.4
14:38:51,AHERrlMcqKg,5860,13.0,43.5
14:39:01,AHERrlMcqKg,5870,65.9,125.7
14:39:11,AHERrlMcqKg,5880,9.2,74.5
14:39:21,AHERrlMcqKg,5890,12.8,44.7
14:39:31,AHERrlMcqKg,5900,16.0,33.0
14:39:41,AHERrlMcqKg,5910,8.7,40.0
14:39:51,AHERrlMcqKg,5920,31.4,91.5
14:40:01,AHERrlMcqKg,5930,7.2,34.2
14:40:11,AHERrlMcqKg,5940,54.1,92.7
14:40:21,AHERrlMcqKg,5950,26.2,77.5
14:40:31,AHERrlMcqKg,5960,7.9,41.1
14:40:41,AHERrlMcqKg,5970,6.1,37.9
14:40:51,AHERrlMcqKg,5980,31.0,255.6
14:41:01,AHERrlMcqKg,5990,7.4,63.4
14:41:11,AHERrlMcqKg,6000,43.2,118.6
14:41:21,AHERrlMcqKg,6010,49.9,159.2
14:41:31,AHERrlMcqKg,6020,61.3,143.9
14:41:41,AHERrlMcqKg,6030,41.6,83.6
14:41:51,AHERrlMcqKg,6040,46.2,161.7
14:42:01,AHERrlMcqKg,6050,77.5,171.8
14:42:11,AHERrlMcqKg,6060,27.1,96.1
14:42:21,AHERrlMcqKg,6070,42.0,98.3
14:42:31,AHERrlMcqKg,6080,43.9,87.2
14:42:41,AHERrlMcqKg,6090,5.8,92.9
14:42:51,AHERrlMcqKg,6100,7.5,37.4
14:43:01,AHERrlMcqKg,6110,14.9,65.7
14:43:11,AHERrlMcqKg,6120,61.6,129.5
14:43:21,AHERrlMcqKg,6130,3.5,51.7
14:43:31,AHERrlMcqKg,6140,78.2,195.9
14:43:41,AHERrlMcqKg,6150,69.9,197.7
14:43:51,AHERrlMcqKg,6160,28.6,79.0
14:44:01,AHERrlMcqKg,6170,2.0,23.0
14:44:11,AHERrlMcqKg,6180,0.7,33.5
14:44:21,AHERrlMcqKg,6190,0.2,19.5
14:44:31,AHERrlMcqKg,6200,0.6,19.9
14:44:41,AHERrlMcqKg,6210,0.2,32.4
14:44:51,AHERrlMcqKg,6220,0.2,18.9
14:45:01,AHERrlMcqKg,6230,3.7,74.6
14:45:11,AHERrlMcqKg,6240,38.1,95.2
14:45:21,AHERrlMcqKg,6250,0.1,41.6
14:45:31,AHERrlMcqKg,6260,0.9,20.8
14:45:41,AHERrlMcqKg,6270,18.4,131.7
14:45:51,AHERrlMcqKg,6280,3.6,54.4
14:46:01,AHERrlMcqKg,6290,3.5,36.8
14:46:11,AHERrlMcqKg,6300,4.4,37.1
14:46:21,AHERrlMcqKg,6310,7.4,32.2
14:46:31,AHERrlMcqKg,6320,21.2,50.7
14:46:41,AHERrlMcqKg,6330,34.4,73.9
14:46:51,AHERrlMcqKg,6340,15.8,69.9
14:47:01,AHERrlMcqKg,6350,9.0,67.3
14:47:11,AHERrlMcqKg,6360,19.6,52.0
14:47:21,AHERrlMcqKg,6370,21.9,62.5
14:47:31,AHERrlMcqKg,6380,3.8,64.7
14:47:41,AHERrlMcqKg,6390,2.3,33.3
14:47:51,AHERrlMcqKg,6400,1.5,23.5
14:48:01,AHERrlMcqKg,6410,6.2,38.6
14:48:11,AHERrlMcqKg,6420,0.8,33.5
14:48:21,AHERrlMcqKg,6430,14.2,52.2
14:48:31,AHERrlMcqKg,6440,5.2,61.3
14:48:41,AHERrlMcqKg,6450,6.6,120.6
14:48:51,AHERrlMcqKg,6460,2.2,88.7
14:49:01,AHERrlMcqKg,6470,38.1,87.6
14:49:11,AHERrlMcqKg,6480,1.6,59.4
14:49:21,AHERrlMcqKg,6490,15.0,36.7
14:49:31,AHERrlMcqKg,6500,12.6,67.6
14:49:41,AHERrlMcqKg,6510,10.3,69.7
14:49:51,AHERrlMcqKg,6520,6.8,94.2
14:50:01,AHERrlMcqKg,6530,39.9,79.4
14:50:11,AHERrlMcqKg,6540,3.1,37.8
14:50:21,AHERrlMcqKg,6550,9.2,79.4
14:50:31,AHERrlMcqKg,6560,12.9,88.4
14:50:41,AHERrlMcqKg,6570,18.7,59.1
14:50:51,AHERrlMcqKg,6580,1.1,157.1
14:51:01,AHERrlMcqKg,6590,52.3,220.5
14:51:11,AHERrlMcqKg,6600,30.8,179.3
14:51:21,AHERrlMcqKg,6610,5.8,42.1
14:51:31,AHERrlMcqKg,6620,6.9,53.5
14:51:41,AHERrlMcqKg,6630,1.8,34.4
14:51:51,AHERrlMcqKg,6640,0.1,21.5
14:52:01,AHERrlMcqKg,6650,0.3,21.6
14:52:11,AHERrlMcqKg,6660,21.4,66.7
14:52:21,AHERrlMcqKg,6670,0.3,26.3
14:52:31,AHERrlMcqKg,6680,20.1,60.1
14:52:41,AHERrlMcqKg,6690,3.4,48.5
14:52:51,AHERrlMcqKg,6700,1.8,27.3
14:53:01,AHERrlMcqKg,6710,4.8,60.6
14:53:11,AHERrlMcqKg,6720,6.4,49.5
14:53:21,AHERrlMcqKg,6730,3.8,24.6
14:53:31,AHERrlMcqKg,6740,1.9,28.1
14:53:41,AHERrlMcqKg,6750,18.6,45.1
14:53:51,AHERrlMcqKg,6760,15.0,49.4
14:54:01,AHERrlMcqKg,6770,0.1,26.9
14:54:11,AHERrlMcqKg,6780,7.3,48.7
14:54:21,AHERrlMcqKg,6790,20.8,60.5
14:54:31,AHERrlMcqKg,6800,2.3,27.5
14:54:41,AHERrlMcqKg,6810,27.3,113.4
14:54:51,AHERrlMcqKg,6820,0.1,27.0
14:55:01,AHERrlMcqKg,6830,0.0,30.7
14:55:11,AHERrlMcqKg,6840,1.3,77.1
14:55:21,AHERrlMcqKg,6850,0.3,21.6
14:55:31,AHERrlMcqKg,6860,0.0,20.9
14:55:41,AHERrlMcqKg,6870,0.0,31.9
14:55:51,AHERrlMcqKg,6880,0.0,18.7
14:56:01,AHERrlMcqKg,6890,29.5,125.9
14:56:11,AHERrlMcqKg,6900,1.6,36.5
14:56:21,AHERrlMcqKg,6910,2.0,24.0
14:56:31,AHERrlMcqKg,6920,1.4,20.5
14:56:41,AHERrlMcqKg,6930,23.3,59.7
14:56:51,AHERrlMcqKg,6940,5.0,31.3
14:57:01,AHERrlMcqKg,6950,29.0,93.4
14:57:11,AHERrlMcqKg,6960,23.4,153.7
14:57:21,AHERrlMcqKg,6970,4.5,27.2
14:57:31,AHERrlMcqKg,6980,0.8,28.2
14:57:41,AHERrlMcqKg,6990,57.4,166.1
14:57:51,AHERrlMcqKg,7000,35.9,164.8
14:58:01,AHERrlMcqKg,7010,17.3,185.3
14:58:11,AHERrlMcqKg,7020,42.7,204.2
14:58:21,AHERrlMcqKg,7030,10.5,43.5
14:58:31,AHERrlMcqKg,7040,7.4,39.6
14:58:41,AHERrlMcqKg,7050,16.5,71.1
14:58:51,AHERrlMcqKg,7060,7.0,45.9
14:59:01,AHERrlMcqKg,7070,2.6,25.4
14:59:11,AHERrlMcqKg,7080,35.4,63.4
14:59:21,AHERrlMcqKg,7090,7.1,61.2
14:59:31,AHERrlMcqKg,7100,7.8,74.9
14:59:41,AHERrlMcqKg,7110,8.9,54.7
14:59:51,AHERrlMcqKg,7120,7.6,34.3
15:00:01,AHERrlMcqKg,7130,2.9,32.3
15:00:11,AHERrlMcqKg,7140,5.7,35.7
15:00:21,AHERrlMcqKg,7150,21.8,91.8
15:00:31,AHERrlMcqKg,7160,10.1,37.0
15:00:41,AHERrlMcqKg,7170,11.6,51.4
15:00:51,AHERrlMcqKg,7180,26.2,58.4
15:01:01,AHERrlMcqKg,7190,11.5,38.3
15:01:11,AHERrlMcqKg,7200,17.0,50.4
15:01:21,AHERrlMcqKg,7210,24.2,86.8
15:01:31,AHERrlMcqKg,7220,9.3,38.0
15:01:41,AHERrlMcqKg,7230,13.5,41.2
15:01:51,AHERrlMcqKg,7240,6.1,59.8
15:02:01,AHERrlMcqKg,7250,2.8,25.8
15:02:11,AHERrlMcqKg,7260,23.6,73.0
15:02:21,AHERrlMcqKg,7270,42.4,162.4
15:02:31,AHERrlMcqKg,7280,28.0,89.2
15:02:41,AHERrlMcqKg,7290,17.7,62.4
15:02:51,AHERrlMcqKg,7300,20.6,45.7
15:03:01,AHERrlMcqKg,7310,19.1,54.2
15:03:11,AHERrlMcqKg,7320,19.6,64.2
15:03:21,AHERrlMcqKg,7330,8.9,48.9
15:03:31,AHERrlMcqKg,7340,20.9,40.7
15:03:41,AHERrlMcqKg,7350,5.4,64.6
15:03:51,AHERrlMcqKg,7360,23.2,84.4
15:04:01,AHERrlMcqKg,7370,21.0,71.6
15:04:11,AHERrlMcqKg,7380,14.8,91.3
15:04:21,AHERrlMcqKg,7390,3.7,51.9
15:04:31,AHERrlMcqKg,7400,7.9,30.6
15:04:41,AHERrlMcqKg,7410,0.2,40.8
15:04:51,AHERrlMcqKg,7420,1.2,20.8
15:05:01,AHERrlMcqKg,7430,17.5,54.1
15:05:11,AHERrlMcqKg,7440,24.4,72.4
15:05:21,AHERrlMcqKg,7450,16.2,54.5
15:05:31,AHERrlMcqKg,7460,22.3,62.6
15:05:41,AHERrlMcqKg,7470,4.5,83.4
15:05:51,AHERrlMcqKg,7480,2.6,33.6
15:06:01,AHERrlMcqKg,7490,1.8,35.2
15:06:11,AHERrlMcqKg,7500,13.6,43.9
15:06:21,AHERrlMcqKg,7510,3.2,47.2
15:06:31,AHERrlMcqKg,7520,6.7,26.8
15:06:41,AHERrlMcqKg,7530,9.9,47.7
15:06:51,AHERrlMcqKg,7540,11.3,59.4
15:07:01,AHERrlMcqKg,7550,25.5,71.8
15:07:11,AHERrlMcqKg,7560,21.8,60.5
15:07:21,AHERrlMcqKg,7570,31.6,81.4
15:07:31,AHERrlMcqKg,7580,0.8,38.3
15:07:41,AHERrlMcqKg,7590,22.2,68.9
15:07:51,AHERrlMcqKg,7600,15.0,73.0
15:08:01,AHERrlMcqKg,7610,1.8,38.5
15:08:11,AHERrlMcqKg,7620,14.7,85.2
15:08:21,AHERrlMcqKg,7630,21.4,61.8
15:08:31,AHERrlMcqKg,7640,11.2,70.0
15:08:41,AHERrlMcqKg,7650,21.7,58.0
15:08:51,AHERrlMcqKg,7660,8.3,85.4
15:09:01,AHERrlMcqKg,7670,4.5,62.6
15:09:11,AHERrlMcqKg,7680,0.2,55.9
15:09:21,AHERrlMcqKg,7690,2.8,33.0
15:09:31,AHERrlMcqKg,7700,2.0,23.0
15:09:41,AHERrlMcqKg,7710,24.1,101.9
15:09:51,AHERrlMcqKg,7720,4.9,26.9
15:10:01,AHERrlMcqKg,7730,21.1,67.6
15:10:11,AHERrlMcqKg,7740,16.3,62.6
15:10:21,AHERrlMcqKg,7750,28.2,67.9
15:10:31,AHERrlMcqKg,7760,33.0,59.8
15:10:41,AHERrlMcqKg,7770,16.9,50.0
15:10:51,AHERrlMcqKg,7780,22.8,79.6
15:11:01,AHERrlMcqKg,7790,17.1,65.8
15:11:11,AHERrlMcqKg,7800,15.6,61.2
15:11:21,AHERrlMcqKg,7810,5.0,26.3
15:11:31,AHERrlMcqKg,7820,0.8,26.8
15:11:41,AHERrlMcqKg,7830,3.3,32.7
15:11:51,AHERrlMcqKg,7840,19.1,66.9
15:12:01,AHERrlMcqKg,7850,8.6,42.5
15:12:11,AHERrlMcqKg,7860,19.0,80.7
15:12:21,AHERrlMcqKg,7870,19.5,147.8
15:12:31,AHERrlMcqKg,7880,6.8,28.9
15:12:41,AHERrlMcqKg,7890,63.1,201.6
15:12:51,AHERrlMcqKg,7900,40.8,75.6
15:13:01,AHERrlMcqKg,7910,63.8,139.4
15:13:11,AHERrlMcqKg,7920,27.4,108.7
15:13:21,AHERrlMcqKg,7930,45.2,95.4
15:13:31,AHERrlMcqKg,7940,58.1,114.3
15:13:41,AHERrlMcqKg,7950,23.3,82.7
15:13:51,AHERrlMcqKg,7960,74.8,159.1
15:14:01,AHERrlMcqKg,7970,42.5,89.4
15:14:11,AHERrlMcqKg,7980,39.1,118.8
15:14:21,AHERrlMcqKg,7990,46.8,111.1
15:14:31,AHERrlMcqKg,8000,48.6,190.1
15:14:41,AHERrlMcqKg,8010,8.0,43.6
15:14:51,AHERrlMcqKg,8020,1.0,28.3
15:15:01,AHERrlMcqKg,8030,0.3,17.2
15:15:11,AHERrlMcqKg,8040,0.0,30.8
15:15:21,AHERrlMcqKg,8050,0.0,18.1
15:15:31,AHERrlMcqKg,8060,0.0,15.8
15:15:41,AHERrlMcqKg,8070,0.0,30.7
15:15:51,AHERrlMcqKg,8080,0.0,17.4
15:16:01,AHERrlMcqKg,8090,0.1,15.0
15:16:11,AHERrlMcqKg,8100,74.6,171.2
15:16:21,AHERrlMcqKg,8110,15.9,54.8
15:16:31,AHERrlMcqKg,8120,41.2,141.3
15:16:41,AHERrlMcqKg,8130,2.3,37.9
15:16:51,AHERrlMcqKg,8140,1.0,26.2
15:17:01,AHERrlMcqKg,8150,0.4,21.5
15:17:11,AHERrlMcqKg,8160,0.0,32.8
15:17:21,AHERrlMcqKg,8170,0.0,19.1
15:17:31,AHERrlMcqKg,8180,0.0,18.1
15:17:41,AHERrlMcqKg,8190,0.0,31.9
15:17:51,AHERrlMcqKg,8200,0.0,18.2
15:18:01,AHERrlMcqKg,8210,1.3,33.5
15:18:11,AHERrlMcqKg,8220,29.4,92.9
15:18:21,AHERrlMcqKg,8230,22.4,65.8
15:18:31,AHERrlMcqKg,8240,46.2,101.8
15:18:41,AHERrlMcqKg,8250,12.4,69.7
15:18:51,AHERrlMcqKg,8260,12.5,34.6
15:19:01,AHERrlMcqKg,8270,11.7,34.7
15:19:11,AHERrlMcqKg,8280,3.6,36.9
15:19:21,AHERrlMcqKg,8290,32.3,56.8
15:19:31,AHERrlMcqKg,8300,20.6,47.8
15:19:41,AHERrlMcqKg,8310,18.2,48.4
15:19:51,AHERrlMcqKg,8320,83.4,153.8
15:20:01,AHERrlMcqKg,8330,44.4,116.4
15:20:11,AHERrlMcqKg,8340,40.6,101.6
15:20:21,AHERrlMcqKg,8350,53.8,151.2
15:20:31,AHERrlMcqKg,8360,86.8,121.6
15:20:41,AHERrlMcqKg,8370,66.1,119.5
15:20:51,AHERrlMcqKg,8380,39.5,119.4
15:21:01,AHERrlMcqKg,8390,78.6,161.9
15:21:11,AHERrlMcqKg,8400,35.9,86.3
15:21:21,AHERrlMcqKg,8410,12.1,43.2
15:21:31,AHERrlMcqKg,8420,33.0,83.6
15:21:41,AHERrlMcqKg,8430,56.0,125.1
15:21:51,AHERrlMcqKg,8440,27.5,59.9
15:22:01,AHERrlMcqKg,8450,25.0,80.9
15:22:11,AHERrlMcqKg,8460,67.4,167.6
15:22:21,AHERrlMcqKg,8470,84.2,163.3
15:22:31,AHERrlMcqKg,8480,8.0,69.6
15:22:41,AHERrlMcqKg,8490,3.7,36.5
15:22:51,AHERrlMcqKg,8500,89.8,205.4
15:23:01,AHERrlMcqKg,8510,15.8,57.5
15:23:11,AHERrlMcqKg,8520,32.5,81.6
15:23:21,AHERrlMcqKg,8530,36.4,82.2
15:23:31,AHERrlMcqKg,8540,31.2,72.1
15:23:41,AHERrlMcqKg,8550,112.8,191.2
15:23:51,AHERrlMcqKg,8560,32.8,146.4
15:24:01,AHERrlMcqKg,8570,14.9,42.2
15:24:11,AHERrlMcqKg,8580,15.3,44.3
15:24:21,AHERrlMcqKg,8590,41.5,109.1
15:24:31,AHERrlMcqKg,8600,23.9,141.0
15:24:41,AHERrlMcqKg,8610,0.8,33.5
15:24:51,AHERrlMcqKg,8620,0.5,27.4
15:25:01,AHERrlMcqKg,8630,0.6,18.7
15:25:11,AHERrlMcqKg,8640,0.7,31.9
15:25:21,AHERrlMcqKg,8650,0.3,20.4
15:25:31,AHERrlMcqKg,8660,0.3,17.9
15:25:41,AHERrlMcqKg,8670,6.2,61.7
15:25:51,AHERrlMcqKg,8680,0.3,29.7
15:26:01,AHERrlMcqKg,8690,0.3,26.5
15:26:11,AHERrlMcqKg,8700,0.4,31.7
15:26:21,AHERrlMcqKg,8710,1.1,21.1
15:26:31,AHERrlMcqKg,8720,15.6,124.8
15:26:41,AHERrlMcqKg,8730,19.9,62.7
15:26:51,AHERrlMcqKg,8740,4.9,49.5
15:27:01,AHERrlMcqKg,8750,19.7,107.9
15:27:11,AHERrlMcqKg,8760,8.0,51.9
15:27:21,AHERrlMcqKg,8770,1.2,35.6
15:27:31,AHERrlMcqKg,8780,3.0,36.4
15:27:41,AHERrlMcqKg,8790,2.6,32.7
15:27:51,AHERrlMcqKg,8800,40.5,151.7
15:28:01,AHERrlMcqKg,8810,58.0,138.6
15:28:11,AHERrlMcqKg,8820,0.5,48.2
15:28:21,AHERrlMcqKg,8830,0.4,35.5
15:28:31,AHERrlMcqKg,8840,3.3,22.8
15:28:41,AHERrlMcqKg,8850,0.7,36.6
15:28:51,AHERrlMcqKg,8860,3.1,23.4
15:29:01,AHERrlMcqKg,8870,0.4,21.8
15:29:11,AHERrlMcqKg,8880,5.5,51.4
15:29:21,AHERrlMcqKg,8890,0.2,19.4
15:29:31,AHERrlMcqKg,8900,0.7,25.4
15:29:41,AHERrlMcqKg,8910,0.0,33.5
15:29:51,AHERrlMcqKg,8920,0.3,20.1
15:30:01,AHERrlMcqKg,8930,0.9,20.1
15:30:11,AHERrlMcqKg,8940,0.2,32.9
15:30:21,AHERrlMcqKg,8950,2.6,22.8
15:30:31,AHERrlMcqKg,8960,0.6,19.2
15:30:41,AHERrlMcqKg,8970,1.5,31.5
15:30:51,AHERrlMcqKg,8980,1.6,22.4
15:31:01,AHERrlMcqKg,8990,0.4,18.6
15:31:11,AHERrlMcqKg,9000,0.4,32.2
15:31:21,AHERrlMcqKg,9010,0.0,19.7
15:31:31,AHERrlMcqKg,9020,1.9,19.4
15:31:41,AHERrlMcqKg,9030,0.5,32.7
15:31:51,AHERrlMcqKg,9040,0.1,20.3
15:32:01,AHERrlMcqKg,9050,0.4,18.2
15:32:11,AHERrlMcqKg,9060,1.3,36.3
15:32:21,AHERrlMcqKg,9070,0.2,18.2
15:32:31,AHERrlMcqKg,9080,0.1,18.5
15:32:41,AHERrlMcqKg,9090,0.3,32.5
15:32:51,AHERrlMcqKg,9100,3.9,38.0
15:33:01,AHERrlMcqKg,9110,0.0,18.7
15:33:11,AHERrlMcqKg,9120,2.2,32.7
15:33:21,AHERrlMcqKg,9130,0.3,20.6
15:33:31,AHERrlMcqKg,9140,0.1,17.9
15:33:41,AHERrlMcqKg,9150,0.2,32.8
15:33:51,AHERrlMcqKg,9160,0.7,20.3
15:34:01,AHERrlMcqKg,9170,1.1,21.5
15:34:11,AHERrlMcqKg,9180,27.4,106.9
15:34:21,AHERrlMcqKg,9190,97.5,139.1
15:34:31,AHERrlMcqKg,9200,7.1,75.9
15:34:41,AHERrlMcqKg,9210,13.7,115.7
15:34:51,AHERrlMcqKg,9220,0.5,20.3
15:35:01,AHERrlMcqKg,9230,2.2,26.3
15:35:11,AHERrlMcqKg,9240,0.2,33.9
15:35:21,AHERrlMcqKg,9250,0.0,21.2
15:35:31,AHERrlMcqKg,9260,0.0,15.4
15:35:41,AHERrlMcqKg,9270,0.3,31.3
15:35:51,AHERrlMcqKg,9280,0.1,18.6
15:36:01,AHERrlMcqKg,9290,2.7,40.3
15:36:11,AHERrlMcqKg,9300,0.9,35.4
15:36:21,AHERrlMcqKg,9310,0.6,19.8
15:36:31,AHERrlMcqKg,9320,0.2,16.5
15:36:41,AHERrlMcqKg,9330,0.7,31.5
15:36:51,AHERrlMcqKg,9340,0.9,19.3
15:37:01,AHERrlMcqKg,9350,0.6,16.7
15:37:11,AHERrlMcqKg,9360,1.5,31.0
15:37:21,AHERrlMcqKg,9370,0.9,22.5
15:37:31,AHERrlMcqKg,9380,14.9,79.2
15:37:41,AHERrlMcqKg,9390,2.5,35.2
15:37:51,AHERrlMcqKg,9400,11.3,39.4
15:38:01,AHERrlMcqKg,9410,8.9,56.3
15:38:11,AHERrlMcqKg,9420,2.3,35.3
15:38:21,AHERrlMcqKg,9430,0.5,44.9
15:38:31,AHERrlMcqKg,9440,6.0,28.9
15:38:41,AHERrlMcqKg,9450,3.2,35.9
15:38:51,AHERrlMcqKg,9460,2.6,47.5
15:39:01,AHERrlMcqKg,9470,0.4,18.7
15:39:11,AHERrlMcqKg,9480,0.6,34.5
15:39:21,AHERrlMcqKg,9490,0.2,18.9
15:39:31,AHERrlMcqKg,9500,8.6,35.0
15:39:41,AHERrlMcqKg,9510,0.0,35.7
15:39:51,AHERrlMcqKg,9520,0.4,19.6
15:40:01,AHERrlMcqKg,9530,0.7,22.9
15:40:11,AHERrlMcqKg,9540,0.0,32.4
15:40:21,AHERrlMcqKg,9550,0.2,20.5
15:40:31,AHERrlMcqKg,9560,21.6,94.0
15:40:41,AHERrlMcqKg,9570,8.3,89.5
15:40:51,AHERrlMcqKg,9580,4.2,39.4
15:41:01,AHERrlMcqKg,9590,0.8,26.5
15:41:11,AHERrlMcqKg,9600,0.0,32.9
15:41:21,AHERrlMcqKg,9610,0.0,19.2
15:41:31,AHERrlMcqKg,9620,0.0,18.6
15:41:41,AHERrlMcqKg,9630,0.6,31.8
15:41:51,AHERrlMcqKg,9640,0.7,21.7
15:42:01,AHERrlMcqKg,9650,0.3,19.0
15:42:11,AHERrlMcqKg,9660,0.3,40.4
15:42:21,AHERrlMcqKg,9670,0.5,20.2
15:42:31,AHERrlMcqKg,9680,0.7,27.7
15:42:41,AHERrlMcqKg,9690,2.2,32.0
15:42:51,AHERrlMcqKg,9700,1.3,27.8
15:43:01,AHERrlMcqKg,9710,0.8,20.8
15:43:11,AHERrlMcqKg,9720,1.5,32.5
15:43:21,AHERrlMcqKg,9730,0.2,21.5
15:43:31,AHERrlMcqKg,9740,0.9,17.1
15:43:41,AHERrlMcqKg,9750,0.6,33.8
15:43:51,AHERrlMcqKg,9760,0.7,19.6
15:44:01,AHERrlMcqKg,9770,0.3,20.0
15:44:11,AHERrlMcqKg,9780,11.9,95.4
15:44:21,AHERrlMcqKg,9790,38.9,179.1
15:44:31,AHERrlMcqKg,9800,5.9,29.8
15:44:41,AHERrlMcqKg,9810,1.4,33.6
15:44:51,AHERrlMcqKg,9820,0.1,20.3
15:45:01,AHERrlMcqKg,9830,0.0,18.2
15:45:11,AHERrlMcqKg,9840,0.0,31.0
15:45:21,AHERrlMcqKg,9850,0.0,17.2
15:45:31,AHERrlMcqKg,9860,0.0,15.6
15:45:41,AHERrlMcqKg,9870,0.0,30.3
15:45:51,AHERrlMcqKg,9880,42.7,197.8
15:46:01,AHERrlMcqKg,9890,21.8,137.8
15:46:11,AHERrlMcqKg,9900,39.9,170.4
15:46:21,AHERrlMcqKg,9910,39.5,140.6
15:46:31,AHERrlMcqKg,9920,45.9,125.3
15:46:41,AHERrlMcqKg,9930,1.2,53.5
15:46:51,AHERrlMcqKg,9940,0.9,25.1
15:47:01,AHERrlMcqKg,9950,0.5,30.7
15:47:11,AHERrlMcqKg,9960,0.2,32.9
15:47:21,AHERrlMcqKg,9970,0.8,25.7
15:47:31,AHERrlMcqKg,9980,0.3,18.1
15:47:41,AHERrlMcqKg,9990,0.9,31.3
15:47:51,AHERrlMcqKg,10000,0.4,25.0
15:48:01,AHERrlMcqKg,10010,4.0,48.6
15:48:11,AHERrlMcqKg,10020,0.7,34.8
15:48:21,AHERrlMcqKg,10030,0.2,18.7
15:48:31,AHERrlMcqKg,10040,0.0,21.3
15:48:41,AHERrlMcqKg,10050,8.9,45.2
15:48:51,AHERrlMcqKg,10060,0.2,19.8
15:49:01,AHERrlMcqKg,10070,0.1,18.8
15:49:11,AHERrlMcqKg,10080,0.2,32.0
15:49:21,AHERrlMcqKg,10090,0.3,18.1
15:49:31,AHERrlMcqKg,10100,0.4,18.9
15:49:41,AHERrlMcqKg,10110,0.1,31.9
15:49:51,AHERrlMcqKg,10120,0.4,20.0
15:50:01,AHERrlMcqKg,10130,4.1,34.8
15:50:11,AHERrlMcqKg,10140,4.0,32.4
15:50:21,AHERrlMcqKg,10150,0.9,22.3
15:50:31,AHERrlMcqKg,10160,1.2,20.3
15:50:41,AHERrlMcqKg,10170,0.4,31.8
15:50:51,AHERrlMcqKg,10180,0.6,18.7
15:51:01,AHERrlMcqKg,10190,0.3,17.6
15:51:11,AHERrlMcqKg,10200,7.7,42.3
15:51:21,AHERrlMcqKg,10210,2.8,42.6
15:51:31,AHERrlMcqKg,10220,6.6,42.3
15:51:41,AHERrlMcqKg,10230,0.8,36.6
15:51:51,AHERrlMcqKg,10240,0.0,17.4
15:52:01,AHERrlMcqKg,10250,0.1,17.7
15:52:11,AHERrlMcqKg,10260,2.4,31.0
15:52:21,AHERrlMcqKg,10270,3.7,27.3
15:52:31,AHERrlMcqKg,10280,0.6,18.9
15:52:41,AHERrlMcqKg,10290,3.6,49.5
15:52:51,AHERrlMcqKg,10300,0.6,20.6
15:53:01,AHERrlMcqKg,10310,0.5,20.3
15:53:11,AHERrlMcqKg,10320,0.1,31.0
15:53:21,AHERrlMcqKg,10330,0.4,19.6
15:53:31,AHERrlMcqKg,10340,6.4,30.2
15:53:41,AHERrlMcqKg,10350,0.7,34.7
15:53:51,AHERrlMcqKg,10360,0.5,22.3
15:54:01,AHERrlMcqKg,10370,0.9,18.9
15:54:11,AHERrlMcqKg,10380,0.3,33.5
15:54:21,AHERrlMcqKg,10390,0.9,20.9
15:54:31,AHERrlMcqKg,10400,0.5,20.0
15:54:41,AHERrlMcqKg,10410,0.1,31.7
15:54:51,AHERrlMcqKg,10420,2.5,29.9
15:55:01,AHERrlMcqKg,10430,0.9,21.4
15:55:11,AHERrlMcqKg,10440,0.0,31.7
15:55:21,AHERrlMcqKg,10450,0.0,20.0
15:55:31,AHERrlMcqKg,10460,0.5,18.7
15:55:41,AHERrlMcqKg,10470,8.7,76.3
15:55:51,AHERrlMcqKg,10480,73.1,128.7
15:56:01,AHERrlMcqKg,10490,1.2,38.8
15:56:11,AHERrlMcqKg,10500,0.6,33.6
15:56:21,AHERrlMcqKg,10510,3.6,29.6
15:56:31,AHERrlMcqKg,10520,0.2,19.5
15:56:41,AHERrlMcqKg,10530,0.9,33.2
15:56:51,AHERrlMcqKg,10540,0.3,19.1
15:57:01,AHERrlMcqKg,10550,0.2,19.4
15:57:11,AHERrlMcqKg,10560,3.8,64.1
15:57:21,AHERrlMcqKg,10570,0.5,21.8
15:57:31,AHERrlMcqKg,10580,2.7,28.5
15:57:41,AHERrlMcqKg,10590,0.6,33.0
15:57:51,AHERrlMcqKg,10600,0.2,17.8
15:58:01,AHERrlMcqKg,10610,0.1,17.6
15:58:11,AHERrlMcqKg,10620,0.7,31.6
15:58:21,AHERrlMcqKg,10630,1.3,27.4
15:58:31,AHERrlMcqKg,10640,0.6,18.9
15:58:41,AHERrlMcqKg,10650,0.3,32.6
15:58:51,AHERrlMcqKg,10660,0.2,18.1
15:59:01,AHERrlMcqKg,10670,18.5,42.9
15:59:11,AHERrlMcqKg,10680,0.4,34.4
15:59:21,AHERrlMcqKg,10690,0.7,19.1
15:59:31,AHERrlMcqKg,10700,0.5,18.3
15:59:41,AHERrlMcqKg,10710,3.3,38.1
15:59:51,AHERrlMcqKg,10720,11.5,39.9
16:00:01,AHERrlMcqKg,10730,0.4,22.4
16:00:11,AHERrlMcqKg,10740,0.8,33.4
16:00:21,AHERrlMcqKg,10750,0.2,19.5
16:00:31,AHERrlMcqKg,10760,0.1,17.0
16:00:41,AHERrlMcqKg,10770,1.0,32.3
16:00:51,AHERrlMcqKg,10780,0.7,23.8
16:01:01,AHERrlMcqKg,10790,0.2,22.2
16:01:11,AHERrlMcqKg,10800,0.1,33.9
16:01:21,AHERrlMcqKg,10810,7.5,26.4
16:01:31,AHERrlMcqKg,10820,0.2,20.0
16:01:41,AHERrlMcqKg,10830,0.4,31.9
16:01:51,AHERrlMcqKg,10840,1.5,19.5
16:02:01,AHERrlMcqKg,10850,1.4,20.7
16:02:11,AHERrlMcqKg,10860,0.4,33.6
16:02:21,AHERrlMcqKg,10870,0.5,19.7
16:02:31,AHERrlMcqKg,10880,0.3,18.6
16:02:41,AHERrlMcqKg,10890,0.0,32.3
16:02:51,AHERrlMcqKg,10900,10.4,31.0
16:03:01,AHERrlMcqKg,10910,1.1,27.7
16:03:11,AHERrlMcqKg,10920,2.3,33.9
16:03:21,AHERrlMcqKg,10930,0.5,21.1
16:03:31,AHERrlMcqKg,10940,0.4,19.0
16:03:41,AHERrlMcqKg,10950,0.2,31.7
16:03:51,AHERrlMcqKg,10960,0.5,18.0
16:04:01,AHERrlMcqKg,10970,0.5,26.6
16:04:11,AHERrlMcqKg,10980,0.6,32.7
16:04:21,AHERrlMcqKg,10990,0.7,23.8
16:04:31,AHERrlMcqKg,11000,0.2,17.5
16:04:41,AHERrlMcqKg,11010,3.4,38.1
16:04:51,AHERrlMcqKg,11020,1.6,22.1
16:05:01,AHERrlMcqKg,11030,0.1,18.4
16:05:11,AHERrlMcqKg,11040,14.8,77.2
16:05:21,AHERrlMcqKg,11050,0.2,26.7
16:05:31,AHERrlMcqKg,11060,0.3,20.5
16:05:41,AHERrlMcqKg,11070,0.1,33.4
16:05:51,AHERrlMcqKg,11080,0.2,18.1
16:06:01,AHERrlMcqKg,11090,0.8,20.7
16:06:11,AHERrlMcqKg,11100,0.1,32.4
16:06:21,AHERrlMcqKg,11110,0.1,18.8
16:06:31,AHERrlMcqKg,11120,0.2,17.1
16:06:41,AHERrlMcqKg,11130,0.4,32.6
16:06:51,AHERrlMcqKg,11140,4.8,48.3
16:07:01,AHERrlMcqKg,11150,3.5,32.7
16:07:11,AHERrlMcqKg,11160,0.5,33.1
16:07:21,AHERrlMcqKg,11170,0.0,19.5
16:07:31,AHERrlMcqKg,11180,1.6,20.4
16:07:41,AHERrlMcqKg,11190,0.4,32.2
16:07:51,AHERrlMcqKg,11200,0.1,18.6
16:08:01,AHERrlMcqKg,11210,0.1,16.3
16:08:11,AHERrlMcqKg,11220,0.3,32.1
16:08:21,AHERrlMcqKg,11230,0.5,63.3
16:08:31,AHERrlMcqKg,11240,2.4,36.4
16:08:41,AHERrlMcqKg,11250,0.6,32.8
16:08:51,AHERrlMcqKg,11260,0.1,19.4
16:09:01,AHERrlMcqKg,11270,1.1,18.7
16:09:11,AHERrlMcqKg,11280,0.2,32.7
16:09:21,AHERrlMcqKg,11290,0.2,20.0
16:09:31,AHERrlMcqKg,11300,0.2,17.4
16:09:41,AHERrlMcqKg,11310,0.1,32.5
16:09:51,AHERrlMcqKg,11320,0.9,25.2
16:10:01,AHERrlMcqKg,11330,0.2,18.5
16:10:11,AHERrlMcqKg,11340,0.3,31.7
16:10:21,AHERrlMcqKg,11350,0.2,28.3
16:10:31,AHERrlMcqKg,11360,4.0,44.6
16:10:41,AHERrlMcqKg,11370,1.1,32.9
16:10:51,AHERrlMcqKg,11380,0.2,20.2
16:11:01,AHERrlMcqKg,11390,2.8,29.6
16:11:11,AHERrlMcqKg,11400,3.7,33.7
16:11:21,AHERrlMcqKg,11410,0.9,28.8
16:11:31,AHERrlMcqKg,11420,1.7,20.6
16:11:41,AHERrlMcqKg,11430,0.3,32.7
16:11:51,AHERrlMcqKg,11440,0.3,18.7
16:12:01,AHERrlMcqKg,11450,1.3,31.8
16:12:11,AHERrlMcqKg,11460,0.2,32.3
16:12:21,AHERrlMcqKg,11470,0.5,20.0
16:12:31,AHERrlMcqKg,11480,0.4,17.5
16:12:41,AHERrlMcqKg,11490,0.4,32.2
16:12:51,AHERrlMcqKg,11500,1.4,21.1
16:13:01,AHERrlMcqKg,11510,0.4,19.8
16:13:11,AHERrlMcqKg,11520,0.2,31.5
16:13:21,AHERrlMcqKg,11530,0.3,23.0
16:13:31,AHERrlMcqKg,11540,0.3,19.4
16:13:41,AHERrlMcqKg,11550,1.3,36.5
16:13:51,AHERrlMcqKg,11560,1.8,21.3
16:14:01,AHERrlMcqKg,11570,0.4,19.3
16:14:11,AHERrlMcqKg,11580,0.7,32.6
16:14:21,AHERrlMcqKg,11590,0.3,20.5
16:14:31,AHERrlMcqKg,11600,0.5,19.1
16:14:41,AHERrlMcqKg,11610,12.8,51.1
16:14:51,AHERrlMcqKg,11620,1.0,22.5
16:15:01,AHERrlMcqKg,11630,0.5,25.2
16:15:11,AHERrlMcqKg,11640,0.0,32.3
16:15:21,AHERrlMcqKg,11650,0.2,18.9
16:15:31,AHERrlMcqKg,11660,0.4,18.5
16:15:41,AHERrlMcqKg,11670,0.5,31.7
16:15:51,AHERrlMcqKg,11680,0.9,21.0
16:16:01,AHERrlMcqKg,11690,0.2,21.0
16:16:11,AHERrlMcqKg,11700,13.8,48.3
16:16:21,AHERrlMcqKg,11710,2.6,28.1
16:16:31,AHERrlMcqKg,11720,0.3,20.0
16:16:41,AHERrlMcqKg,11730,0.2,31.7
16:16:51,AHERrlMcqKg,11740,2.2,23.5
16:17:01,AHERrlMcqKg,11750,0.3,19.3
16:17:11,AHERrlMcqKg,11760,0.0,32.6
16:17:21,AHERrlMcqKg,11770,0.4,18.4
16:17:31,AHERrlMcqKg,11780,0.3,18.4
16:17:41,AHERrlMcqKg,11790,0.0,31.4
16:17:51,AHERrlMcqKg,11800,0.0,19.9
16:18:01,AHERrlMcqKg,11810,0.0,17.4
16:18:11,AHERrlMcqKg,11820,0.3,32.5
16:18:21,AHERrlMcqKg,11830,0.3,17.2
16:18:31,AHERrlMcqKg,11840,3.6,33.4
16:18:41,AHERrlMcqKg,11850,0.5,33.5
16:18:51,AHERrlMcqKg,11860,0.3,18.8
16:19:01,AHERrlMcqKg,11870,0.4,18.4
16:19:11,AHERrlMcqKg,11880,0.0,32.5
16:19:21,AHERrlMcqKg,11890,0.8,20.4
16:19:31,AHERrlMcqKg,11900,0.2,20.4
16:19:41,AHERrlMcqKg,11910,22.2,102.1
16:19:51,AHERrlMcqKg,11920,6.3,29.2
16:20:01,AHERrlMcqKg,11930,26.6,60.2
16:20:11,AHERrlMcqKg,11940,6.3,82.3
16:20:21,AHERrlMcqKg,11950,6.3,31.5
16:20:31,AHERrlMcqKg,11960,1.1,27.8
16:20:41,AHERrlMcqKg,11970,1.0,32.1
16:20:51,AHERrlMcqKg,11980,0.4,21.5
16:21:01,AHERrlMcqKg,11990,0.5,19.6
16:21:11,AHERrlMcqKg,12000,0.4,31.2
16:21:21,AHERrlMcqKg,12010,0.2,17.1
16:21:31,AHERrlMcqKg,12020,0.6,24.3
16:21:41,AHERrlMcqKg,12030,0.5,33.5
16:21:51,AHERrlMcqKg,12040,1.7,30.1
16:22:01,AHERrlMcqKg,12050,0.3,20.1
16:22:11,AHERrlMcqKg,12060,2.0,31.1
16:22:21,AHERrlMcqKg,12070,7.4,34.8
16:22:31,AHERrlMcqKg,12080,6.3,26.9
16:22:41,AHERrlMcqKg,12090,0.9,32.7
16:22:51,AHERrlMcqKg,12100,0.3,17.8
16:23:01,AHERrlMcqKg,12110,0.4,18.6
16:23:11,AHERrlMcqKg,12120,0.1,32.0
16:23:21,AHERrlMcqKg,12130,1.1,22.5
16:23:31,AHERrlMcqKg,12140,6.3,37.5
16:23:41,AHERrlMcqKg,12150,2.4,34.2
16:23:51,AHERrlMcqKg,12160,0.7,23.3
16:24:01,AHERrlMcqKg,12170,0.4,19.3
16:24:11,AHERrlMcqKg,12180,0.4,31.9
16:24:21,AHERrlMcqKg,12190,0.3,18.1
16:24:31,AHERrlMcqKg,12200,0.8,19.7
16:24:41,AHERrlMcqKg,12210,1.0,34.6
16:24:51,AHERrlMcqKg,12220,0.3,18.2
16:25:01,AHERrlMcqKg,12230,1.2,23.7
16:25:11,AHERrlMcqKg,12240,8.4,68.5
16:25:21,AHERrlMcqKg,12250,2.4,37.5
16:25:31,AHERrlMcqKg,12260,0.2,18.9
16:25:41,AHERrlMcqKg,12270,0.4,33.2
16:25:51,AHERrlMcqKg,12280,2.5,21.0
16:26:01,AHERrlMcqKg,12290,0.3,21.2
16:26:11,AHERrlMcqKg,12300,0.7,32.0
16:26:21,AHERrlMcqKg,12310,1.5,20.8
16:26:31,AHERrlMcqKg,12320,0.9,20.9
16:26:41,AHERrlMcqKg,12330,0.2,31.2
16:26:51,AHERrlMcqKg,12340,0.2,17.8
16:27:01,AHERrlMcqKg,12350,0.7,18.4
16:27:11,AHERrlMcqKg,12360,1.3,32.5
16:27:21,AHERrlMcqKg,12370,0.7,27.1
16:27:31,AHERrlMcqKg,12380,14.8,68.9
16:27:41,AHERrlMcqKg,12390,2.5,34.5
16:27:51,AHERrlMcqKg,12400,1.5,21.5
16:28:01,AHERrlMcqKg,12410,2.4,22.4
16:28:11,AHERrlMcqKg,12420,3.5,32.6
16:28:21,AHERrlMcqKg,12430,2.3,24.6
16:28:31,AHERrlMcqKg,12440,0.0,18.4
16:28:41,AHERrlMcqKg,12450,0.1,32.1
16:28:51,AHERrlMcqKg,12460,0.2,20.5
16:29:01,AHERrlMcqKg,12470,4.7,29.0
16:29:11,AHERrlMcqKg,12480,2.5,32.4
16:29:21,AHERrlMcqKg,12490,1.7,19.3
16:29:31,AHERrlMcqKg,12500,5.5,50.5
16:29:41,AHERrlMcqKg,12510,0.1,31.8
16:29:51,AHERrlMcqKg,12520,1.8,25.1
16:30:01,AHERrlMcqKg,12530,0.2,24.8
16:30:11,AHERrlMcqKg,12540,0.8,32.1
16:30:21,AHERrlMcqKg,12550,0.2,22.4
16:30:31,AHERrlMcqKg,12560,0.3,18.8
16:30:41,AHERrlMcqKg,12570,3.5,36.3
16:30:51,AHERrlMcqKg,12580,0.7,20.5
16:31:01,AHERrlMcqKg,12590,1.9,29.3
16:31:11,AHERrlMcqKg,12600,17.3,77.6
16:31:21,AHERrlMcqKg,12610,5.3,29.0
16:31:31,AHERrlMcqKg,12620,1.8,20.4
16:31:41,AHERrlMcqKg,12630,0.7,33.1
16:31:51,AHERrlMcqKg,12640,2.9,22.9
16:32:01,AHERrlMcqKg,12650,0.8,20.8
16:32:11,AHERrlMcqKg,12660,1.3,31.9
16:32:21,AHERrlMcqKg,12670,2.0,22.9
16:32:31,AHERrlMcqKg,12680,0.7,19.3
16:32:41,AHERrlMcqKg,12690,0.3,31.4
16:32:51,AHERrlMcqKg,12700,14.5,41.2
16:33:01,AHERrlMcqKg,12710,0.3,20.6
16:33:11,AHERrlMcqKg,12720,1.8,32.2
16:33:21,AHERrlMcqKg,12730,0.3,18.8
16:33:31,AHERrlMcqKg,12740,3.2,27.9
16:33:41,AHERrlMcqKg,12750,1.2,32.2
16:33:51,AHERrlMcqKg,12760,1.3,19.2
16:34:01,AHERrlMcqKg,12770,0.6,20.0
16:34:11,AHERrlMcqKg,12780,1.6,32.5
16:34:21,AHERrlMcqKg,12790,0.4,19.1
16:34:31,AHERrlMcqKg,12800,9.2,66.0
16:34:41,AHERrlMcqKg,12810,0.7,34.4
16:34:51,AHERrlMcqKg,12820,0.4,19.6
16:35:01,AHERrlMcqKg,12830,0.5,17.5
16:35:11,AHERrlMcqKg,12840,0.7,31.8
16:35:21,AHERrlMcqKg,12850,0.4,19.2
16:35:31,AHERrlMcqKg,12860,0.8,25.0
16:35:41,AHERrlMcqKg,12870,0.2,32.7
16:35:51,AHERrlMcqKg,12880,0.6,21.7
16:36:01,AHERrlMcqKg,12890,0.6,20.5
16:36:11,AHERrlMcqKg,12900,9.5,53.4
16:36:21,AHERrlMcqKg,12910,0.2,30.9
16:36:31,AHERrlMcqKg,12920,0.5,20.9
16:36:41,AHERrlMcqKg,12930,0.3,32.9
16:36:51,AHERrlMcqKg,12940,1.9,49.5
16:37:01,AHERrlMcqKg,12950,0.9,41.0
16:37:11,AHERrlMcqKg,12960,8.0,35.4
16:37:21,AHERrlMcqKg,12970,1.4,25.5
16:37:31,AHERrlMcqKg,12980,1.2,21.9
16:37:41,AHERrlMcqKg,12990,0.2,31.9
16:37:51,AHERrlMcqKg,13000,0.3,21.1
16:38:01,AHERrlMcqKg,13010,1.5,24.3
16:38:11,AHERrlMcqKg,13020,4.2,69.2
16:38:21,AHERrlMcqKg,13030,18.4,61.1
16:38:31,AHERrlMcqKg,13040,3.6,26.6
16:38:41,AHERrlMcqKg,13050,5.3,37.7
16:38:51,AHERrlMcqKg,13060,3.6,29.2
16:39:01,AHERrlMcqKg,13070,0.2,19.7
16:39:11,AHERrlMcqKg,13080,0.2,32.2
16:39:21,AHERrlMcqKg,13090,0.2,19.2
16:39:31,AHERrlMcqKg,13100,0.1,17.2
16:39:41,AHERrlMcqKg,13110,0.1,31.7
16:39:51,AHERrlMcqKg,13120,0.6,20.5
16:40:01,AHERrlMcqKg,13130,16.3,68.5
16:40:11,AHERrlMcqKg,13140,1.6,33.0
16:40:21,AHERrlMcqKg,13150,3.9,32.1
16:40:31,AHERrlMcqKg,13160,0.6,24.9
16:40:41,AHERrlMcqKg,13170,0.5,32.3
16:40:51,AHERrlMcqKg,13180,0.2,19.2
16:41:01,AHERrlMcqKg,13190,6.9,29.7
16:41:11,AHERrlMcqKg,13200,0.8,35.0
16:41:21,AHERrlMcqKg,13210,0.3,21.0
16:41:31,AHERrlMcqKg,13220,0.7,27.3
16:41:41,AHERrlMcqKg,13230,0.3,31.3
16:41:51,AHERrlMcqKg,13240,12.1,44.0
16:42:01,AHERrlMcqKg,13250,6.1,57.7
16:42:11,AHERrlMcqKg,13260,0.3,36.6
16:42:21,AHERrlMcqKg,13270,4.0,24.6
16:42:31,AHERrlMcqKg,13280,0.7,21.8
16:42:41,AHERrlMcqKg,13290,0.2,32.4
16:42:51,AHERrlMcqKg,13300,0.2,18.9
16:43:01,AHERrlMcqKg,13310,0.2,17.9
16:43:11,AHERrlMcqKg,13320,0.2,33.6
16:43:21,AHERrlMcqKg,13330,0.4,19.7
16:43:31,AHERrlMcqKg,13340,9.3,49.9
16:43:41,AHERrlMcqKg,13350,3.7,33.0
16:43:51,AHERrlMcqKg,13360,0.8,20.8
16:44:01,AHERrlMcqKg,13370,0.5,19.1
16:44:11,AHERrlMcqKg,13380,0.0,31.6
16:44:21,AHERrlMcqKg,13390,0.9,19.8
16:44:31,AHERrlMcqKg,13400,0.2,17.9
16:44:41,AHERrlMcqKg,13410,0.6,31.6
16:44:51,AHERrlMcqKg,13420,0.2,19.8
16:45:01,AHERrlMcqKg,13430,0.7,19.2
16:45:11,AHERrlMcqKg,13440,1.4,32.1
16:45:21,AHERrlMcqKg,13450,15.6,85.2
16:45:31,AHERrlMcqKg,13460,0.3,28.2
16:45:41,AHERrlMcqKg,13470,0.6,32.6
16:45:51,AHERrlMcqKg,13480,0.5,18.7
16:46:01,AHERrlMcqKg,13490,0.3,19.1
16:46:11,AHERrlMcqKg,13500,0.8,37.1
16:46:21,AHERrlMcqKg,13510,0.7,32.8
16:46:31,AHERrlMcqKg,13520,0.9,19.3
16:46:41,AHERrlMcqKg,13530,1.6,32.0
16:46:51,AHERrlMcqKg,13540,1.5,27.9
16:47:01,AHERrlMcqKg,13550,5.6,36.5
16:47:11,AHERrlMcqKg,13560,0.4,32.0
16:47:21,AHERrlMcqKg,13570,3.9,22.8
16:47:31,AHERrlMcqKg,13580,0.8,19.2
16:47:41,AHERrlMcqKg,13590,0.8,32.2
16:47:51,AHERrlMcqKg,13600,1.0,57.1
16:48:01,AHERrlMcqKg,13610,0.0,18.7
16:48:11,AHERrlMcqKg,13620,1.3,32.3
16:48:21,AHERrlMcqKg,13630,4.8,30.6
16:48:31,AHERrlMcqKg,13640,1.6,32.8
16:48:41,AHERrlMcqKg,13650,14.4,41.8
16:48:51,AHERrlMcqKg,13660,17.6,60.6
16:49:01,AHERrlMcqKg,13670,4.9,27.1
16:49:11,AHERrlMcqKg,13680,0.8,32.1
16:49:21,AHERrlMcqKg,13690,17.8,86.7
16:49:31,AHERrlMcqKg,13700,2.1,35.5
16:49:41,AHERrlMcqKg,13710,0.1,33.5
16:49:51,AHERrlMcqKg,13720,0.1,19.3
16:50:01,AHERrlMcqKg,13730,0.1,18.4
16:50:11,AHERrlMcqKg,13740,0.7,31.9
16:50:21,AHERrlMcqKg,13750,1.0,20.3
16:50:31,AHERrlMcqKg,13760,0.3,19.0
16:50:41,AHERrlMcqKg,13770,0.2,31.7
16:50:51,AHERrlMcqKg,13780,0.5,19.9
16:51:01,AHERrlMcqKg,13790,0.2,18.7
16:51:11,AHERrlMcqKg,13800,0.7,33.2
16:51:21,AHERrlMcqKg,13810,0.1,19.3
16:51:31,AHERrlMcqKg,13820,1.2,25.5
16:51:41,AHERrlMcqKg,13830,0.7,32.2
16:51:51,AHERrlMcqKg,13840,0.2,20.4
16:52:01,AHERrlMcqKg,13850,0.2,17.2
16:52:11,AHERrlMcqKg,13860,0.2,32.3
16:52:21,AHERrlMcqKg,13870,0.2,19.3
16:52:31,AHERrlMcqKg,13880,6.2,72.8
16:52:41,AHERrlMcqKg,13890,3.6,34.1
16:52:51,AHERrlMcqKg,13900,4.5,34.3
16:53:01,AHERrlMcqKg,13910,0.1,18.7
16:53:11,AHERrlMcqKg,13920,0.6,35.0
16:53:21,AHERrlMcqKg,13930,0.0,18.9
16:53:31,AHERrlMcqKg,13940,0.1,20.0
16:53:41,AHERrlMcqKg,13950,5.8,39.5
16:53:51,AHERrlMcqKg,13960,4.9,26.8
16:54:01,AHERrlMcqKg,13970,0.3,21.6
16:54:11,AHERrlMcqKg,13980,0.9,32.1
16:54:21,AHERrlMcqKg,13990,0.2,19.4
16:54:31,AHERrlMcqKg,14000,3.5,28.0
16:54:41,AHERrlMcqKg,14010,0.0,32.0
16:54:51,AHERrlMcqKg,14020,1.1,20.8
16:55:01,AHERrlMcqKg,14030,2.2,78.9
16:55:11,AHERrlMcqKg,14040,35.4,158.3
16:55:21,AHERrlMcqKg,14050,8.2,30.2
16:55:31,AHERrlMcqKg,14060,3.5,29.6
16:55:41,AHERrlMcqKg,14070,1.2,31.9
16:55:51,AHERrlMcqKg,14080,0.1,19.0
16:56:01,AHERrlMcqKg,14090,0.0,16.4
16:56:11,AHERrlMcqKg,14100,0.0,31.1
16:56:21,AHERrlMcqKg,14110,0.0,16.6
16:56:31,AHERrlMcqKg,14120,0.0,16.9
16:56:41,AHERrlMcqKg,14130,0.0,30.5
16:56:51,AHERrlMcqKg,14140,0.0,16.3
16:57:01,AHERrlMcqKg,14150,0.0,16.0
16:57:11,AHERrlMcqKg,14160,0.0,30.3
16:57:21,AHERrlMcqKg,14170,0.0,15.3
16:57:31,AHERrlMcqKg,14180,0.0,16.8
16:57:41,AHERrlMcqKg,14190,0.0,31.1
16:57:51,AHERrlMcqKg,14200,0.0,15.6
16:58:01,AHERrlMcqKg,14210,0.0,14.4
16:58:11,AHERrlMcqKg,14220,0.0,31.2
16:58:21,AHERrlMcqKg,14230,0.0,16.8
16:58:31,AHERrlMcqKg,14240,0.0,15.5
16:58:41,AHERrlMcqKg,14250,0.1,31.0
16:58:51,AHERrlMcqKg,14260,47.5,171.9
16:59:01,AHERrlMcqKg,14270,39.4,111.7
16:59:11,AHERrlMcqKg,14280,50.0,159.2
16:59:21,AHERrlMcqKg,14290,5.6,25.9
16:59:31,AHERrlMcqKg,14300,1.2,26.7
16:59:41,AHERrlMcqKg,14310,0.2,31.7
16:59:51,AHERrlMcqKg,14320,0.0,18.0
17:00:01,AHERrlMcqKg,14330,0.0,15.7
17:00:11,AHERrlMcqKg,14340,0.0,30.5
17:00:21,AHERrlMcqKg,14350,0.0,18.1
17:00:31,AHERrlMcqKg,14360,0.0,16.5
17:00:41,AHERrlMcqKg,14370,0.0,30.1
17:00:51,AHERrlMcqKg,14380,0.0,17.2
17:01:01,AHERrlMcqKg,14390,0.0,15.2
17:01:11,AHERrlMcqKg,14400,0.0,30.7
17:01:21,AHERrlMcqKg,14410,0.0,15.8
17:01:31,AHERrlMcqKg,14420,0.0,15.0
17:01:41,AHERrlMcqKg,14430,0.0,30.6
17:01:51,AHERrlMcqKg,14440,0.0,17.6
17:02:01,AHERrlMcqKg,14450,0.0,15.4
17:02:11,AHERrlMcqKg,14460,0.0,30.6
17:02:21,AHERrlMcqKg,14470,0.0,16.7
17:02:31,AHERrlMcqKg,14480,0.0,16.2
17:02:41,AHERrlMcqKg,14490,0.0,30.4
17:02:51,AHERrlMcqKg,14500,0.0,16.6
17:03:01,AHERrlMcqKg,14510,0.0,15.0
17:03:11,AHERrlMcqKg,14520,0.0,30.6
17:03:21,AHERrlMcqKg,14530,0.0,18.0
17:03:31,AHERrlMcqKg,14540,0.0,14.9
17:03:41,AHERrlMcqKg,14550,0.0,31.9
17:03:51,AHERrlMcqKg,14560,0.0,17.3
17:04:01,AHERrlMcqKg,14570,0.0,15.6
17:04:11,AHERrlMcqKg,14580,0.0,30.7
17:04:21,AHERrlMcqKg,14590,0.0,17.7
17:04:31,AHERrlMcqKg,14600,0.0,16.8
17:04:41,AHERrlMcqKg,14610,0.0,31.1
17:04:51,AHERrlMcqKg,14620,0.0,18.1
17:05:01,AHERrlMcqKg,14630,0.0,17.6
17:05:11,AHERrlMcqKg,14640,0.0,30.3
17:05:21,AHERrlMcqKg,14650,0.0,16.4
17:05:31,AHERrlMcqKg,14660,0.0,15.6
17:05:41,AHERrlMcqKg,14670,0.0,30.6
17:05:51,AHERrlMcqKg,14680,0.0,15.5
17:06:01,AHERrlMcqKg,14690,0.0,16.6
17:06:11,AHERrlMcqKg,14700,0.0,31.1
17:06:21,AHERrlMcqKg,14710,0.0,17.7
17:06:31,AHERrlMcqKg,14720,0.0,16.3
17:06:41,AHERrlMcqKg,14730,0.0,31.5
17:06:51,AHERrlMcqKg,14740,0.0,16.2
17:07:01,AHERrlMcqKg,14750,0.0,15.7
17:07:11,AHERrlMcqKg,14760,0.0,31.4
17:07:21,AHERrlMcqKg,14770,0.0,17.5
17:07:31,AHERrlMcqKg,14780,0.0,18.0
17:07:41,AHERrlMcqKg,14790,0.0,31.1
17:07:51,AHERrlMcqKg,14800,0.0,16.4
17:08:01,AHERrlMcqKg,14810,0.0,15.1
17:08:11,AHERrlMcqKg,14820,0.0,30.7
17:08:21,AHERrlMcqKg,14830,0.0,17.4
17:08:31,AHERrlMcqKg,14840,0.0,15.4
17:08:41,AHERrlMcqKg,14850,0.0,31.2
17:08:51,AHERrlMcqKg,14860,0.0,17.1
17:09:01,AHERrlMcqKg,14870,0.0,16.4
17:09:11,AHERrlMcqKg,14880,0.0,30.9
17:09:21,AHERrlMcqKg,14890,0.0,16.1
17:09:31,AHERrlMcqKg,14900,0.0,14.8
17:09:41,AHERrlMcqKg,14910,0.0,30.8
17:09:51,AHERrlMcqKg,14920,0.0,17.7
17:10:01,AHERrlMcqKg,14930,0.0,16.5
17:10:11,AHERrlMcqKg,14940,0.0,30.0
17:10:21,AHERrlMcqKg,14950,0.0,17.0
17:10:31,AHERrlMcqKg,14960,0.0,15.7
17:10:41,AHERrlMcqKg,14970,0.0,30.7
17:10:51,AHERrlMcqKg,14980,0.0,14.6
17:11:01,AHERrlMcqKg,14990,0.0,16.7
17:11:11,AHERrlMcqKg,15000,0.0,30.2
17:11:21,AHERrlMcqKg,15010,0.0,15.4
17:11:31,AHERrlMcqKg,15020,0.0,14.6
17:11:41,AHERrlMcqKg,15030,0.0,31.0
17:11:51,AHERrlMcqKg,15040,0.0,17.5
17:12:01,AHERrlMcqKg,15050,0.0,15.8
17:12:11,AHERrlMcqKg,15060,0.0,31.1
17:12:21,AHERrlMcqKg,15070,0.0,16.5
17:12:31,AHERrlMcqKg,15080,0.0,15.3
17:12:41,AHERrlMcqKg,15090,0.0,31.7
17:12:51,AHERrlMcqKg,15100,0.0,15.8
17:13:01,AHERrlMcqKg,15110,0.0,15.9
17:13:11,AHERrlMcqKg,15120,0.0,30.3
17:13:21,AHERrlMcqKg,15130,0.0,17.6
17:13:31,AHERrlMcqKg,15140,0.0,15.7
17:13:41,AHERrlMcqKg,15150,0.0,30.7
17:13:51,AHERrlMcqKg,15160,0.0,17.5
17:14:01,AHERrlMcqKg,15170,0.0,16.0
17:14:11,AHERrlMcqKg,15180,0.0,30.2
17:14:21,AHERrlMcqKg,15190,0.0,16.3
17:14:31,AHERrlMcqKg,15200,0.1,17.1
17:14:41,AHERrlMcqKg,15210,0.0,31.0
17:14:51,AHERrlMcqKg,15220,0.0,17.3
