broadcast,stream_offset_s,overlay,implied_start
EpFB_QaDegU,0.000,2026-10-06_05-01-16,05:01:16
EpFB_QaDegU,30.000,2026-10-06_05-01-40,05:01:10
EpFB_QaDegU,60.000,2026-10-06_05-02-10,05:01:10
EpFB_QaDegU,90.000,2026-10-06_05-02-40,05:01:10
EpFB_QaDegU,120.000,2026-10-06_05-03-10,05:01:10
EpFB_QaDegU,150.000,2026-10-06_05-03-40,05:01:10
EpFB_QaDegU,180.000,2026-10-06_05-04-10,05:01:10
EpFB_QaDegU,210.000,2026-10-06_05-04-40,05:01:10
EpFB_QaDegU,240.000,2026-10-06_05-05-10,05:01:10
EpFB_QaDegU,270.000,2026-10-06_05-05-40,05:01:10
EpFB_QaDegU,300.000,2026-10-06_05-06-10,05:01:10
EpFB_QaDegU,330.000,2026-10-06_05-06-40,05:01:10
EpFB_QaDegU,360.000,2026-10-06_05-07-10,05:01:10
EpFB_QaDegU,390.000,2026-10-06_05-07-40,05:01:10
EpFB_QaDegU,420.000,2026-10-06_05-08-10,05:01:10
EpFB_QaDegU,450.000,2026-10-06_05-08-40,05:01:10
EpFB_QaDegU,480.000,2026-10-06_05-09-10,05:01:10
EpFB_QaDegU,510.000,2026-10-06_05-09-40,05:01:10
EpFB_QaDegU,540.000,2026-10-06_05-10-10,05:01:10
EpFB_QaDegU,570.000,2026-10-06_05-10-40,05:01:10
EpFB_QaDegU,600.000,2026-10-06_05-11-10,05:01:10
EpFB_QaDegU,630.000,2026-10-06_05-11-40,05:01:10
EpFB_QaDegU,660.000,2026-10-06_05-12-10,05:01:10
EpFB_QaDegU,690.000,2026-10-06_05-12-40,05:01:10
EpFB_QaDegU,720.000,2026-10-06_05-13-10,05:01:10
EpFB_QaDegU,750.000,2026-10-06_05-13-40,05:01:10
EpFB_QaDegU,780.000,2026-10-06_05-14-10,05:01:10
EpFB_QaDegU,810.000,2026-10-06_05-14-40,05:01:10
EpFB_QaDegU,840.000,2026-10-06_05-15-10,05:01:10
EpFB_QaDegU,870.000,2026-10-06_05-15-40,05:01:10
EpFB_QaDegU,900.000,2026-10-06_05-16-10,05:01:10
EpFB_QaDegU,930.000,2026-10-06_05-16-40,05:01:10
EpFB_QaDegU,960.000,2026-10-06_05-17-10,05:01:10
EpFB_QaDegU,990.000,2026-10-06_05-17-40,05:01:10
EpFB_QaDegU,1020.000,2026-10-06_05-18-10,05:01:10
EpFB_QaDegU,1050.000,2026-10-06_05-18-40,05:01:10
EpFB_QaDegU,1080.000,2026-10-06_05-19-10,05:01:10
EpFB_QaDegU,1110.000,2026-10-06_05-19-40,05:01:10
EpFB_QaDegU,1140.000,2026-10-06_05-20-10,05:01:10
EpFB_QaDegU,1170.000,2026-10-06_05-20-40,05:01:10
EpFB_QaDegU,1200.000,2026-10-06_05-21-10,05:01:10
EpFB_QaDegU,1230.000,2026-10-06_05-21-40,05:01:10
EpFB_QaDegU,1260.000,2026-10-06_05-22-10,05:01:10
EpFB_QaDegU,1290.000,2026-10-06_05-22-40,05:01:10
EpFB_QaDegU,1320.000,2026-10-06_05-23-10,05:01:10
EpFB_QaDegU,1350.000,2026-10-06_05-23-40,05:01:10
EpFB_QaDegU,1380.000,2026-10-06_05-24-10,05:01:10
EpFB_QaDegU,1410.000,2026-10-06_05-24-40,05:01:10
EpFB_QaDegU,1440.000,2026-10-06_05-25-10,05:01:10
EpFB_QaDegU,1470.000,2026-10-06_05-25-40,05:01:10
EpFB_QaDegU,1500.000,2026-10-06_05-26-10,05:01:10
EpFB_QaDegU,1530.000,2026-10-06_05-26-40,05:01:10
EpFB_QaDegU,1560.000,2026-10-06_05-27-10,05:01:10
EpFB_QaDegU,1590.000,2026-10-06_05-27-40,05:01:10
EpFB_QaDegU,1620.000,2026-10-06_05-28-10,05:01:10
EpFB_QaDegU,1650.000,2026-10-06_05-28-40,05:01:10
EpFB_QaDegU,1680.000,2026-10-06_05-29-10,05:01:10
EpFB_QaDegU,1710.000,2026-10-06_05-29-40,05:01:10
EpFB_QaDegU,1740.000,2026-10-06_05-30-10,05:01:10
EpFB_QaDegU,1770.000,2026-10-06_05-30-40,05:01:10
EpFB_QaDegU,1800.000,2026-10-06_05-31-10,05:01:10
EpFB_QaDegU,1830.000,2026-10-06_05-31-40,05:01:10
EpFB_QaDegU,1860.000,2026-10-06_05-32-10,05:01:10
EpFB_QaDegU,1890.000,2026-10-06_05-32-40,05:01:10
EpFB_QaDegU,1920.000,2026-10-06_05-33-10,05:01:10
EpFB_QaDegU,1950.000,2026-10-06_05-33-40,05:01:10
EpFB_QaDegU,1980.000,2026-10-06_05-34-10,05:01:10
EpFB_QaDegU,2010.000,2026-10-06_05-34-40,05:01:10
EpFB_QaDegU,2040.000,2026-10-06_05-35-10,05:01:10
EpFB_QaDegU,2070.000,2026-10-06_05-35-40,05:01:10
EpFB_QaDegU,2100.000,2026-10-06_05-36-10,05:01:10
EpFB_QaDegU,2130.000,2026-10-06_05-36-40,05:01:10
EpFB_QaDegU,2160.000,2026-10-06_05-37-10,05:01:10
EpFB_QaDegU,2190.000,2026-10-06_05-37-40,05:01:10
EpFB_QaDegU,2220.000,2026-10-06_05-38-10,05:01:10
EpFB_QaDegU,2250.000,2026-10-06_05-38-40,05:01:10
EpFB_QaDegU,2280.000,2026-10-06_05-39-10,05:01:10
EpFB_QaDegU,2310.000,2026-10-06_05-39-40,05:01:10
EpFB_QaDegU,2340.000,2026-10-06_05-40-10,05:01:10
EpFB_QaDegU,2370.000,2026-10-06_05-40-40,05:01:10
EpFB_QaDegU,2400.000,2026-10-06_05-41-10,05:01:10
EpFB_QaDegU,2430.000,2026-10-06_05-41-40,05:01:10
EpFB_QaDegU,2460.000,2026-10-06_05-42-10,05:01:10
EpFB_QaDegU,2490.000,2026-10-06_05-42-40,05:01:10
EpFB_QaDegU,2520.000,2026-10-06_05-43-10,05:01:10
EpFB_QaDegU,2550.000,2026-10-06_05-43-40,05:01:10
EpFB_QaDegU,2580.000,2026-10-06_05-44-10,05:01:10
EpFB_QaDegU,2610.000,2026-10-06_05-44-40,05:01:10
EpFB_QaDegU,2640.000,2026-10-06_05-45-10,05:01:10
EpFB_QaDegU,2670.000,2026-10-06_05-45-40,05:01:10
EpFB_QaDegU,2700.000,2026-10-06_05-46-10,05:01:10
EpFB_QaDegU,2730.000,2026-10-06_05-46-40,05:01:10
EpFB_QaDegU,2760.000,2026-10-06_05-47-10,05:01:10
EpFB_QaDegU,2790.000,2026-10-06_05-47-40,05:01:10
EpFB_QaDegU,2820.000,2026-10-06_05-48-10,05:01:10
EpFB_QaDegU,2850.000,2026-10-06_05-48-40,05:01:10
EpFB_QaDegU,2880.000,2026-10-06_05-49-10,05:01:10
EpFB_QaDegU,2910.000,2026-10-06_05-49-40,05:01:10
EpFB_QaDegU,2940.000,2026-10-06_05-50-10,05:01:10
EpFB_QaDegU,2970.000,2026-10-06_05-50-40,05:01:10
EpFB_QaDegU,3000.000,2026-10-06_05-51-10,05:01:10
EpFB_QaDegU,3030.000,2026-10-06_05-51-40,05:01:10
EpFB_QaDegU,3060.000,2026-10-06_05-52-10,05:01:10
EpFB_QaDegU,3090.000,2026-10-06_05-52-40,05:01:10
EpFB_QaDegU,3120.000,2026-10-06_05-53-10,05:01:10
EpFB_QaDegU,3150.000,2026-10-06_05-53-40,05:01:10
EpFB_QaDegU,3180.000,2026-10-06_05-54-10,05:01:10
EpFB_QaDegU,3210.000,2026-10-06_05-54-40,05:01:10
EpFB_QaDegU,3240.000,2026-10-06_05-55-10,05:01:10
EpFB_QaDegU,3270.000,2026-10-06_05-55-40,05:01:10
EpFB_QaDegU,3300.000,2026-10-06_05-56-10,05:01:10
EpFB_QaDegU,3330.000,2026-10-06_05-56-40,05:01:10
EpFB_QaDegU,3360.000,2026-10-06_05-57-10,05:01:10
EpFB_QaDegU,3390.000,2026-10-06_05-57-40,05:01:10
EpFB_QaDegU,3420.000,2026-10-06_05-58-10,05:01:10
EpFB_QaDegU,3450.000,2026-10-06_05-58-40,05:01:10
EpFB_QaDegU,3480.000,2026-10-06_05-59-10,05:01:10
EpFB_QaDegU,3510.000,2026-10-06_05-59-40,05:01:10
EpFB_QaDegU,3540.000,2026-10-06_06-00-10,05:01:10
EpFB_QaDegU,3570.000,2026-10-06_06-00-40,05:01:10
EpFB_QaDegU,3600.000,2026-10-06_06-01-10,05:01:10
EpFB_QaDegU,3630.000,2026-10-06_06-01-40,05:01:10
EpFB_QaDegU,3660.000,2026-10-06_06-02-10,05:01:10
EpFB_QaDegU,3690.000,2026-10-06_06-02-40,05:01:10
EpFB_QaDegU,3720.000,2026-10-06_06-03-10,05:01:10
EpFB_QaDegU,3750.000,2026-10-06_06-03-40,05:01:10
EpFB_QaDegU,3780.000,2026-10-06_06-04-10,05:01:10
EpFB_QaDegU,3810.000,2026-10-06_06-04-40,05:01:10
EpFB_QaDegU,3840.000,2026-10-06_06-05-10,05:01:10
EpFB_QaDegU,3870.000,2026-10-06_06-05-40,05:01:10
EpFB_QaDegU,3900.000,2026-10-06_06-06-10,05:01:10
EpFB_QaDegU,3930.000,2026-10-06_06-06-40,05:01:10
EpFB_QaDegU,3960.000,2026-10-06_06-07-10,05:01:10
EpFB_QaDegU,3990.000,2026-10-06_06-07-40,05:01:10
EpFB_QaDegU,4020.000,2026-10-06_06-08-10,05:01:10
EpFB_QaDegU,4050.000,2026-10-06_06-08-40,05:01:10
EpFB_QaDegU,4080.000,2026-10-06_06-09-10,05:01:10
EpFB_QaDegU,4110.000,2026-10-06_06-09-40,05:01:10
EpFB_QaDegU,4140.000,2026-10-06_06-10-10,05:01:10
EpFB_QaDegU,4170.000,2026-10-06_06-10-40,05:01:10
EpFB_QaDegU,4200.000,2026-10-06_06-11-10,05:01:10
EpFB_QaDegU,4230.000,2026-10-06_06-11-40,05:01:10
EpFB_QaDegU,4260.000,2026-10-06_06-12-10,05:01:10
EpFB_QaDegU,4290.000,2026-10-06_06-12-40,05:01:10
EpFB_QaDegU,4320.000,2026-10-06_06-13-10,05:01:10
EpFB_QaDegU,4350.000,2026-10-06_06-13-40,05:01:10
EpFB_QaDegU,4380.000,2026-10-06_06-14-10,05:01:10
EpFB_QaDegU,4410.000,2026-10-06_06-14-40,05:01:10
EpFB_QaDegU,4440.000,2026-10-06_06-15-10,05:01:10
EpFB_QaDegU,4470.000,2026-10-06_06-15-40,05:01:10
EpFB_QaDegU,4500.000,2026-10-06_06-16-10,05:01:10
EpFB_QaDegU,4530.000,2026-10-06_06-16-40,05:01:10
EpFB_QaDegU,4560.000,2026-10-06_06-17-10,05:01:10
EpFB_QaDegU,4590.000,2026-10-06_06-17-40,05:01:10
EpFB_QaDegU,4620.000,2026-10-06_06-18-10,05:01:10
EpFB_QaDegU,4650.000,2026-10-06_06-18-40,05:01:10
EpFB_QaDegU,4680.000,2026-10-06_06-19-10,05:01:10
EpFB_QaDegU,4710.000,2026-10-06_06-19-40,05:01:10
EpFB_QaDegU,4740.000,2026-10-06_06-20-10,05:01:10
EpFB_QaDegU,4770.000,2026-10-06_06-20-40,05:01:10
EpFB_QaDegU,4800.000,2026-10-06_06-21-10,05:01:10
EpFB_QaDegU,4830.000,2026-10-06_06-21-40,05:01:10
EpFB_QaDegU,4860.000,2026-10-06_06-22-10,05:01:10
EpFB_QaDegU,4890.000,2026-10-06_06-22-40,05:01:10
EpFB_QaDegU,4920.000,2026-10-06_06-23-10,05:01:10
EpFB_QaDegU,4950.000,2026-10-06_06-23-40,05:01:10
EpFB_QaDegU,4980.000,2026-10-06_06-24-10,05:01:10
EpFB_QaDegU,5010.000,2026-10-06_06-24-40,05:01:10
EpFB_QaDegU,5040.000,2026-10-06_06-25-10,05:01:10
EpFB_QaDegU,5070.000,2026-10-06_06-25-40,05:01:10
EpFB_QaDegU,5100.000,2026-10-06_06-26-10,05:01:10
EpFB_QaDegU,5130.000,2026-10-06_06-26-40,05:01:10
EpFB_QaDegU,5160.000,2026-10-06_06-27-10,05:01:10
EpFB_QaDegU,5190.000,2026-10-06_06-27-40,05:01:10
EpFB_QaDegU,5220.000,2026-10-06_06-28-10,05:01:10
EpFB_QaDegU,5250.000,2026-10-06_06-28-40,05:01:10
EpFB_QaDegU,5280.000,2026-10-06_06-29-10,05:01:10
EpFB_QaDegU,5310.000,2026-10-06_06-29-40,05:01:10
EpFB_QaDegU,5340.000,2026-10-06_06-30-10,05:01:10
EpFB_QaDegU,5370.000,2026-10-06_06-30-40,05:01:10
EpFB_QaDegU,5400.000,2026-10-06_06-31-10,05:01:10
EpFB_QaDegU,5430.000,2026-10-06_06-31-40,05:01:10
EpFB_QaDegU,5460.000,2026-10-06_06-32-10,05:01:10
EpFB_QaDegU,5490.000,2026-10-06_06-32-40,05:01:10
EpFB_QaDegU,5520.000,2026-10-06_06-33-10,05:01:10
EpFB_QaDegU,5550.000,2026-10-06_06-33-40,05:01:10
EpFB_QaDegU,5580.000,2026-10-06_06-34-10,05:01:10
EpFB_QaDegU,5610.000,2026-10-06_06-34-40,05:01:10
EpFB_QaDegU,5640.000,2026-10-06_06-35-10,05:01:10
EpFB_QaDegU,5670.000,2026-10-06_06-35-40,05:01:10
EpFB_QaDegU,5700.000,2026-10-06_06-36-10,05:01:10
EpFB_QaDegU,5730.000,2026-10-06_06-36-40,05:01:10
EpFB_QaDegU,5760.000,2026-10-06_06-37-10,05:01:10
EpFB_QaDegU,5790.000,2026-10-06_06-37-40,05:01:10
EpFB_QaDegU,5820.000,2026-10-06_06-38-10,05:01:10
EpFB_QaDegU,5850.000,2026-10-06_06-38-40,05:01:10
EpFB_QaDegU,5880.000,2026-10-06_06-39-10,05:01:10
EpFB_QaDegU,5910.000,2026-10-06_06-39-40,05:01:10
EpFB_QaDegU,5940.000,2026-10-06_06-40-10,05:01:10
EpFB_QaDegU,5970.000,2026-10-06_06-40-40,05:01:10
EpFB_QaDegU,6000.000,2026-10-06_06-41-10,05:01:10
EpFB_QaDegU,6030.000,2026-10-06_06-41-40,05:01:10
EpFB_QaDegU,6060.000,2026-10-06_06-42-10,05:01:10
EpFB_QaDegU,6090.000,2026-10-06_06-42-40,05:01:10
EpFB_QaDegU,6120.000,2026-10-06_06-43-10,05:01:10
EpFB_QaDegU,6150.000,2026-10-06_06-43-40,05:01:10
EpFB_QaDegU,6180.000,2026-10-06_06-44-10,05:01:10
EpFB_QaDegU,6210.000,2026-10-06_06-44-40,05:01:10
EpFB_QaDegU,6240.000,2026-10-06_06-45-10,05:01:10
EpFB_QaDegU,6270.000,2026-10-06_06-45-40,05:01:10
EpFB_QaDegU,6300.000,2026-10-06_06-46-10,05:01:10
EpFB_QaDegU,6330.000,2026-10-06_06-46-40,05:01:10
EpFB_QaDegU,6360.000,2026-10-06_06-47-10,05:01:10
EpFB_QaDegU,6390.000,2026-10-06_06-47-40,05:01:10
EpFB_QaDegU,6420.000,2026-10-06_06-48-10,05:01:10
EpFB_QaDegU,6450.000,2026-10-06_06-48-40,05:01:10
EpFB_QaDegU,6480.000,2026-10-06_06-49-10,05:01:10
EpFB_QaDegU,6510.000,2026-10-06_06-49-40,05:01:10
EpFB_QaDegU,6540.000,2026-10-06_06-50-10,05:01:10
EpFB_QaDegU,6570.000,2026-10-06_06-50-40,05:01:10
EpFB_QaDegU,6600.000,2026-10-06_06-51-10,05:01:10
EpFB_QaDegU,6630.000,2026-10-06_06-51-40,05:01:10
EpFB_QaDegU,6660.000,2026-10-06_06-52-09,05:01:09
EpFB_QaDegU,6690.000,2026-10-06_06-52-39,05:01:09
EpFB_QaDegU,6720.000,2026-10-06_06-53-09,05:01:09
EpFB_QaDegU,6750.000,2026-10-06_06-53-39,05:01:09
EpFB_QaDegU,6780.000,2026-10-06_06-54-09,05:01:09
EpFB_QaDegU,6810.000,2026-10-06_06-54-39,05:01:09
EpFB_QaDegU,6840.000,2026-10-06_06-55-09,05:01:09
EpFB_QaDegU,6870.000,2026-10-06_06-55-39,05:01:09
EpFB_QaDegU,6900.000,2026-10-06_06-56-09,05:01:09
EpFB_QaDegU,6930.000,2026-10-06_06-56-39,05:01:09
EpFB_QaDegU,6960.000,2026-10-06_06-57-09,05:01:09
EpFB_QaDegU,6990.000,2026-10-06_06-57-39,05:01:09
EpFB_QaDegU,7020.000,2026-10-06_06-58-09,05:01:09
EpFB_QaDegU,7050.000,2026-10-06_06-58-39,05:01:09
EpFB_QaDegU,7080.000,2026-10-06_06-59-09,05:01:09
EpFB_QaDegU,7110.000,2026-10-06_06-59-39,05:01:09
EpFB_QaDegU,7140.000,2026-10-06_07-00-09,05:01:09
EpFB_QaDegU,7170.000,2026-10-06_07-00-39,05:01:09
EpFB_QaDegU,7200.000,2026-10-06_07-01-09,05:01:09
EpFB_QaDegU,7230.000,2026-10-06_07-01-39,05:01:09
EpFB_QaDegU,7260.000,2026-10-06_07-02-09,05:01:09
EpFB_QaDegU,7290.000,2026-10-06_07-02-39,05:01:09
EpFB_QaDegU,7320.000,2026-10-06_07-03-09,05:01:09
EpFB_QaDegU,7350.000,2026-10-06_07-03-39,05:01:09
EpFB_QaDegU,7380.000,2026-10-06_07-04-09,05:01:09
EpFB_QaDegU,7410.000,2026-10-06_07-04-39,05:01:09
EpFB_QaDegU,7440.000,2026-10-06_07-05-09,05:01:09
EpFB_QaDegU,7470.000,2026-10-06_07-05-39,05:01:09
EpFB_QaDegU,7500.000,2026-10-06_07-06-09,05:01:09
EpFB_QaDegU,7530.000,2026-10-06_07-06-39,05:01:09
EpFB_QaDegU,7560.000,2026-10-06_07-07-09,05:01:09
EpFB_QaDegU,7590.000,2026-10-06_07-07-39,05:01:09
EpFB_QaDegU,7620.000,2026-10-06_07-08-09,05:01:09
EpFB_QaDegU,7650.000,2026-10-06_07-08-39,05:01:09
EpFB_QaDegU,7680.000,2026-10-06_07-09-09,05:01:09
EpFB_QaDegU,7710.000,2026-10-06_07-09-39,05:01:09
EpFB_QaDegU,7740.000,2026-10-06_07-10-09,05:01:09
EpFB_QaDegU,7770.000,2026-10-06_07-10-39,05:01:09
EpFB_QaDegU,7800.000,2026-10-06_07-11-09,05:01:09
EpFB_QaDegU,7830.000,2026-10-06_07-11-39,05:01:09
EpFB_QaDegU,7860.000,2026-10-06_07-12-09,05:01:09
EpFB_QaDegU,7890.000,2026-10-06_07-12-39,05:01:09
EpFB_QaDegU,7920.000,2026-10-06_07-13-09,05:01:09
EpFB_QaDegU,7950.000,2026-10-06_07-13-39,05:01:09
EpFB_QaDegU,7980.000,2026-10-06_07-14-09,05:01:09
EpFB_QaDegU,8010.000,2026-10-06_07-14-39,05:01:09
EpFB_QaDegU,8040.000,2026-10-06_07-15-09,05:01:09
EpFB_QaDegU,8070.000,2026-10-06_07-15-39,05:01:09
EpFB_QaDegU,8100.000,2026-10-06_07-16-09,05:01:09
EpFB_QaDegU,8130.000,2026-10-06_07-16-39,05:01:09
EpFB_QaDegU,8160.000,2026-10-06_07-17-09,05:01:09
EpFB_QaDegU,8190.000,2026-10-06_07-17-39,05:01:09
EpFB_QaDegU,8220.000,2026-10-06_07-18-09,05:01:09
EpFB_QaDegU,8250.000,2026-10-06_07-18-39,05:01:09
EpFB_QaDegU,8280.000,2026-10-06_07-19-09,05:01:09
EpFB_QaDegU,8310.000,2026-10-06_07-19-39,05:01:09
EpFB_QaDegU,8340.000,2026-10-06_07-20-09,05:01:09
EpFB_QaDegU,8370.000,2026-10-06_07-20-39,05:01:09
EpFB_QaDegU,8400.000,2026-10-06_07-21-09,05:01:09
EpFB_QaDegU,8430.000,2026-10-06_07-21-39,05:01:09
EpFB_QaDegU,8460.000,2026-10-06_07-22-09,05:01:09
EpFB_QaDegU,8490.000,2026-10-06_07-22-39,05:01:09
EpFB_QaDegU,8520.000,2026-10-06_07-23-09,05:01:09
EpFB_QaDegU,8550.000,2026-10-06_07-23-39,05:01:09
EpFB_QaDegU,8580.000,2026-10-06_07-24-09,05:01:09
EpFB_QaDegU,8610.000,2026-10-06_07-24-39,05:01:09
EpFB_QaDegU,8640.000,2026-10-06_07-25-09,05:01:09
EpFB_QaDegU,8670.000,2026-10-06_07-25-39,05:01:09
EpFB_QaDegU,8700.000,2026-10-06_07-26-09,05:01:09
EpFB_QaDegU,8730.000,2026-10-06_07-26-39,05:01:09
EpFB_QaDegU,8760.000,2026-10-06_07-27-09,05:01:09
EpFB_QaDegU,8790.000,2026-10-06_07-27-39,05:01:09
EpFB_QaDegU,8820.000,2026-10-06_07-28-09,05:01:09
EpFB_QaDegU,8850.000,2026-10-06_07-28-39,05:01:09
EpFB_QaDegU,8880.000,2026-10-06_07-29-09,05:01:09
EpFB_QaDegU,8910.000,2026-10-06_07-29-39,05:01:09
EpFB_QaDegU,8940.000,2026-10-06_07-30-09,05:01:09
EpFB_QaDegU,8970.000,2026-10-06_07-30-39,05:01:09
EpFB_QaDegU,9000.000,2026-10-06_07-31-09,05:01:09
EpFB_QaDegU,9030.000,2026-10-06_07-31-39,05:01:09
EpFB_QaDegU,9060.000,2026-10-06_07-32-09,05:01:09
EpFB_QaDegU,9090.000,2026-10-06_07-32-39,05:01:09
EpFB_QaDegU,9120.000,2026-10-06_07-33-09,05:01:09
EpFB_QaDegU,9150.000,2026-10-06_07-33-39,05:01:09
EpFB_QaDegU,9180.000,2026-10-06_07-34-09,05:01:09
EpFB_QaDegU,9210.000,2026-10-06_07-34-39,05:01:09
EpFB_QaDegU,9240.000,2026-10-06_07-35-09,05:01:09
EpFB_QaDegU,9270.000,2026-10-06_07-35-39,05:01:09
EpFB_QaDegU,9300.000,2026-10-06_07-36-09,05:01:09
EpFB_QaDegU,9330.000,2026-10-06_07-36-39,05:01:09
EpFB_QaDegU,9360.000,2026-10-06_07-37-09,05:01:09
EpFB_QaDegU,9390.000,2026-10-06_07-37-39,05:01:09
EpFB_QaDegU,9420.000,2026-10-06_07-38-09,05:01:09
EpFB_QaDegU,9450.000,2026-10-06_07-38-39,05:01:09
EpFB_QaDegU,9480.000,2026-10-06_07-39-09,05:01:09
EpFB_QaDegU,9510.000,2026-10-06_07-39-39,05:01:09
EpFB_QaDegU,9540.000,2026-10-06_07-40-09,05:01:09
EpFB_QaDegU,9570.000,2026-10-06_07-40-39,05:01:09
EpFB_QaDegU,9600.000,2026-10-06_07-41-09,05:01:09
EpFB_QaDegU,9630.000,2026-10-06_07-41-39,05:01:09
EpFB_QaDegU,9660.000,2026-10-06_07-42-09,05:01:09
EpFB_QaDegU,9690.000,2026-10-06_07-42-39,05:01:09
EpFB_QaDegU,9720.000,2026-10-06_07-43-09,05:01:09
EpFB_QaDegU,9750.000,2026-10-06_07-43-39,05:01:09
EpFB_QaDegU,9780.000,2026-10-06_07-44-09,05:01:09
EpFB_QaDegU,9810.000,2026-10-06_07-44-39,05:01:09
EpFB_QaDegU,9840.000,2026-10-06_07-45-09,05:01:09
EpFB_QaDegU,9870.000,2026-10-06_07-45-39,05:01:09
EpFB_QaDegU,9900.000,2026-10-06_07-46-09,05:01:09
EpFB_QaDegU,9930.000,2026-10-06_07-46-39,05:01:09
EpFB_QaDegU,9960.000,2026-10-06_07-47-09,05:01:09
EpFB_QaDegU,9990.000,2026-10-06_07-47-39,05:01:09
EpFB_QaDegU,10020.000,2026-10-06_07-48-09,05:01:09
EpFB_QaDegU,10050.000,2026-10-06_07-48-39,05:01:09
EpFB_QaDegU,10080.000,2026-10-06_07-49-09,05:01:09
EpFB_QaDegU,10110.000,2026-10-06_07-49-39,05:01:09
EpFB_QaDegU,10140.000,2026-10-06_07-50-09,05:01:09
EpFB_QaDegU,10170.000,2026-10-06_07-50-39,05:01:09
EpFB_QaDegU,10200.000,2026-10-06_07-51-09,05:01:09
EpFB_QaDegU,10230.000,2026-10-06_07-51-39,05:01:09
EpFB_QaDegU,10260.000,2026-10-06_07-52-09,05:01:09
EpFB_QaDegU,10290.000,2026-10-06_07-52-39,05:01:09
EpFB_QaDegU,10320.000,2026-10-06_07-53-09,05:01:09
EpFB_QaDegU,10350.000,2026-10-06_07-53-39,05:01:09
EpFB_QaDegU,10380.000,2026-10-06_07-54-09,05:01:09
EpFB_QaDegU,10410.000,2026-10-06_07-54-39,05:01:09
EpFB_QaDegU,10440.000,2026-10-06_07-55-09,05:01:09
EpFB_QaDegU,10470.000,2026-10-06_07-55-39,05:01:09
EpFB_QaDegU,10500.000,2026-10-06_07-56-09,05:01:09
EpFB_QaDegU,10530.000,2026-10-06_07-56-39,05:01:09
EpFB_QaDegU,10560.000,2026-10-06_07-57-09,05:01:09
EpFB_QaDegU,10590.000,2026-10-06_07-57-39,05:01:09
EpFB_QaDegU,10620.000,2026-10-06_07-58-09,05:01:09
EpFB_QaDegU,10650.000,2026-10-06_07-58-39,05:01:09
EpFB_QaDegU,10680.000,2026-10-06_07-59-09,05:01:09
EpFB_QaDegU,10710.000,2026-10-06_07-59-39,05:01:09
EpFB_QaDegU,10740.000,2026-10-06_08-00-09,05:01:09
EpFB_QaDegU,10770.000,2026-10-06_08-00-39,05:01:09
EpFB_QaDegU,10800.000,2026-10-06_08-01-09,05:01:09
EpFB_QaDegU,10830.000,2026-10-06_08-01-39,05:01:09
EpFB_QaDegU,10860.000,2026-10-06_08-02-09,05:01:09
EpFB_QaDegU,10890.000,2026-10-06_08-02-39,05:01:09
EpFB_QaDegU,10920.000,2026-10-06_08-03-09,05:01:09
EpFB_QaDegU,10950.000,2026-10-06_08-03-39,05:01:09
EpFB_QaDegU,10980.000,2026-10-06_08-04-09,05:01:09
EpFB_QaDegU,11010.000,2026-10-06_08-04-39,05:01:09
EpFB_QaDegU,11040.000,2026-10-06_08-05-09,05:01:09
EpFB_QaDegU,11070.000,2026-10-06_08-05-39,05:01:09
EpFB_QaDegU,11100.000,2026-10-06_08-06-09,05:01:09
EpFB_QaDegU,11130.000,2026-10-06_08-06-39,05:01:09
EpFB_QaDegU,11160.000,2026-10-06_08-07-09,05:01:09
EpFB_QaDegU,11190.000,2026-10-06_08-07-39,05:01:09
EpFB_QaDegU,11220.000,2026-10-06_08-08-09,05:01:09
EpFB_QaDegU,11250.000,2026-10-06_08-08-39,05:01:09
EpFB_QaDegU,11280.000,2026-10-06_08-09-09,05:01:09
EpFB_QaDegU,11310.000,2026-10-06_08-09-39,05:01:09
EpFB_QaDegU,11340.000,2026-10-06_08-10-09,05:01:09
EpFB_QaDegU,11370.000,2026-10-06_08-10-39,05:01:09
EpFB_QaDegU,11400.000,2026-10-06_08-11-09,05:01:09
EpFB_QaDegU,11430.000,2026-10-06_08-11-39,05:01:09
EpFB_QaDegU,11460.000,2026-10-06_08-12-09,05:01:09
EpFB_QaDegU,11490.000,2026-10-06_08-12-39,05:01:09
EpFB_QaDegU,11520.000,2026-10-06_08-13-09,05:01:09
EpFB_QaDegU,11550.000,2026-10-06_08-13-39,05:01:09
EpFB_QaDegU,11580.000,2026-10-06_08-14-09,05:01:09
EpFB_QaDegU,11610.000,2026-10-06_08-14-39,05:01:09
EpFB_QaDegU,11640.000,2026-10-06_08-15-09,05:01:09
EpFB_QaDegU,11670.000,2026-10-06_08-15-39,05:01:09
EpFB_QaDegU,11700.000,2026-10-06_08-16-09,05:01:09
EpFB_QaDegU,11730.000,2026-10-06_08-16-39,05:01:09
EpFB_QaDegU,11760.000,2026-10-06_08-17-09,05:01:09
EpFB_QaDegU,11790.000,2026-10-06_08-17-39,05:01:09
EpFB_QaDegU,11820.000,2026-10-06_08-18-09,05:01:09
EpFB_QaDegU,11850.000,2026-10-06_08-18-39,05:01:09
EpFB_QaDegU,11880.000,2026-10-06_08-19-09,05:01:09
EpFB_QaDegU,11910.000,2026-10-06_08-19-39,05:01:09
EpFB_QaDegU,11940.000,2026-10-06_08-20-09,05:01:09
EpFB_QaDegU,11970.000,2026-10-06_08-20-39,05:01:09
EpFB_QaDegU,12000.000,2026-10-06_08-21-09,05:01:09
EpFB_QaDegU,12030.000,2026-10-06_08-21-39,05:01:09
EpFB_QaDegU,12060.000,2026-10-06_08-22-09,05:01:09
EpFB_QaDegU,12090.000,2026-10-06_08-22-39,05:01:09
EpFB_QaDegU,12120.000,2026-10-06_08-23-09,05:01:09
EpFB_QaDegU,12150.000,2026-10-06_08-23-39,05:01:09
EpFB_QaDegU,12180.000,2026-10-06_08-24-09,05:01:09
EpFB_QaDegU,12210.000,2026-10-06_08-24-39,05:01:09
EpFB_QaDegU,12240.000,2026-10-06_08-25-09,05:01:09
EpFB_QaDegU,12270.000,2026-10-06_08-25-39,05:01:09
EpFB_QaDegU,12300.000,2026-10-06_08-26-09,05:01:09
EpFB_QaDegU,12330.000,2026-10-06_08-26-39,05:01:09
EpFB_QaDegU,12360.000,2026-10-06_08-27-09,05:01:09
EpFB_QaDegU,12390.000,2026-10-06_08-27-39,05:01:09
EpFB_QaDegU,12420.000,2026-10-06_08-28-09,05:01:09
EpFB_QaDegU,12450.000,2026-10-06_08-28-39,05:01:09
EpFB_QaDegU,12480.000,2026-10-06_08-29-09,05:01:09
EpFB_QaDegU,12510.000,2026-10-06_08-29-39,05:01:09
EpFB_QaDegU,12540.000,2026-10-06_08-30-09,05:01:09
EpFB_QaDegU,12570.000,2026-10-06_08-30-39,05:01:09
EpFB_QaDegU,12600.000,2026-10-06_08-31-09,05:01:09
EpFB_QaDegU,12630.000,2026-10-06_08-31-39,05:01:09
EpFB_QaDegU,12660.000,2026-10-06_08-32-09,05:01:09
EpFB_QaDegU,12690.000,2026-10-06_08-32-39,05:01:09
EpFB_QaDegU,12720.000,2026-10-06_08-33-09,05:01:09
EpFB_QaDegU,12750.000,2026-10-06_08-33-39,05:01:09
EpFB_QaDegU,12780.000,2026-10-06_08-34-09,05:01:09
EpFB_QaDegU,12810.000,2026-10-06_08-34-39,05:01:09
EpFB_QaDegU,12840.000,2026-10-06_08-35-09,05:01:09
EpFB_QaDegU,12870.000,2026-10-06_08-35-39,05:01:09
EpFB_QaDegU,12900.000,2026-10-06_08-36-09,05:01:09
EpFB_QaDegU,12930.000,2026-10-06_08-36-39,05:01:09
EpFB_QaDegU,12960.000,2026-10-06_08-37-09,05:01:09
EpFB_QaDegU,12990.000,2026-10-06_08-37-39,05:01:09
EpFB_QaDegU,13020.000,2026-10-06_08-38-09,05:01:09
EpFB_QaDegU,13050.000,2026-10-06_08-38-39,05:01:09
EpFB_QaDegU,13080.000,2026-10-06_08-39-09,05:01:09
EpFB_QaDegU,13110.000,2026-10-06_08-39-39,05:01:09
EpFB_QaDegU,13140.000,2026-10-06_08-40-09,05:01:09
EpFB_QaDegU,13170.000,2026-10-06_08-40-39,05:01:09
EpFB_QaDegU,13200.000,2026-10-06_08-41-09,05:01:09
EpFB_QaDegU,13230.000,2026-10-06_08-41-39,05:01:09
EpFB_QaDegU,13260.000,2026-10-06_08-42-09,05:01:09
EpFB_QaDegU,13290.000,2026-10-06_08-42-39,05:01:09
EpFB_QaDegU,13320.000,2026-10-06_08-43-09,05:01:09
EpFB_QaDegU,13350.000,2026-10-06_08-43-39,05:01:09
EpFB_QaDegU,13380.000,2026-10-06_08-44-09,05:01:09
EpFB_QaDegU,13410.000,2026-10-06_08-44-39,05:01:09
EpFB_QaDegU,13440.000,2026-10-06_08-45-09,05:01:09
EpFB_QaDegU,13470.000,2026-10-06_08-45-39,05:01:09
EpFB_QaDegU,13500.000,2026-10-06_08-46-09,05:01:09
EpFB_QaDegU,13530.000,2026-10-06_08-46-39,05:01:09
EpFB_QaDegU,13560.000,2026-10-06_08-47-09,05:01:09
EpFB_QaDegU,13590.000,2026-10-06_08-47-39,05:01:09
EpFB_QaDegU,13620.000,2026-10-06_08-48-09,05:01:09
EpFB_QaDegU,13650.000,2026-10-06_08-48-39,05:01:09
EpFB_QaDegU,13680.000,2026-10-06_08-49-09,05:01:09
EpFB_QaDegU,13710.000,2026-10-06_08-49-39,05:01:09
EpFB_QaDegU,13740.000,2026-10-06_08-50-09,05:01:09
EpFB_QaDegU,13770.000,2026-10-06_08-50-39,05:01:09
EpFB_QaDegU,13800.000,2026-10-06_08-51-09,05:01:09
EpFB_QaDegU,13830.000,2026-10-06_08-51-39,05:01:09
EpFB_QaDegU,13860.000,2026-10-06_08-52-09,05:01:09
EpFB_QaDegU,13890.000,2026-10-06_08-52-39,05:01:09
EpFB_QaDegU,13920.000,2026-10-06_08-53-09,05:01:09
EpFB_QaDegU,13950.000,2026-10-06_08-53-39,05:01:09
EpFB_QaDegU,13980.000,2026-10-06_08-54-09,05:01:09
EpFB_QaDegU,14010.000,2026-10-06_08-54-39,05:01:09
EpFB_QaDegU,14040.000,2026-10-06_08-55-09,05:01:09
EpFB_QaDegU,14070.000,2026-10-06_08-55-39,05:01:09
EpFB_QaDegU,14100.000,2026-10-06_08-56-09,05:01:09
EpFB_QaDegU,14130.000,2026-10-06_08-56-39,05:01:09
EpFB_QaDegU,14160.000,2026-10-06_08-57-09,05:01:09
EpFB_QaDegU,14190.000,2026-10-06_08-57-39,05:01:09
EpFB_QaDegU,14220.000,2026-10-06_08-58-09,05:01:09
EpFB_QaDegU,14250.000,2026-10-06_08-58-39,05:01:09
EpFB_QaDegU,14280.000,2026-10-06_08-59-09,05:01:09
EpFB_QaDegU,14310.000,2026-10-06_08-59-39,05:01:09
EpFB_QaDegU,14340.000,2026-10-06_09-00-09,05:01:09
EpFB_QaDegU,14370.000,2026-10-06_09-00-39,05:01:09
EpFB_QaDegU,14400.000,2026-10-06_09-01-09,05:01:09
EpFB_QaDegU,14430.000,2026-10-06_09-01-39,05:01:09
EpFB_QaDegU,14460.000,2026-10-06_09-02-09,05:01:09
EpFB_QaDegU,14490.000,2026-10-06_09-02-39,05:01:09
EpFB_QaDegU,14520.000,2026-10-06_09-03-09,05:01:09
EpFB_QaDegU,14550.000,2026-10-06_09-03-39,05:01:09
EpFB_QaDegU,14580.000,2026-10-06_09-04-09,05:01:09
EpFB_QaDegU,14610.000,2026-10-06_09-04-39,05:01:09
EpFB_QaDegU,14640.000,2026-10-06_09-05-09,05:01:09
EpFB_QaDegU,14670.000,2026-10-06_09-05-39,05:01:09
EpFB_QaDegU,14700.000,2026-10-06_09-06-09,05:01:09
EpFB_QaDegU,14730.000,2026-10-06_09-06-39,05:01:09
EpFB_QaDegU,14760.000,2026-10-06_09-07-09,05:01:09
EpFB_QaDegU,14790.000,2026-10-06_09-07-39,05:01:09
EpFB_QaDegU,14820.000,2026-10-06_09-08-09,05:01:09
EpFB_QaDegU,14850.000,2026-10-06_09-08-39,05:01:09
EpFB_QaDegU,14880.000,2026-10-06_09-09-09,05:01:09
EpFB_QaDegU,14910.000,2026-10-06_09-09-39,05:01:09
EpFB_QaDegU,14940.000,2026-10-06_09-10-09,05:01:09
EpFB_QaDegU,14970.000,2026-10-06_09-10-39,05:01:09
EpFB_QaDegU,15000.000,2026-10-06_09-11-09,05:01:09
EpFB_QaDegU,15030.000,2026-10-06_09-11-39,05:01:09
EpFB_QaDegU,15060.000,2026-10-06_09-12-09,05:01:09
EpFB_QaDegU,15090.000,2026-10-06_09-12-39,05:01:09
EpFB_QaDegU,15120.000,2026-10-06_09-13-09,05:01:09
EpFB_QaDegU,15150.000,2026-10-06_09-13-39,05:01:09
EpFB_QaDegU,15180.000,2026-10-06_09-14-09,05:01:09
EpFB_QaDegU,15210.000,2026-10-06_09-14-39,05:01:09
EpFB_QaDegU,15240.000,2026-10-06_09-15-09,05:01:09
EpFB_QaDegU,15270.000,2026-10-06_09-15-39,05:01:09
EpFB_QaDegU,15300.000,2026-10-06_09-16-09,05:01:09
EpFB_QaDegU,15330.000,2026-10-06_09-16-39,05:01:09
EpFB_QaDegU,15360.000,2026-10-06_09-17-09,05:01:09
EpFB_QaDegU,15390.000,2026-10-06_09-17-39,05:01:09
EpFB_QaDegU,15420.000,2026-10-06_09-18-09,05:01:09
EpFB_QaDegU,15450.000,2026-10-06_09-18-39,05:01:09
EpFB_QaDegU,15480.000,2026-10-06_09-19-09,05:01:09
EpFB_QaDegU,15510.000,2026-10-06_09-19-39,05:01:09
EpFB_QaDegU,15540.000,2026-10-06_09-20-09,05:01:09
EpFB_QaDegU,15570.000,2026-10-06_09-20-39,05:01:09
EpFB_QaDegU,15600.000,2026-10-06_09-21-09,05:01:09
EpFB_QaDegU,15630.000,2026-10-06_09-21-39,05:01:09
EpFB_QaDegU,15660.000,2026-10-06_09-22-09,05:01:09
EpFB_QaDegU,15690.000,2026-10-06_09-22-39,05:01:09
EpFB_QaDegU,15720.000,2026-10-06_09-23-09,05:01:09
EpFB_QaDegU,15750.000,2026-10-06_09-23-39,05:01:09
EpFB_QaDegU,15780.000,2026-10-06_09-24-09,05:01:09
EpFB_QaDegU,15810.000,2026-10-06_09-24-39,05:01:09
EpFB_QaDegU,15840.000,2026-10-06_09-25-09,05:01:09
EpFB_QaDegU,15870.000,2026-10-06_09-25-39,05:01:09
EpFB_QaDegU,15900.000,2026-10-06_09-26-09,05:01:09
EpFB_QaDegU,15930.000,2026-10-06_09-26-39,05:01:09
EpFB_QaDegU,15960.000,2026-10-06_09-27-09,05:01:09
EpFB_QaDegU,15990.000,2026-10-06_09-27-39,05:01:09
EpFB_QaDegU,16020.000,2026-10-06_09-28-09,05:01:09
EpFB_QaDegU,16050.000,2026-10-06_09-28-39,05:01:09
EpFB_QaDegU,16080.000,2026-10-06_09-29-09,05:01:09
EpFB_QaDegU,16110.000,2026-10-06_09-29-39,05:01:09
EpFB_QaDegU,16140.000,2026-10-06_09-30-09,05:01:09
EpFB_QaDegU,16170.000,2026-10-06_09-30-39,05:01:09
EpFB_QaDegU,16200.000,2026-10-06_09-31-09,05:01:09
EpFB_QaDegU,16230.000,2026-10-06_09-31-39,05:01:09
EpFB_QaDegU,16260.000,2026-10-06_09-32-09,05:01:09
EpFB_QaDegU,16290.000,2026-10-06_09-32-39,05:01:09
EpFB_QaDegU,16320.000,2026-10-06_09-33-09,05:01:09
EpFB_QaDegU,16350.000,2026-10-06_09-33-39,05:01:09
EpFB_QaDegU,16380.000,2026-10-06_09-34-09,05:01:09
EpFB_QaDegU,16410.000,2026-10-06_09-34-39,05:01:09
EpFB_QaDegU,16440.000,2026-10-06_09-35-09,05:01:09
EpFB_QaDegU,16470.000,2026-10-06_09-35-39,05:01:09
EpFB_QaDegU,16500.000,2026-10-06_09-36-09,05:01:09
EpFB_QaDegU,16530.000,2026-10-06_09-36-39,05:01:09
EpFB_QaDegU,16560.000,2026-10-06_09-37-09,05:01:09
EpFB_QaDegU,16590.000,2026-10-06_09-37-39,05:01:09
EpFB_QaDegU,16620.000,2026-10-06_09-38-09,05:01:09
EpFB_QaDegU,16650.000,2026-10-06_09-38-39,05:01:09
EpFB_QaDegU,16680.000,2026-10-06_09-39-09,05:01:09
EpFB_QaDegU,16710.000,2026-10-06_09-39-39,05:01:09
EpFB_QaDegU,16740.000,2026-10-06_09-40-09,05:01:09
EpFB_QaDegU,16770.000,2026-10-06_09-40-39,05:01:09
EpFB_QaDegU,16800.000,2026-10-06_09-41-09,05:01:09
EpFB_QaDegU,16830.000,2026-10-06_09-41-39,05:01:09
EpFB_QaDegU,16860.000,2026-10-06_09-42-09,05:01:09
EpFB_QaDegU,16890.000,2026-10-06_09-42-39,05:01:09
EpFB_QaDegU,16920.000,2026-10-06_09-43-09,05:01:09
EpFB_QaDegU,16950.000,2026-10-06_09-43-39,05:01:09
EpFB_QaDegU,16980.000,2026-10-06_09-44-09,05:01:09
EpFB_QaDegU,17010.000,2026-10-06_09-44-39,05:01:09
EpFB_QaDegU,17040.000,2026-10-06_09-45-09,05:01:09
EpFB_QaDegU,17070.000,2026-10-06_09-45-39,05:01:09
EpFB_QaDegU,17100.000,2026-10-06_09-46-09,05:01:09
EpFB_QaDegU,17130.000,2026-10-06_09-46-39,05:01:09
EpFB_QaDegU,17160.000,2026-10-06_09-47-09,05:01:09
EpFB_QaDegU,17190.000,2026-10-06_09-47-39,05:01:09
EpFB_QaDegU,17220.000,2026-10-06_09-48-09,05:01:09
EpFB_QaDegU,17250.000,2026-10-06_09-48-39,05:01:09
EpFB_QaDegU,17280.000,2026-10-06_09-49-09,05:01:09
EpFB_QaDegU,17310.000,2026-10-06_09-49-39,05:01:09
EpFB_QaDegU,17340.000,2026-10-06_09-50-09,05:01:09
EpFB_QaDegU,17370.000,2026-10-06_09-50-39,05:01:09
EpFB_QaDegU,17400.000,2026-10-06_09-51-09,05:01:09
EpFB_QaDegU,17430.000,2026-10-06_09-51-39,05:01:09
EpFB_QaDegU,17460.000,2026-10-06_09-52-09,05:01:09
EpFB_QaDegU,17490.000,2026-10-06_09-52-39,05:01:09
EpFB_QaDegU,17520.000,2026-10-06_09-53-09,05:01:09
EpFB_QaDegU,17550.000,2026-10-06_09-53-39,05:01:09
EpFB_QaDegU,17580.000,2026-10-06_09-54-09,05:01:09
EpFB_QaDegU,17610.000,2026-10-06_09-54-39,05:01:09
EpFB_QaDegU,17640.000,2026-10-06_09-55-09,05:01:09
EpFB_QaDegU,17670.000,2026-10-06_09-55-39,05:01:09
EpFB_QaDegU,17700.000,2026-10-06_09-56-09,05:01:09
EpFB_QaDegU,17730.000,2026-10-06_09-56-39,05:01:09
EpFB_QaDegU,17760.000,2026-10-06_09-57-09,05:01:09
EpFB_QaDegU,17790.000,2026-10-06_09-57-39,05:01:09
EpFB_QaDegU,17820.000,2026-10-06_09-58-09,05:01:09
EpFB_QaDegU,17850.000,2026-10-06_09-58-39,05:01:09
EpFB_QaDegU,17880.000,2026-10-06_09-59-09,05:01:09
EpFB_QaDegU,17910.000,2026-10-06_09-59-39,05:01:09
EpFB_QaDegU,17940.000,2026-10-06_10-00-09,05:01:09
EpFB_QaDegU,17970.000,2026-10-06_10-00-39,05:01:09
EpFB_QaDegU,18000.000,2026-10-06_10-01-09,05:01:09
EpFB_QaDegU,18030.000,2026-10-06_10-01-39,05:01:09
EpFB_QaDegU,18060.000,2026-10-06_10-02-09,05:01:09
EpFB_QaDegU,18090.000,2026-10-06_10-02-39,05:01:09
EpFB_QaDegU,18120.000,2026-10-06_10-03-09,05:01:09
EpFB_QaDegU,18150.000,2026-10-06_10-03-39,05:01:09
EpFB_QaDegU,18180.000,2026-10-06_10-04-09,05:01:09
EpFB_QaDegU,18210.000,2026-10-06_10-04-39,05:01:09
EpFB_QaDegU,18240.000,2026-10-06_10-05-09,05:01:09
EpFB_QaDegU,18270.000,2026-10-06_10-05-39,05:01:09
EpFB_QaDegU,18300.000,2026-10-06_10-06-09,05:01:09
EpFB_QaDegU,18330.000,2026-10-06_10-06-39,05:01:09
EpFB_QaDegU,18360.000,2026-10-06_10-07-09,05:01:09
EpFB_QaDegU,18390.000,2026-10-06_10-07-39,05:01:09
EpFB_QaDegU,18420.000,2026-10-06_10-08-09,05:01:09
EpFB_QaDegU,18450.000,2026-10-06_10-08-39,05:01:09
EpFB_QaDegU,18480.000,2026-10-06_10-09-09,05:01:09
EpFB_QaDegU,18510.000,2026-10-06_10-09-39,05:01:09
EpFB_QaDegU,18540.000,2026-10-06_10-10-09,05:01:09
EpFB_QaDegU,18570.000,2026-10-06_10-10-39,05:01:09
EpFB_QaDegU,18600.000,2026-10-06_10-11-09,05:01:09
EpFB_QaDegU,18630.000,2026-10-06_10-11-39,05:01:09
EpFB_QaDegU,18660.000,2026-10-06_10-12-09,05:01:09
EpFB_QaDegU,18690.000,2026-10-06_10-12-39,05:01:09
EpFB_QaDegU,18720.000,2026-10-06_10-13-09,05:01:09
EpFB_QaDegU,18750.000,2026-10-06_10-13-39,05:01:09
EpFB_QaDegU,18780.000,2026-10-06_10-14-09,05:01:09
EpFB_QaDegU,18810.000,2026-10-06_10-14-39,05:01:09
EpFB_QaDegU,18840.000,2026-10-06_10-15-09,05:01:09
EpFB_QaDegU,18870.000,2026-10-06_10-15-39,05:01:09
EpFB_QaDegU,18900.000,2026-10-06_10-16-09,05:01:09
EpFB_QaDegU,18930.000,2026-10-06_10-16-39,05:01:09
EpFB_QaDegU,18960.000,2026-10-06_10-17-09,05:01:09
EpFB_QaDegU,18990.000,2026-10-06_10-17-39,05:01:09
EpFB_QaDegU,19020.000,2026-10-06_10-18-09,05:01:09
EpFB_QaDegU,19050.000,2026-10-06_10-18-39,05:01:09
EpFB_QaDegU,19080.000,2026-10-06_10-19-09,05:01:09
EpFB_QaDegU,19110.000,2026-10-06_10-19-39,05:01:09
EpFB_QaDegU,19140.000,2026-10-06_10-20-09,05:01:09
EpFB_QaDegU,19170.000,2026-10-06_10-20-39,05:01:09
EpFB_QaDegU,19200.000,2026-10-06_10-21-09,05:01:09
EpFB_QaDegU,19230.000,2026-10-06_10-21-39,05:01:09
EpFB_QaDegU,19260.000,2026-10-06_10-22-09,05:01:09
EpFB_QaDegU,19290.000,2026-10-06_10-22-39,05:01:09
EpFB_QaDegU,19320.000,2026-10-06_10-23-09,05:01:09
EpFB_QaDegU,19350.000,2026-10-06_10-23-39,05:01:09
EpFB_QaDegU,19380.000,2026-10-06_10-24-09,05:01:09
EpFB_QaDegU,19410.000,2026-10-06_10-24-39,05:01:09
EpFB_QaDegU,19440.000,2026-10-06_10-25-09,05:01:09
EpFB_QaDegU,19470.000,2026-10-06_10-25-39,05:01:09
EpFB_QaDegU,19500.000,2026-10-06_10-26-09,05:01:09
EpFB_QaDegU,19530.000,2026-10-06_10-26-39,05:01:09
EpFB_QaDegU,19560.000,2026-10-06_10-27-09,05:01:09
EpFB_QaDegU,19590.000,2026-10-06_10-27-39,05:01:09
EpFB_QaDegU,19620.000,2026-10-06_10-28-09,05:01:09
EpFB_QaDegU,19650.000,2026-10-06_10-28-39,05:01:09
EpFB_QaDegU,19680.000,2026-10-06_10-29-09,05:01:09
EpFB_QaDegU,19710.000,2026-10-06_10-29-39,05:01:09
EpFB_QaDegU,19740.000,2026-10-06_10-30-09,05:01:09
EpFB_QaDegU,19770.000,2026-10-06_10-30-39,05:01:09
EpFB_QaDegU,19800.000,2026-10-06_10-31-09,05:01:09
EpFB_QaDegU,19830.000,2026-10-06_10-31-39,05:01:09
EpFB_QaDegU,19860.000,2026-10-06_10-32-09,05:01:09
EpFB_QaDegU,19890.000,2026-10-06_10-32-39,05:01:09
EpFB_QaDegU,19920.000,2026-10-06_10-33-09,05:01:09
EpFB_QaDegU,19950.000,2026-10-06_10-33-39,05:01:09
EpFB_QaDegU,19980.000,2026-10-06_10-34-09,05:01:09
EpFB_QaDegU,20010.000,2026-10-06_10-34-39,05:01:09
EpFB_QaDegU,20040.000,2026-10-06_10-35-09,05:01:09
EpFB_QaDegU,20070.000,2026-10-06_10-35-39,05:01:09
EpFB_QaDegU,20100.000,2026-10-06_10-36-09,05:01:09
EpFB_QaDegU,20130.000,2026-10-06_10-36-39,05:01:09
EpFB_QaDegU,20160.000,2026-10-06_10-37-09,05:01:09
EpFB_QaDegU,20190.000,2026-10-06_10-37-39,05:01:09
EpFB_QaDegU,20220.000,2026-10-06_10-38-09,05:01:09
EpFB_QaDegU,20250.000,2026-10-06_10-38-39,05:01:09
EpFB_QaDegU,20280.000,2026-10-06_10-39-09,05:01:09
EpFB_QaDegU,20310.000,2026-10-06_10-39-39,05:01:09
EpFB_QaDegU,20340.000,2026-10-06_10-40-09,05:01:09
EpFB_QaDegU,20370.000,2026-10-06_10-40-39,05:01:09
EpFB_QaDegU,20400.000,2026-10-06_10-41-09,05:01:09
EpFB_QaDegU,20430.000,2026-10-06_10-41-39,05:01:09
EpFB_QaDegU,20460.000,2026-10-06_10-42-09,05:01:09
EpFB_QaDegU,20490.000,2026-10-06_10-42-39,05:01:09
EpFB_QaDegU,20520.000,2026-10-06_10-43-09,05:01:09
EpFB_QaDegU,20550.000,2026-10-06_10-43-39,05:01:09
EpFB_QaDegU,20580.000,2026-10-06_10-44-09,05:01:09
EpFB_QaDegU,20610.000,2026-10-06_10-44-39,05:01:09
EpFB_QaDegU,20640.000,2026-10-06_10-45-09,05:01:09
EpFB_QaDegU,20670.000,2026-10-06_10-45-39,05:01:09
EpFB_QaDegU,20700.000,2026-10-06_10-46-09,05:01:09
EpFB_QaDegU,20730.000,2026-10-06_10-46-39,05:01:09
EpFB_QaDegU,20760.000,2026-10-06_10-47-09,05:01:09
EpFB_QaDegU,20790.000,2026-10-06_10-47-39,05:01:09
EpFB_QaDegU,20820.000,2026-10-06_10-48-09,05:01:09
EpFB_QaDegU,20850.000,2026-10-06_10-48-39,05:01:09
EpFB_QaDegU,20880.000,2026-10-06_10-49-09,05:01:09
EpFB_QaDegU,20910.000,2026-10-06_10-49-39,05:01:09
EpFB_QaDegU,20940.000,2026-10-06_10-50-09,05:01:09
EpFB_QaDegU,20970.000,2026-10-06_10-50-39,05:01:09
EpFB_QaDegU,21000.000,2026-10-06_10-51-09,05:01:09
EpFB_QaDegU,21030.000,2026-10-06_10-51-39,05:01:09
EpFB_QaDegU,21060.000,2026-10-06_10-52-09,05:01:09
EpFB_QaDegU,21090.000,2026-10-06_10-52-39,05:01:09
EpFB_QaDegU,21120.000,2026-10-06_10-53-09,05:01:09
EpFB_QaDegU,21150.000,2026-10-06_10-53-39,05:01:09
EpFB_QaDegU,21180.000,2026-10-06_10-54-09,05:01:09
EpFB_QaDegU,21210.000,2026-10-06_10-54-39,05:01:09
EpFB_QaDegU,21240.000,2026-10-06_10-55-09,05:01:09
EpFB_QaDegU,21270.000,2026-10-06_10-55-39,05:01:09
EpFB_QaDegU,21300.000,2026-10-06_10-56-09,05:01:09
EpFB_QaDegU,21330.000,2026-10-06_10-56-39,05:01:09
EpFB_QaDegU,21360.000,2026-10-06_10-57-09,05:01:09
EpFB_QaDegU,21390.000,2026-10-06_10-57-39,05:01:09
EpFB_QaDegU,21420.000,2026-10-06_10-58-09,05:01:09
EpFB_QaDegU,21450.000,2026-10-06_10-58-39,05:01:09
EpFB_QaDegU,21480.000,2026-10-06_10-59-09,05:01:09
EpFB_QaDegU,21510.000,2026-10-06_10-59-39,05:01:09
EpFB_QaDegU,21540.000,2026-10-06_11-00-09,05:01:09
EpFB_QaDegU,21570.000,2026-10-06_11-00-39,05:01:09
EpFB_QaDegU,21600.000,2026-10-06_11-01-09,05:01:09
EpFB_QaDegU,21630.000,2026-10-06_11-01-39,05:01:09
EpFB_QaDegU,21660.000,2026-10-06_11-02-09,05:01:09
EpFB_QaDegU,21690.000,2026-10-06_11-02-39,05:01:09
EpFB_QaDegU,21720.000,2026-10-06_11-03-09,05:01:09
EpFB_QaDegU,21750.000,2026-10-06_11-03-39,05:01:09
EpFB_QaDegU,21780.000,2026-10-06_11-04-09,05:01:09
EpFB_QaDegU,21810.000,2026-10-06_11-04-39,05:01:09
EpFB_QaDegU,21840.000,2026-10-06_11-05-09,05:01:09
EpFB_QaDegU,21870.000,2026-10-06_11-05-39,05:01:09
EpFB_QaDegU,21900.000,2026-10-06_11-06-09,05:01:09
EpFB_QaDegU,21930.000,2026-10-06_11-06-39,05:01:09
EpFB_QaDegU,21960.000,2026-10-06_11-07-09,05:01:09
EpFB_QaDegU,21990.000,2026-10-06_11-07-39,05:01:09
EpFB_QaDegU,22020.000,2026-10-06_11-08-09,05:01:09
EpFB_QaDegU,22050.000,2026-10-06_11-08-39,05:01:09
EpFB_QaDegU,22080.000,2026-10-06_11-09-09,05:01:09
EpFB_QaDegU,22110.000,2026-10-06_11-09-39,05:01:09
EpFB_QaDegU,22140.000,2026-10-06_11-10-09,05:01:09
EpFB_QaDegU,22170.000,2026-10-06_11-10-39,05:01:09
EpFB_QaDegU,22200.000,2026-10-06_11-11-09,05:01:09
EpFB_QaDegU,22230.000,2026-10-06_11-11-39,05:01:09
EpFB_QaDegU,22260.000,2026-10-06_11-12-09,05:01:09
EpFB_QaDegU,22290.000,2026-10-06_11-12-39,05:01:09
EpFB_QaDegU,22320.000,2026-10-06_11-13-09,05:01:09
EpFB_QaDegU,22350.000,2026-10-06_11-13-39,05:01:09
EpFB_QaDegU,22380.000,2026-10-06_11-14-09,05:01:09
EpFB_QaDegU,22410.000,2026-10-06_11-14-39,05:01:09
EpFB_QaDegU,22440.000,2026-10-06_11-15-09,05:01:09
EpFB_QaDegU,22470.000,2026-10-06_11-15-39,05:01:09
EpFB_QaDegU,22500.000,2026-10-06_11-16-09,05:01:09
EpFB_QaDegU,22530.000,2026-10-06_11-16-39,05:01:09
EpFB_QaDegU,22560.000,2026-10-06_11-17-09,05:01:09
EpFB_QaDegU,22590.000,2026-10-06_11-17-39,05:01:09
EpFB_QaDegU,22620.000,2026-10-06_11-18-09,05:01:09
EpFB_QaDegU,22650.000,2026-10-06_11-18-39,05:01:09
EpFB_QaDegU,22680.000,2026-10-06_11-19-09,05:01:09
EpFB_QaDegU,22710.000,2026-10-06_11-19-39,05:01:09
EpFB_QaDegU,22740.000,2026-10-06_11-20-09,05:01:09
EpFB_QaDegU,22770.000,2026-10-06_11-20-39,05:01:09
EpFB_QaDegU,22800.000,2026-10-06_11-21-09,05:01:09
EpFB_QaDegU,22830.000,2026-10-06_11-21-39,05:01:09
EpFB_QaDegU,22860.000,2026-10-06_11-22-09,05:01:09
EpFB_QaDegU,22890.000,2026-10-06_11-22-39,05:01:09
EpFB_QaDegU,22920.000,2026-10-06_11-23-09,05:01:09
EpFB_QaDegU,22950.000,2026-10-06_11-23-39,05:01:09
EpFB_QaDegU,22980.000,2026-10-06_11-24-09,05:01:09
EpFB_QaDegU,23010.000,2026-10-06_11-24-39,05:01:09
EpFB_QaDegU,23040.000,2026-10-06_11-25-09,05:01:09
EpFB_QaDegU,23070.000,2026-10-06_11-25-39,05:01:09
EpFB_QaDegU,23100.000,2026-10-06_11-26-09,05:01:09
EpFB_QaDegU,23130.000,2026-10-06_11-26-39,05:01:09
EpFB_QaDegU,23160.000,2026-10-06_11-27-09,05:01:09
EpFB_QaDegU,23190.000,2026-10-06_11-27-39,05:01:09
EpFB_QaDegU,23220.000,2026-10-06_11-28-09,05:01:09
EpFB_QaDegU,23250.000,2026-10-06_11-28-39,05:01:09
EpFB_QaDegU,23280.000,2026-10-06_11-29-09,05:01:09
EpFB_QaDegU,23310.000,2026-10-06_11-29-39,05:01:09
EpFB_QaDegU,23340.000,2026-10-06_11-30-09,05:01:09
EpFB_QaDegU,23370.000,2026-10-06_11-30-39,05:01:09
EpFB_QaDegU,23400.000,2026-10-06_11-31-09,05:01:09
EpFB_QaDegU,23430.000,2026-10-06_11-31-39,05:01:09
EpFB_QaDegU,23460.000,2026-10-06_11-32-09,05:01:09
EpFB_QaDegU,23490.000,2026-10-06_11-32-39,05:01:09
EpFB_QaDegU,23520.000,2026-10-06_11-33-09,05:01:09
EpFB_QaDegU,23550.000,2026-10-06_11-33-39,05:01:09
EpFB_QaDegU,23580.000,2026-10-06_11-34-09,05:01:09
EpFB_QaDegU,23610.000,2026-10-06_11-34-39,05:01:09
EpFB_QaDegU,23640.000,2026-10-06_11-35-09,05:01:09
EpFB_QaDegU,23670.000,2026-10-06_11-35-39,05:01:09
EpFB_QaDegU,23700.000,2026-10-06_11-36-09,05:01:09
EpFB_QaDegU,23730.000,2026-10-06_11-36-39,05:01:09
EpFB_QaDegU,23760.000,2026-10-06_11-37-09,05:01:09
EpFB_QaDegU,23790.000,2026-10-06_11-37-39,05:01:09
EpFB_QaDegU,23820.000,2026-10-06_11-38-09,05:01:09
EpFB_QaDegU,23850.000,2026-10-06_11-38-39,05:01:09
EpFB_QaDegU,23880.000,2026-10-06_11-39-09,05:01:09
EpFB_QaDegU,23910.000,2026-10-06_11-39-39,05:01:09
EpFB_QaDegU,23940.000,2026-10-06_11-40-09,05:01:09
EpFB_QaDegU,23970.000,2026-10-06_11-40-39,05:01:09
EpFB_QaDegU,24000.000,2026-10-06_11-41-09,05:01:09
EpFB_QaDegU,24030.000,2026-10-06_11-41-39,05:01:09
EpFB_QaDegU,24060.000,2026-10-06_11-42-09,05:01:09
EpFB_QaDegU,24090.000,2026-10-06_11-42-39,05:01:09
EpFB_QaDegU,24120.000,2026-10-06_11-43-09,05:01:09
EpFB_QaDegU,24150.000,2026-10-06_11-43-39,05:01:09
EpFB_QaDegU,24180.000,2026-10-06_11-44-09,05:01:09
EpFB_QaDegU,24210.000,2026-10-06_11-44-39,05:01:09
EpFB_QaDegU,24240.000,2026-10-06_11-45-09,05:01:09
EpFB_QaDegU,24270.000,2026-10-06_11-45-39,05:01:09
EpFB_QaDegU,24300.000,2026-10-06_11-46-09,05:01:09
EpFB_QaDegU,24330.000,2026-10-06_11-46-39,05:01:09
EpFB_QaDegU,24360.000,2026-10-06_11-47-09,05:01:09
EpFB_QaDegU,24390.000,2026-10-06_11-47-39,05:01:09
EpFB_QaDegU,24420.000,2026-10-06_11-48-09,05:01:09
EpFB_QaDegU,24450.000,2026-10-06_11-48-39,05:01:09
EpFB_QaDegU,24480.000,2026-10-06_11-49-09,05:01:09
EpFB_QaDegU,24510.000,2026-10-06_11-49-39,05:01:09
EpFB_QaDegU,24540.000,2026-10-06_11-50-09,05:01:09
EpFB_QaDegU,24570.000,2026-10-06_11-50-39,05:01:09
EpFB_QaDegU,24600.000,2026-10-06_11-51-09,05:01:09
EpFB_QaDegU,24630.000,2026-10-06_11-51-39,05:01:09
EpFB_QaDegU,24660.000,2026-10-06_11-52-09,05:01:09
EpFB_QaDegU,24690.000,2026-10-06_11-52-39,05:01:09
EpFB_QaDegU,24720.000,2026-10-06_11-53-09,05:01:09
EpFB_QaDegU,24750.000,2026-10-06_11-53-39,05:01:09
EpFB_QaDegU,24780.000,2026-10-06_11-54-09,05:01:09
EpFB_QaDegU,24810.000,2026-10-06_11-54-39,05:01:09
EpFB_QaDegU,24840.000,2026-10-06_11-55-09,05:01:09
EpFB_QaDegU,24870.000,2026-10-06_11-55-39,05:01:09
EpFB_QaDegU,24900.000,2026-10-06_11-56-09,05:01:09
EpFB_QaDegU,24930.000,2026-10-06_11-56-39,05:01:09
EpFB_QaDegU,24960.000,2026-10-06_11-57-09,05:01:09
EpFB_QaDegU,24990.000,2026-10-06_11-57-39,05:01:09
EpFB_QaDegU,25020.000,2026-10-06_11-58-09,05:01:09
EpFB_QaDegU,25050.000,2026-10-06_11-58-39,05:01:09
EpFB_QaDegU,25080.000,2026-10-06_11-59-09,05:01:09
EpFB_QaDegU,25110.000,2026-10-06_11-59-39,05:01:09
EpFB_QaDegU,25140.000,2026-10-06_12-00-09,05:01:09
EpFB_QaDegU,25170.000,2026-10-06_12-00-39,05:01:09
EpFB_QaDegU,25200.000,2026-10-06_12-01-09,05:01:09
EpFB_QaDegU,25230.000,2026-10-06_12-01-39,05:01:09
EpFB_QaDegU,25260.000,2026-10-06_12-02-09,05:01:09
EpFB_QaDegU,25290.000,2026-10-06_12-02-39,05:01:09
EpFB_QaDegU,25320.000,2026-10-06_12-03-09,05:01:09
EpFB_QaDegU,25350.000,2026-10-06_12-03-39,05:01:09
EpFB_QaDegU,25380.000,2026-10-06_12-04-09,05:01:09
EpFB_QaDegU,25410.000,2026-10-06_12-04-39,05:01:09
EpFB_QaDegU,25440.000,2026-10-06_12-05-09,05:01:09
EpFB_QaDegU,25470.000,2026-10-06_12-05-39,05:01:09
EpFB_QaDegU,25500.000,2026-10-06_12-06-09,05:01:09
EpFB_QaDegU,25530.000,2026-10-06_12-06-39,05:01:09
EpFB_QaDegU,25560.000,2026-10-06_12-07-09,05:01:09
EpFB_QaDegU,25590.000,2026-10-06_12-07-39,05:01:09
EpFB_QaDegU,25620.000,2026-10-06_12-08-09,05:01:09
EpFB_QaDegU,25650.000,2026-10-06_12-08-39,05:01:09
EpFB_QaDegU,25680.000,2026-10-06_12-09-09,05:01:09
EpFB_QaDegU,25710.000,2026-10-06_12-09-39,05:01:09
EpFB_QaDegU,25740.000,2026-10-06_12-10-09,05:01:09
EpFB_QaDegU,25770.000,2026-10-06_12-10-39,05:01:09
EpFB_QaDegU,25800.000,2026-10-06_12-11-09,05:01:09
EpFB_QaDegU,25830.000,2026-10-06_12-11-39,05:01:09
EpFB_QaDegU,25860.000,2026-10-06_12-12-09,05:01:09
EpFB_QaDegU,25890.000,2026-10-06_12-12-39,05:01:09
EpFB_QaDegU,25920.000,2026-10-06_12-13-09,05:01:09
EpFB_QaDegU,25950.000,2026-10-06_12-13-39,05:01:09
EpFB_QaDegU,25980.000,2026-10-06_12-14-09,05:01:09
EpFB_QaDegU,26010.000,2026-10-06_12-14-39,05:01:09
EpFB_QaDegU,26040.000,2026-10-06_12-15-09,05:01:09
EpFB_QaDegU,26070.000,2026-10-06_12-15-39,05:01:09
EpFB_QaDegU,26100.000,2026-10-06_12-16-09,05:01:09
EpFB_QaDegU,26130.000,2026-10-06_12-16-39,05:01:09
EpFB_QaDegU,26160.000,2026-10-06_12-17-09,05:01:09
EpFB_QaDegU,26190.000,2026-10-06_12-17-39,05:01:09
EpFB_QaDegU,26220.000,2026-10-06_12-18-09,05:01:09
EpFB_QaDegU,26250.000,2026-10-06_12-18-39,05:01:09
EpFB_QaDegU,26280.000,2026-10-06_12-19-09,05:01:09
EpFB_QaDegU,26310.000,2026-10-06_12-19-39,05:01:09
EpFB_QaDegU,26340.000,2026-10-06_12-20-09,05:01:09
EpFB_QaDegU,26370.000,2026-10-06_12-20-39,05:01:09
EpFB_QaDegU,26400.000,2026-10-06_12-21-09,05:01:09
EpFB_QaDegU,26430.000,2026-10-06_12-21-39,05:01:09
EpFB_QaDegU,26460.000,2026-10-06_12-22-09,05:01:09
EpFB_QaDegU,26490.000,2026-10-06_12-22-39,05:01:09
EpFB_QaDegU,26520.000,2026-10-06_12-23-09,05:01:09
EpFB_QaDegU,26550.000,2026-10-06_12-23-39,05:01:09
EpFB_QaDegU,26580.000,2026-10-06_12-24-09,05:01:09
EpFB_QaDegU,26610.000,2026-10-06_12-24-39,05:01:09
EpFB_QaDegU,26640.000,2026-10-06_12-25-09,05:01:09
EpFB_QaDegU,26670.000,2026-10-06_12-25-39,05:01:09
EpFB_QaDegU,26700.000,2026-10-06_12-26-09,05:01:09
EpFB_QaDegU,26730.000,2026-10-06_12-26-39,05:01:09
EpFB_QaDegU,26760.000,2026-10-06_12-27-09,05:01:09
EpFB_QaDegU,26790.000,2026-10-06_12-27-39,05:01:09
EpFB_QaDegU,26820.000,2026-10-06_12-28-09,05:01:09
EpFB_QaDegU,26850.000,2026-10-06_12-28-39,05:01:09
EpFB_QaDegU,26880.000,2026-10-06_12-29-09,05:01:09
EpFB_QaDegU,26910.000,2026-10-06_12-29-39,05:01:09
EpFB_QaDegU,26940.000,2026-10-06_12-30-09,05:01:09
EpFB_QaDegU,26970.000,2026-10-06_12-30-39,05:01:09
EpFB_QaDegU,27000.000,2026-10-06_12-31-09,05:01:09
EpFB_QaDegU,27030.000,2026-10-06_12-31-39,05:01:09
EpFB_QaDegU,27060.000,2026-10-06_12-32-09,05:01:09
EpFB_QaDegU,27090.000,2026-10-06_12-32-39,05:01:09
EpFB_QaDegU,27120.000,2026-10-06_12-33-09,05:01:09
EpFB_QaDegU,27150.000,2026-10-06_12-33-39,05:01:09
EpFB_QaDegU,27180.000,2026-10-06_12-34-09,05:01:09
EpFB_QaDegU,27210.000,2026-10-06_12-34-39,05:01:09
EpFB_QaDegU,27240.000,2026-10-06_12-35-09,05:01:09
EpFB_QaDegU,27270.000,2026-10-06_12-35-39,05:01:09
EpFB_QaDegU,27300.000,2026-10-06_12-36-09,05:01:09
EpFB_QaDegU,27330.000,2026-10-06_12-36-39,05:01:09
EpFB_QaDegU,27360.000,2026-10-06_12-37-09,05:01:09
EpFB_QaDegU,27390.000,2026-10-06_12-37-39,05:01:09
EpFB_QaDegU,27420.000,2026-10-06_12-38-09,05:01:09
EpFB_QaDegU,27450.000,2026-10-06_12-38-39,05:01:09
EpFB_QaDegU,27480.000,2026-10-06_12-39-09,05:01:09
EpFB_QaDegU,27510.000,2026-10-06_12-39-39,05:01:09
EpFB_QaDegU,27540.000,2026-10-06_12-40-09,05:01:09
EpFB_QaDegU,27570.000,2026-10-06_12-40-39,05:01:09
EpFB_QaDegU,27600.000,2026-10-06_12-41-09,05:01:09
EpFB_QaDegU,27630.000,2026-10-06_12-41-39,05:01:09
EpFB_QaDegU,27660.000,2026-10-06_12-42-09,05:01:09
EpFB_QaDegU,27690.000,2026-10-06_12-42-39,05:01:09
EpFB_QaDegU,27720.000,2026-10-06_12-43-09,05:01:09
EpFB_QaDegU,27750.000,2026-10-06_12-43-39,05:01:09
EpFB_QaDegU,27780.000,2026-10-06_12-44-09,05:01:09
EpFB_QaDegU,27810.000,2026-10-06_12-44-39,05:01:09
EpFB_QaDegU,27840.000,2026-10-06_12-45-09,05:01:09
EpFB_QaDegU,27870.000,2026-10-06_12-45-39,05:01:09
EpFB_QaDegU,27900.000,2026-10-06_12-46-09,05:01:09
EpFB_QaDegU,27930.000,2026-10-06_12-46-39,05:01:09
EpFB_QaDegU,27960.000,2026-10-06_12-47-09,05:01:09
EpFB_QaDegU,27990.000,2026-10-06_12-47-39,05:01:09
EpFB_QaDegU,28020.000,2026-10-06_12-48-09,05:01:09
EpFB_QaDegU,28050.000,2026-10-06_12-48-39,05:01:09
EpFB_QaDegU,28080.000,2026-10-06_12-49-09,05:01:09
EpFB_QaDegU,28110.000,2026-10-06_12-49-39,05:01:09
EpFB_QaDegU,28140.000,2026-10-06_12-50-09,05:01:09
EpFB_QaDegU,28170.000,2026-10-06_12-50-39,05:01:09
EpFB_QaDegU,28200.000,2026-10-06_12-51-09,05:01:09
EpFB_QaDegU,28230.000,2026-10-06_12-51-39,05:01:09
EpFB_QaDegU,28260.000,2026-10-06_12-52-09,05:01:09
EpFB_QaDegU,28290.000,2026-10-06_12-52-39,05:01:09
EpFB_QaDegU,28320.000,2026-10-06_12-53-09,05:01:09
EpFB_QaDegU,28350.000,2026-10-06_12-53-39,05:01:09
EpFB_QaDegU,28380.000,2026-10-06_12-54-09,05:01:09
EpFB_QaDegU,28410.000,2026-10-06_12-54-39,05:01:09
EpFB_QaDegU,28440.000,2026-10-06_12-55-09,05:01:09
EpFB_QaDegU,28470.000,2026-10-06_12-55-39,05:01:09
EpFB_QaDegU,28500.000,2026-10-06_12-56-09,05:01:09
EpFB_QaDegU,28530.000,2026-10-06_12-56-39,05:01:09
EpFB_QaDegU,28560.000,2026-10-06_12-57-09,05:01:09
EpFB_QaDegU,28590.000,2026-10-06_12-57-39,05:01:09
EpFB_QaDegU,28620.000,2026-10-06_12-58-09,05:01:09
EpFB_QaDegU,28650.000,2026-10-06_12-58-39,05:01:09
EpFB_QaDegU,28680.000,2026-10-06_12-59-09,05:01:09
EpFB_QaDegU,28710.000,2026-10-06_12-59-39,05:01:09
AHERrlMcqKg,0.000,2026-10-06_13-01-18,13:01:18
AHERrlMcqKg,30.000,2026-10-06_13-01-41,13:01:11
AHERrlMcqKg,60.000,2026-10-06_13-02-11,13:01:11
AHERrlMcqKg,90.000,2026-10-06_13-02-41,13:01:11
AHERrlMcqKg,120.000,2026-10-06_13-03-11,13:01:11
AHERrlMcqKg,150.000,2026-10-06_13-03-41,13:01:11
AHERrlMcqKg,180.000,2026-10-06_13-04-11,13:01:11
AHERrlMcqKg,210.000,2026-10-06_13-04-41,13:01:11
AHERrlMcqKg,240.000,2026-10-06_13-05-11,13:01:11
AHERrlMcqKg,270.000,2026-10-06_13-05-41,13:01:11
AHERrlMcqKg,300.000,2026-10-06_13-06-11,13:01:11
AHERrlMcqKg,330.000,2026-10-06_13-06-411,
AHERrlMcqKg,360.000,2026-10-06_13-07-11,13:01:11
AHERrlMcqKg,390.000,2026-10-06_13-07-411,
AHERrlMcqKg,420.000,2026-10-06_13-08-111,
AHERrlMcqKg,450.000,2026-10-06_13-08-411,
AHERrlMcqKg,480.000,2026-10-06_13-09-111,
AHERrlMcqKg,510.000,2026-10-06_13-09-411,
AHERrlMcqKg,540.000,2026-10-06_13-10-11,13:01:11
AHERrlMcqKg,570.000,2026-10-06_13-10-411,
AHERrlMcqKg,600.000,2026-10-06_13-11-11,13:01:11
AHERrlMcqKg,630.000,2026-10-06_13-11-41,13:01:11
AHERrlMcqKg,660.000,2026-10-06_13-12-111,
AHERrlMcqKg,690.000,2026-10-06_13-12-41,13:01:11
AHERrlMcqKg,720.000,5026-10-06_13-13-11,13:01:11
AHERrlMcqKg,750.000,026-10-06_13-13-41,
AHERrlMcqKg,780.000,026-10-06_13-14-11,
AHERrlMcqKg,810.000,2026-10-06_13-14-41,13:01:11
AHERrlMcqKg,840.000,2026-10-06_13-15-11,13:01:11
AHERrlMcqKg,870.000,2026-10-06_13-15-41,13:01:11
AHERrlMcqKg,900.000,2026-10-06_13-16-11,13:01:11
AHERrlMcqKg,930.000,2026-10-06_13-16-41,13:01:11
AHERrlMcqKg,960.000,2026-10-06_13-17-11,13:01:11
AHERrlMcqKg,990.000,2026-10-06_13-17-41,13:01:11
AHERrlMcqKg,1020.000,2026-10-06_13-18-11,13:01:11
AHERrlMcqKg,1050.000,2026-10-06_13-18-41,13:01:11
AHERrlMcqKg,1080.000,2026-10-06_13-19-11,13:01:11
AHERrlMcqKg,1110.000,2026-10-06_13-19-41,13:01:11
AHERrlMcqKg,1140.000,2026-10-06_13-20-11,13:01:11
AHERrlMcqKg,1170.000,2026-10-06_13-20-41,13:01:11
AHERrlMcqKg,1200.000,2026-10-06_13-21-11,13:01:11
AHERrlMcqKg,1230.000,2026-10-06_13-21-41,13:01:11
AHERrlMcqKg,1260.000,2026-10-06_13-22-11,13:01:11
AHERrlMcqKg,1290.000,2026-10-06_13-22-41,13:01:11
AHERrlMcqKg,1320.000,2026-10-06_13-23-11,13:01:11
AHERrlMcqKg,1350.000,2026-10-06_13-23-41,13:01:11
AHERrlMcqKg,1380.000,2026-10-06_13-24-11,13:01:11
AHERrlMcqKg,1410.000,2026-10-06_13-24-41,13:01:11
AHERrlMcqKg,1440.000,2026-10-06_13-25-11,13:01:11
AHERrlMcqKg,1470.000,2026-10-06_13-25-41,13:01:11
AHERrlMcqKg,1500.000,2026-10-06_13-26-11,13:01:11
AHERrlMcqKg,1530.000,2026-10-06_13-26-41,13:01:11
AHERrlMcqKg,1560.000,2026-10-06_13-27-11,13:01:11
AHERrlMcqKg,1590.000,2026-10-06_13-27-41,13:01:11
AHERrlMcqKg,1620.000,2026-10-06_13-28-11,13:01:11
AHERrlMcqKg,1650.000,2026-10-06_13-28-41,13:01:11
AHERrlMcqKg,1680.000,2026-10-06_13-29-11,13:01:11
AHERrlMcqKg,1710.000,2026-10-06_13-29-41,13:01:11
AHERrlMcqKg,1740.000,2026-10-06_13-30-11,13:01:11
AHERrlMcqKg,1770.000,2026-10-06_13-30-41,13:01:11
AHERrlMcqKg,1800.000,2026-10-06_13-31-11,13:01:11
AHERrlMcqKg,1830.000,2026-10-06_13-31-41,13:01:11
AHERrlMcqKg,1860.000,2026-10-06_13-32-11,13:01:11
AHERrlMcqKg,1890.000,2026-10-06_13-32-41,13:01:11
AHERrlMcqKg,1920.000,2026-10-06_13-33-11,13:01:11
AHERrlMcqKg,1950.000,2026-10-06_13-33-41,13:01:11
AHERrlMcqKg,1980.000,2026-10-06_13-34-11,13:01:11
AHERrlMcqKg,2010.000,2026-10-06_13-34-41,13:01:11
AHERrlMcqKg,2040.000,2026-10-06_13-35-11,13:01:11
AHERrlMcqKg,2070.000,2026-10-06_13-35-41,13:01:11
AHERrlMcqKg,2100.000,2026-10-06_13-36-11,13:01:11
AHERrlMcqKg,2130.000,2026-10-06_13-36-41,13:01:11
AHERrlMcqKg,2160.000,2026-10-06_13-37-11,13:01:11
AHERrlMcqKg,2190.000,2026-10-06_13-37-41,13:01:11
AHERrlMcqKg,2220.000,2026-10-06_13-38-11,13:01:11
AHERrlMcqKg,2250.000,2026-10-06_13-38-41,13:01:11
AHERrlMcqKg,2280.000,2026-10-06_13-39-11,13:01:11
AHERrlMcqKg,2310.000,2026-10-06_13-39-41,13:01:11
AHERrlMcqKg,2340.000,2026-10-06_13-40-11,13:01:11
AHERrlMcqKg,2370.000,2026-10-06_13-40-41,13:01:11
AHERrlMcqKg,2400.000,2026-10-06_13-41-11,13:01:11
AHERrlMcqKg,2430.000,2026-10-06_13-41-41,13:01:11
AHERrlMcqKg,2460.000,2026-10-06_13-42-11,13:01:11
AHERrlMcqKg,2490.000,2026-10-06_13-42-41,13:01:11
AHERrlMcqKg,2520.000,2026-10-06_13-43-11,13:01:11
AHERrlMcqKg,2550.000,2026-10-06_13-43-41,13:01:11
AHERrlMcqKg,2580.000,2026-10-06_13-44-11,13:01:11
AHERrlMcqKg,2610.000,2026-10-06_13-44-41,13:01:11
AHERrlMcqKg,2640.000,2026-10-06_13-45-11,13:01:11
AHERrlMcqKg,2670.000,2026-10-06_13-45-41,13:01:11
AHERrlMcqKg,2700.000,2026-10-06_13-46-11,13:01:11
AHERrlMcqKg,2730.000,2026-10-06_13-46-41,13:01:11
AHERrlMcqKg,2760.000,2026-10-06_13-47-11,13:01:11
AHERrlMcqKg,2790.000,2026-10-06_13-47-41,13:01:11
AHERrlMcqKg,2820.000,2026-10-06_13-48-11,13:01:11
AHERrlMcqKg,2850.000,2026-10-06_13-48-41,13:01:11
AHERrlMcqKg,2880.000,2026-10-06_13-49-11,13:01:11
AHERrlMcqKg,2910.000,2026-10-06_13-49-41,13:01:11
AHERrlMcqKg,2940.000,2026-10-06_13-50-11,13:01:11
AHERrlMcqKg,2970.000,2026-10-06_13-50-411,
AHERrlMcqKg,3000.000,2026-10-06_13-51-11,13:01:11
AHERrlMcqKg,3030.000,2026-10-06_13-51-41,13:01:11
AHERrlMcqKg,3060.000,2026-10-06_13-52-11,13:01:11
AHERrlMcqKg,3090.000,2026-10-06_13-52-41,13:01:11
AHERrlMcqKg,3120.000,2026-10-06_13-53-11,13:01:11
AHERrlMcqKg,3150.000,2026-10-06_13-53-41,13:01:11
AHERrlMcqKg,3180.000,2026-10-06_13-54-11,13:01:11
AHERrlMcqKg,3210.000,2026-10-06_13-54-41,13:01:11
AHERrlMcqKg,3240.000,2026-10-06_13-55-11,13:01:11
AHERrlMcqKg,3270.000,2026-10-06_13-55-41,13:01:11
AHERrlMcqKg,3300.000,2026-10-06_13-56-11,13:01:11
AHERrlMcqKg,3330.000,2026-10-06_13-56-411,
AHERrlMcqKg,3360.000,2026-10-06_13-57-11,13:01:11
AHERrlMcqKg,3390.000,2026-10-06_13-57-41,13:01:11
AHERrlMcqKg,3420.000,2026-10-06_13-58-11,13:01:11
AHERrlMcqKg,3450.000,2026-10-06_13-58-41,13:01:11
AHERrlMcqKg,3480.000,2026-10-06_13-59-11,13:01:11
AHERrlMcqKg,3510.000,2026-10-06_13-59-41,13:01:11
AHERrlMcqKg,3540.000,2026-10-06_14-00-11,13:01:11
AHERrlMcqKg,3570.000,2026-10-06_14-00-41,13:01:11
AHERrlMcqKg,3600.000,2026-10-06_14-01-11,13:01:11
AHERrlMcqKg,3630.000,2026-10-06_14-01-41,13:01:11
AHERrlMcqKg,3660.000,2026-10-06_14-02-11,13:01:11
AHERrlMcqKg,3690.000,2026-10-06_14-02-41,13:01:11
AHERrlMcqKg,3720.000,2026-10-06_14-03-11,13:01:11
AHERrlMcqKg,3750.000,2026-10-06_14-03-41,13:01:11
AHERrlMcqKg,3780.000,2026-10-06_14-04-11,13:01:11
AHERrlMcqKg,3810.000,2026-10-06_14-04-41,13:01:11
AHERrlMcqKg,3840.000,2026-10-06_14-05-11,13:01:11
AHERrlMcqKg,3870.000,2026-10-06_14-05-41,13:01:11
AHERrlMcqKg,3900.000,2026-10-06_14-06-11,13:01:11
AHERrlMcqKg,3930.000,2026-10-06_14-06-41,13:01:11
AHERrlMcqKg,3960.000,2026-10-06_14-07-11,13:01:11
AHERrlMcqKg,3990.000,2026-10-06_14-07-41,13:01:11
AHERrlMcqKg,4020.000,2026-10-06_14-08-11,13:01:11
AHERrlMcqKg,4050.000,2026-10-06_14-08-41,13:01:11
AHERrlMcqKg,4080.000,2026-10-06_14-09-11,13:01:11
AHERrlMcqKg,4110.000,2026-10-06_14-09-41,13:01:11
AHERrlMcqKg,4140.000,2026-10-06_14-10-11,13:01:11
AHERrlMcqKg,4170.000,2026-10-06_14-10-41,13:01:11
AHERrlMcqKg,4200.000,2026-10-06_14-11-11,13:01:11
AHERrlMcqKg,4230.000,2026-10-06_14-11-41,13:01:11
AHERrlMcqKg,4260.000,2026-10-06_14-12-11,13:01:11
AHERrlMcqKg,4290.000,2026-10-06_14-12-41,13:01:11
AHERrlMcqKg,4320.000,2026-10-06_14-13-11,13:01:11
AHERrlMcqKg,4350.000,2026-10-06_14-13-41,13:01:11
AHERrlMcqKg,4380.000,2026-10-06_14-14-11,13:01:11
AHERrlMcqKg,4410.000,2026-10-06_14-14-41,13:01:11
AHERrlMcqKg,4440.000,2026-10-06_14-15-11,13:01:11
AHERrlMcqKg,4470.000,2026-10-06_14-15-41,13:01:11
AHERrlMcqKg,4500.000,2026-10-06_14-16-11,13:01:11
AHERrlMcqKg,4530.000,2026-10-06_14-16-41,13:01:11
AHERrlMcqKg,4560.000,2026-10-06_14-17-11,13:01:11
AHERrlMcqKg,4590.000,2026-10-06_14-17-41,13:01:11
AHERrlMcqKg,4620.000,2026-10-06_14-18-11,13:01:11
AHERrlMcqKg,4650.000,2026-10-06_14-18-41,13:01:11
AHERrlMcqKg,4680.000,2026-10-06_14-19-11,13:01:11
AHERrlMcqKg,4710.000,2026-10-06_14-19-41,13:01:11
AHERrlMcqKg,4740.000,2026-10-06_14-20-11,13:01:11
AHERrlMcqKg,4770.000,2026-10-06_14-20-41,13:01:11
AHERrlMcqKg,4800.000,2026-10-06_14-21-11,13:01:11
AHERrlMcqKg,4830.000,2026-10-06_14-21-41,13:01:11
AHERrlMcqKg,4860.000,2026-10-06_14-22-11,13:01:11
AHERrlMcqKg,4890.000,2026-10-06_14-22-41,13:01:11
AHERrlMcqKg,4920.000,2026-10-06_14-23-11,13:01:11
AHERrlMcqKg,4950.000,2026-10-06_14-23-41,13:01:11
AHERrlMcqKg,4980.000,2026-10-06_14-24-11,13:01:11
AHERrlMcqKg,5010.000,2026-10-06_14-24-41,13:01:11
AHERrlMcqKg,5040.000,2026-10-06_14-25-11,13:01:11
AHERrlMcqKg,5070.000,2026-10-06_14-25-41,13:01:11
AHERrlMcqKg,5100.000,2026-10-06_14-26-11,13:01:11
AHERrlMcqKg,5130.000,2026-10-06_14-26-41,13:01:11
AHERrlMcqKg,5160.000,2026-10-06_14-27-11,13:01:11
AHERrlMcqKg,5190.000,2026-10-06_14-27-41,13:01:11
AHERrlMcqKg,5220.000,2026-10-06_14-28-11,13:01:11
AHERrlMcqKg,5250.000,2026-10-06_14-28-41,13:01:11
AHERrlMcqKg,5280.000,2026-10-06_14-29-11,13:01:11
AHERrlMcqKg,5310.000,2026-10-06_14-29-41,13:01:11
AHERrlMcqKg,5340.000,2026-10-06_14-30-11,13:01:11
AHERrlMcqKg,5370.000,2026-10-06_14-30-41,13:01:11
AHERrlMcqKg,5400.000,2026-10-06_14-31-11,13:01:11
AHERrlMcqKg,5430.000,2026-10-06_14-31-41,13:01:11
AHERrlMcqKg,5460.000,2026-10-06_14-32-11,13:01:11
AHERrlMcqKg,5490.000,2026-10-06_14-32-41,13:01:11
AHERrlMcqKg,5520.000,2026-10-06_14-33-11,13:01:11
AHERrlMcqKg,5550.000,2026-10-06_14-33-41,13:01:11
AHERrlMcqKg,5580.000,2026-10-06_14-34-11,13:01:11
AHERrlMcqKg,5610.000,2026-10-06_14-34-41,13:01:11
AHERrlMcqKg,5640.000,2026-10-06_14-35-11,13:01:11
AHERrlMcqKg,5670.000,2026-10-06_14-35-41,13:01:11
AHERrlMcqKg,5700.000,2026-10-06_14-36-11,13:01:11
AHERrlMcqKg,5730.000,2026-10-06_14-36-41,13:01:11
AHERrlMcqKg,5760.000,2026-10-06_14-37-11,13:01:11
AHERrlMcqKg,5790.000,2026-10-06_14-37-41,13:01:11
AHERrlMcqKg,5820.000,2026-10-06_14-38-11,13:01:11
AHERrlMcqKg,5850.000,2026-10-06_14-38-41,13:01:11
AHERrlMcqKg,5880.000,2026-10-06_14-39-11,13:01:11
AHERrlMcqKg,5910.000,2026-10-06_14-39-41,13:01:11
AHERrlMcqKg,5940.000,2026-10-06_14-40-11,13:01:11
AHERrlMcqKg,5970.000,2026-10-06_14-40-41,13:01:11
AHERrlMcqKg,6000.000,2026-10-06_14-41-11,13:01:11
AHERrlMcqKg,6030.000,2026-10-06_14-41-41,13:01:11
AHERrlMcqKg,6060.000,2026-10-06_14-42-11,13:01:11
AHERrlMcqKg,6090.000,2026-10-06_14-42-41,13:01:11
AHERrlMcqKg,6120.000,2026-10-06_14-43-11,13:01:11
AHERrlMcqKg,6150.000,2026-10-06_14-43-41,13:01:11
AHERrlMcqKg,6180.000,2026-10-06_14-44-11,13:01:11
AHERrlMcqKg,6210.000,2026-10-06_14-44-41,13:01:11
AHERrlMcqKg,6240.000,2026-10-06_14-45-11,13:01:11
AHERrlMcqKg,6270.000,2026-10-06_14-45-41,13:01:11
AHERrlMcqKg,6300.000,2026-10-06_14-46-11,13:01:11
AHERrlMcqKg,6330.000,2026-10-06_14-46-41,13:01:11
AHERrlMcqKg,6360.000,2026-10-06_14-47-11,13:01:11
AHERrlMcqKg,6390.000,2026-10-06_14-47-41,13:01:11
AHERrlMcqKg,6420.000,2026-10-06_14-48-11,13:01:11
AHERrlMcqKg,6450.000,2026-10-06_14-48-41,13:01:11
AHERrlMcqKg,6480.000,2026-10-06_14-49-11,13:01:11
AHERrlMcqKg,6510.000,2026-10-06_14-49-41,13:01:11
AHERrlMcqKg,6540.000,2026-10-06_14-50-11,13:01:11
AHERrlMcqKg,6570.000,2026-10-06_14-50-41,13:01:11
AHERrlMcqKg,6600.000,2026-10-06_14-51-11,13:01:11
AHERrlMcqKg,6630.000,2026-10-06_14-51-41,13:01:11
AHERrlMcqKg,6660.000,2026-10-06_14-52-11,13:01:11
AHERrlMcqKg,6690.000,2026-10-06_14-52-41,13:01:11
AHERrlMcqKg,6720.000,2026-10-06_14-53-11,13:01:11
AHERrlMcqKg,6750.000,2026-10-06_14-53-41,13:01:11
AHERrlMcqKg,6780.000,2026-10-06_14-54-11,13:01:11
AHERrlMcqKg,6810.000,2026-10-06_14-54-41,13:01:11
AHERrlMcqKg,6840.000,2026-10-06_14-55-11,13:01:11
AHERrlMcqKg,6870.000,2026-10-06_14-55-41,13:01:11
AHERrlMcqKg,6900.000,2026-10-06_14-56-11,13:01:11
AHERrlMcqKg,6930.000,2026-10-06_14-56-41,13:01:11
AHERrlMcqKg,6960.000,2026-10-06_14-57-11,13:01:11
AHERrlMcqKg,6990.000,2026-10-06_14-57-41,13:01:11
AHERrlMcqKg,7020.000,2026-10-06_14-58-11,13:01:11
AHERrlMcqKg,7050.000,2026-10-06_14-58-41,13:01:11
AHERrlMcqKg,7080.000,2026-10-06_14-59-11,13:01:11
AHERrlMcqKg,7110.000,2026-10-06_14-59-41,13:01:11
AHERrlMcqKg,7140.000,2026-10-06_15-00-11,13:01:11
AHERrlMcqKg,7170.000,2026-10-06_15-00-41,13:01:11
AHERrlMcqKg,7200.000,2026-10-06_15-01-11,13:01:11
AHERrlMcqKg,7230.000,2026-10-06_15-01-41,13:01:11
AHERrlMcqKg,7260.000,2026-10-06_15-02-11,13:01:11
AHERrlMcqKg,7290.000,2026-10-06_15-02-41,13:01:11
AHERrlMcqKg,7320.000,2026-10-06_15-03-11,13:01:11
AHERrlMcqKg,7350.000,2026-10-06_15-03-41,13:01:11
AHERrlMcqKg,7380.000,2026-10-06_15-04-11,13:01:11
AHERrlMcqKg,7410.000,2026-10-06_15-04-41,13:01:11
AHERrlMcqKg,7440.000,2026-10-06_15-05-11,13:01:11
AHERrlMcqKg,7470.000,2026-10-06_15-05-41,13:01:11
AHERrlMcqKg,7500.000,2026-10-06_15-06-11,13:01:11
AHERrlMcqKg,7530.000,2026-10-06_15-06-41,13:01:11
AHERrlMcqKg,7560.000,2026-10-06_15-07-11,13:01:11
AHERrlMcqKg,7590.000,2026-10-06_15-07-41,13:01:11
AHERrlMcqKg,7620.000,2026-10-06_15-08-11,13:01:11
AHERrlMcqKg,7650.000,2026-10-06_15-08-41,13:01:11
AHERrlMcqKg,7680.000,2026-10-06_15-09-11,13:01:11
AHERrlMcqKg,7710.000,2026-10-06_15-09-41,13:01:11
AHERrlMcqKg,7740.000,2026-10-06_15-10-11,13:01:11
AHERrlMcqKg,7770.000,2026-10-06_15-10-41,13:01:11
AHERrlMcqKg,7800.000,2026-10-06_15-11-11,13:01:11
AHERrlMcqKg,7830.000,2026-10-06_15-11-41,13:01:11
AHERrlMcqKg,7860.000,2026-10-06_15-12-11,13:01:11
AHERrlMcqKg,7890.000,2026-10-06_15-12-41,13:01:11
AHERrlMcqKg,7920.000,2026-10-06_15-13-11,13:01:11
AHERrlMcqKg,7950.000,2026-10-06_15-13-41,13:01:11
AHERrlMcqKg,7980.000,2026-10-06_15-14-11,13:01:11
AHERrlMcqKg,8010.000,2026-10-06_15-14-41,13:01:11
AHERrlMcqKg,8040.000,2026-10-06_15-15-11,13:01:11
AHERrlMcqKg,8070.000,2026-10-06_15-15-41,13:01:11
AHERrlMcqKg,8100.000,2026-10-06_15-16-11,13:01:11
AHERrlMcqKg,8130.000,2026-10-06_15-16-41,13:01:11
AHERrlMcqKg,8160.000,2026-10-06_15-17-11,13:01:11
AHERrlMcqKg,8190.000,2026-10-06_15-17-41,13:01:11
AHERrlMcqKg,8220.000,2026-10-06_15-18-11,13:01:11
AHERrlMcqKg,8250.000,2026-10-06_15-18-41,13:01:11
AHERrlMcqKg,8280.000,2026-10-06_15-19-11,13:01:11
AHERrlMcqKg,8310.000,2026-10-06_15-19-41,13:01:11
AHERrlMcqKg,8340.000,2026-10-06_15-20-11,13:01:11
AHERrlMcqKg,8370.000,2026-10-06_15-20-41,13:01:11
AHERrlMcqKg,8400.000,2026-10-06_15-21-11,13:01:11
AHERrlMcqKg,8430.000,2026-10-06_15-21-411,
AHERrlMcqKg,8460.000,2026-10-06_15-22-111,
AHERrlMcqKg,8490.000,2026-10-06_15-22-41,13:01:11
AHERrlMcqKg,8520.000,2026-10-06_15-23-11,13:01:11
AHERrlMcqKg,8550.000,2026-10-06_15-23-41,13:01:11
AHERrlMcqKg,8580.000,2026-10-06_15-24-11,13:01:11
AHERrlMcqKg,8610.000,2026-10-06_15-24-41,13:01:11
AHERrlMcqKg,8640.000,2026-10-06_15-25-11,13:01:11
AHERrlMcqKg,8670.000,2026-10-06_15-25-41,13:01:11
AHERrlMcqKg,8700.000,2026-10-06_15-26-11,13:01:11
AHERrlMcqKg,8730.000,2026-10-06_15-26-41,13:01:11
AHERrlMcqKg,8760.000,2026-10-06_15-27-11,13:01:11
AHERrlMcqKg,8790.000,2026-10-06_15-27-41,13:01:11
AHERrlMcqKg,8820.000,2026-10-06_15-28-11,13:01:11
AHERrlMcqKg,8850.000,2026-10-06_15-28-41,13:01:11
AHERrlMcqKg,8880.000,2026-10-06_15-29-11,13:01:11
AHERrlMcqKg,8910.000,2026-10-06_15-29-41,13:01:11
AHERrlMcqKg,8940.000,2026-10-06_15-30-11,13:01:11
AHERrlMcqKg,8970.000,2026-10-06_15-30-41,13:01:11
AHERrlMcqKg,9000.000,2026-10-06_15-31-11,13:01:11
AHERrlMcqKg,9030.000,2026-10-06_15-31-41,13:01:11
AHERrlMcqKg,9060.000,2026-10-06_15-32-11,13:01:11
AHERrlMcqKg,9090.000,2026-10-06_15-32-41,13:01:11
AHERrlMcqKg,9120.000,2026-10-06_15-33-11,13:01:11
AHERrlMcqKg,9150.000,2026-10-06_15-33-41,13:01:11
AHERrlMcqKg,9180.000,2026-10-06_15-34-11,13:01:11
AHERrlMcqKg,9210.000,2026-10-06_15-34-41,13:01:11
AHERrlMcqKg,9240.000,2026-10-06_15-35-11,13:01:11
AHERrlMcqKg,9270.000,2026-10-06_15-35-41,13:01:11
AHERrlMcqKg,9300.000,2026-10-06_15-36-11,13:01:11
AHERrlMcqKg,9330.000,2026-10-06_15-36-41,13:01:11
AHERrlMcqKg,9360.000,2026-10-06_15-37-11,13:01:11
AHERrlMcqKg,9390.000,2026-10-06_15-37-41,13:01:11
AHERrlMcqKg,9420.000,2026-10-06_15-38-11,13:01:11
AHERrlMcqKg,9450.000,2026-10-06_15-38-41,13:01:11
AHERrlMcqKg,9480.000,2026-10-06_15-39-11,13:01:11
AHERrlMcqKg,9510.000,2026-10-06_15-39-41,13:01:11
AHERrlMcqKg,9540.000,2026-10-06_15-40-11,13:01:11
AHERrlMcqKg,9570.000,2026-10-06_15-40-41,13:01:11
AHERrlMcqKg,9600.000,2026-10-06_15-41-11,13:01:11
AHERrlMcqKg,9630.000,2026-10-06_15-41-411,
AHERrlMcqKg,9660.000,2026-10-06_15-42-11,13:01:11
AHERrlMcqKg,9690.000,2026-10-06_15-42-41,13:01:11
AHERrlMcqKg,9720.000,2026-10-06_15-43-11,13:01:11
AHERrlMcqKg,9750.000,2026-10-06_15-43-41,13:01:11
AHERrlMcqKg,9780.000,2026-10-06_15-44-11,13:01:11
AHERrlMcqKg,9810.000,2026-10-06_15-44-41,13:01:11
AHERrlMcqKg,9840.000,2026-10-06_15-45-111,
AHERrlMcqKg,9870.000,2026-10-06_15-45-411,
AHERrlMcqKg,9900.000,2026-10-06_15-46-11,13:01:11
AHERrlMcqKg,9930.000,2026-10-06_15-46-411,
AHERrlMcqKg,9960.000,2026-10-06_15-47-11,13:01:11
AHERrlMcqKg,9990.000,2026-10-06_15-47-41,13:01:11
AHERrlMcqKg,10020.000,2026-10-06_15-48-11,13:01:11
AHERrlMcqKg,10050.000,2026-10-06_15-48-41,13:01:11
AHERrlMcqKg,10080.000,2026-10-06_15-49-11,13:01:11
AHERrlMcqKg,10110.000,2026-10-06_15-49-411,
AHERrlMcqKg,10140.000,2026-10-06_15-50-111,
AHERrlMcqKg,10170.000,2026-10-06_15-50-411,
AHERrlMcqKg,10200.000,2026-10-06_15-51-11,13:01:11
AHERrlMcqKg,10230.000,2026-10-06_15-51-411,
AHERrlMcqKg,10260.000,2026-10-06_15-52-111,
AHERrlMcqKg,10290.000,2026-10-06_15-52-41,13:01:11
AHERrlMcqKg,10320.000,2026-10-06_15-53-11,13:01:11
AHERrlMcqKg,10350.000,2026-10-06_15-53-411,
AHERrlMcqKg,10380.000,2026-10-06_15-54-11,13:01:11
AHERrlMcqKg,10410.000,2026-10-06_15-54-411,
AHERrlMcqKg,10440.000,2026-10-06_15-55-111,
AHERrlMcqKg,10470.000,2026-10-06_15-55-411,
AHERrlMcqKg,10500.000,2026-10-06_15-56-11,13:01:11
AHERrlMcqKg,10530.000,2026-10-06_15-56-41,13:01:11
AHERrlMcqKg,10560.000,2026-10-06_15-57-11,13:01:11
AHERrlMcqKg,10590.000,2026-10-06_15-57-41,13:01:11
AHERrlMcqKg,10620.000,2026-10-06_15-58-11,13:01:11
AHERrlMcqKg,10650.000,2026-10-06_15-58-41,13:01:11
AHERrlMcqKg,10680.000,2026-10-06_15-59-11,13:01:11
AHERrlMcqKg,10710.000,2026-10-06_15-59-41,13:01:11
AHERrlMcqKg,10740.000,2026-10-06_16-00-11,13:01:11
AHERrlMcqKg,10770.000,2026-10-06_16-00-41,13:01:11
AHERrlMcqKg,10800.000,2026-10-06_16-01-11,13:01:11
AHERrlMcqKg,10830.000,2026-10-06_16-01-41,13:01:11
AHERrlMcqKg,10860.000,2026-10-06_16-02-11,13:01:11
AHERrlMcqKg,10890.000,2026-10-06_16-02-41,13:01:11
AHERrlMcqKg,10920.000,2026-10-06_16-03-11,13:01:11
AHERrlMcqKg,10950.000,2026-10-06_16-03-41,13:01:11
AHERrlMcqKg,10980.000,2026-10-06_16-04-11,13:01:11
AHERrlMcqKg,11010.000,2026-10-06_16-04-41,13:01:11
AHERrlMcqKg,11040.000,2026-10-06_16-05-11,13:01:11
AHERrlMcqKg,11070.000,2026-10-06_16-05-41,13:01:11
AHERrlMcqKg,11100.000,2026-10-06_16-06-11,13:01:11
AHERrlMcqKg,11130.000,2026-10-06_16-06-411,
AHERrlMcqKg,11160.000,2026-10-06_16-07-11,13:01:11
AHERrlMcqKg,11190.000,2026-10-06_16-07-41,13:01:11
AHERrlMcqKg,11220.000,2026-10-06_16-08-11,13:01:11
AHERrlMcqKg,11250.000,2026-10-06_16-08-411,
AHERrlMcqKg,11280.000,2026-10-06_16-09-11,13:01:11
AHERrlMcqKg,11310.000,2026-10-06_16-09-41,13:01:11
AHERrlMcqKg,11340.000,2026-10-06_16-10-11,13:01:11
AHERrlMcqKg,11370.000,2026-10-06_16-10-41,13:01:11
AHERrlMcqKg,11400.000,2026-10-06_16-11-11,13:01:11
AHERrlMcqKg,11430.000,2026-10-06_16-11-41,13:01:11
AHERrlMcqKg,11460.000,2026-10-06_16-12-11,13:01:11
AHERrlMcqKg,11490.000,2026-10-06_16-12-41,13:01:11
AHERrlMcqKg,11520.000,2026-10-06_16-13-111,
AHERrlMcqKg,11550.000,2026-10-06_16-13-41,13:01:11
AHERrlMcqKg,11580.000,2026-10-06_16-14-11,13:01:11
AHERrlMcqKg,11610.000,2026-10-06_16-14-411,
AHERrlMcqKg,11640.000,2026-10-06_16-15-11,13:01:11
AHERrlMcqKg,11670.000,2026-10-06_16-15-41,13:01:11
AHERrlMcqKg,11700.000,2026-10-06_16-16-11,13:01:11
AHERrlMcqKg,11730.000,2026-10-06_16-16-41,13:01:11
AHERrlMcqKg,11760.000,2026-10-06_16-17-11,13:01:11
AHERrlMcqKg,11790.000,2026-10-06_16-17-41,13:01:11
AHERrlMcqKg,11820.000,2026-10-06_16-18-11,13:01:11
AHERrlMcqKg,11850.000,2026-10-06_16-18-41,13:01:11
AHERrlMcqKg,11880.000,2026-10-06_16-19-11,13:01:11
AHERrlMcqKg,11910.000,2026-10-06_16-19-41,13:01:11
AHERrlMcqKg,11940.000,2026-10-06_16-20-11,13:01:11
AHERrlMcqKg,11970.000,2026-10-06_16-20-41,13:01:11
AHERrlMcqKg,12000.000,2026-10-06_16-21-11,13:01:11
AHERrlMcqKg,12030.000,2026-10-06_16-21-41,13:01:11
AHERrlMcqKg,12060.000,2026-10-06_16-22-11,13:01:11
AHERrlMcqKg,12090.000,2026-10-06_16-22-41,13:01:11
AHERrlMcqKg,12120.000,2026-10-06_16-23-11,13:01:11
AHERrlMcqKg,12150.000,2026-10-06_16-23-41,13:01:11
AHERrlMcqKg,12180.000,2026-10-06_16-24-11,13:01:11
AHERrlMcqKg,12210.000,2026-10-06_16-24-41,13:01:11
AHERrlMcqKg,12240.000,2026-10-06_16-25-11,13:01:11
AHERrlMcqKg,12270.000,2026-10-06_16-25-41,13:01:11
AHERrlMcqKg,12300.000,2026-10-06_16-26-11,13:01:11
AHERrlMcqKg,12330.000,2026-10-06_16-26-41,13:01:11
AHERrlMcqKg,12360.000,2026-10-06_16-27-11,13:01:11
AHERrlMcqKg,12390.000,2026-10-06_16-27-41,13:01:11
AHERrlMcqKg,12420.000,2026-10-06_16-28-11,13:01:11
AHERrlMcqKg,12450.000,2026-10-06_16-28-41,13:01:11
AHERrlMcqKg,12480.000,2026-10-06_16-29-11,13:01:11
AHERrlMcqKg,12510.000,2026-10-06_16-29-41,13:01:11
AHERrlMcqKg,12540.000,2026-10-06_16-30-11,13:01:11
AHERrlMcqKg,12570.000,2026-10-06_16-30-41,13:01:11
AHERrlMcqKg,12600.000,2026-10-06_16-31-11,13:01:11
AHERrlMcqKg,12630.000,2026-10-06_16-31-41,13:01:11
AHERrlMcqKg,12660.000,2026-10-06_16-32-11,13:01:11
AHERrlMcqKg,12690.000,2026-10-06_16-32-41,13:01:11
AHERrlMcqKg,12720.000,2026-10-06_16-33-11,13:01:11
AHERrlMcqKg,12750.000,2026-10-06_16-33-41,13:01:11
AHERrlMcqKg,12780.000,2026-10-06_16-34-11,13:01:11
AHERrlMcqKg,12810.000,2026-10-06_16-34-411,
AHERrlMcqKg,12840.000,2026-10-06_16-35-11,13:01:11
AHERrlMcqKg,12870.000,2026-10-06_16-35-411,
AHERrlMcqKg,12900.000,2026-10-06_16-36-11,13:01:11
AHERrlMcqKg,12930.000,2026-10-06_16-36-41,13:01:11
AHERrlMcqKg,12960.000,2026-10-06_16-37-11,13:01:11
AHERrlMcqKg,12990.000,2026-10-06_16-37-41,13:01:11
AHERrlMcqKg,13020.000,2026-10-06_16-38-11,13:01:11
AHERrlMcqKg,13050.000,2026-10-06_16-38-41,13:01:11
AHERrlMcqKg,13080.000,2026-10-06_16-39-111,
AHERrlMcqKg,13110.000,2026-10-06_16-39-41,13:01:11
AHERrlMcqKg,13140.000,2026-10-06_16-40-11,13:01:11
AHERrlMcqKg,13170.000,2026-10-06_16-40-41,13:01:11
AHERrlMcqKg,13200.000,2026-10-06_16-41-11,13:01:11
AHERrlMcqKg,13230.000,2026-10-06_16-41-41,13:01:11
AHERrlMcqKg,13260.000,2026-10-06_16-42-11,13:01:11
AHERrlMcqKg,13290.000,2026-10-06_16-42-411,
AHERrlMcqKg,13320.000,2026-10-06_16-43-11,13:01:11
AHERrlMcqKg,13350.000,2026-10-06_16-43-41,13:01:11
AHERrlMcqKg,13380.000,2026-10-06_16-44-11,13:01:11
AHERrlMcqKg,13410.000,2026-10-06_16-44-411,
AHERrlMcqKg,13440.000,2026-10-06_16-45-111,
AHERrlMcqKg,13470.000,2026-10-06_16-45-41,13:01:11
AHERrlMcqKg,13500.000,2026-10-06_16-46-11,13:01:11
AHERrlMcqKg,13530.000,2026-10-06_16-46-41,13:01:11
AHERrlMcqKg,13560.000,2026-10-06_16-47-11,13:01:11
AHERrlMcqKg,13590.000,2026-10-06_16-47-41,13:01:11
AHERrlMcqKg,13620.000,2026-10-06_16-48-11,13:01:11
AHERrlMcqKg,13650.000,2026-10-06_16-48-41,13:01:11
AHERrlMcqKg,13680.000,2026-10-06_16-49-11,13:01:11
AHERrlMcqKg,13710.000,2026-10-06_16-49-41,13:01:11
AHERrlMcqKg,13740.000,2026-10-06_16-50-11,13:01:11
AHERrlMcqKg,13770.000,2026-10-06_16-50-41,13:01:11
AHERrlMcqKg,13800.000,2026-10-06_16-51-111,
AHERrlMcqKg,13830.000,2026-10-06_16-51-41,13:01:11
AHERrlMcqKg,13860.000,2026-10-06_16-52-111,
AHERrlMcqKg,13890.000,2026-10-06_16-52-41,13:01:11
AHERrlMcqKg,13920.000,2026-10-06_16-53-11,13:01:11
AHERrlMcqKg,13950.000,2026-10-06_16-53-41,13:01:11
AHERrlMcqKg,13980.000,2026-10-06_16-54-11,13:01:11
AHERrlMcqKg,14010.000,2026-10-06_16-54-411,
AHERrlMcqKg,14040.000,2026-10-06_16-55-11,13:01:11
AHERrlMcqKg,14070.000,2026-10-06_16-55-41,13:01:11
AHERrlMcqKg,14100.000,2026-10-06_16-56-11,13:01:11
AHERrlMcqKg,14130.000,2026-10-06_16-56-411,
AHERrlMcqKg,14160.000,2026-10-06_16-57-11,13:01:11
AHERrlMcqKg,14190.000,2026-10-06_16-57-411,
AHERrlMcqKg,14220.000,2026-10-06_16-58-11,13:01:11
AHERrlMcqKg,14250.000,2026-10-06_16-58-41,13:01:11
AHERrlMcqKg,14280.000,2026-10-06_16-59-11,13:01:11
AHERrlMcqKg,14310.000,2026-10-06_16-59-41,13:01:11
AHERrlMcqKg,14340.000,2026-10-06_17-00-111,
AHERrlMcqKg,14370.000,2026-10-06_17-00-41,13:01:11
AHERrlMcqKg,14400.000,2026-10-06_17-01-11,13:01:11
AHERrlMcqKg,14430.000,2026-10-06_17-01-41,13:01:11
AHERrlMcqKg,14460.000,2026-10-06_17-02-11,13:01:11
AHERrlMcqKg,14490.000,2026-10-06_17-02-41,13:01:11
AHERrlMcqKg,14520.000,2026-10-06_17-03-11,13:01:11
AHERrlMcqKg,14550.000,2026-10-06_17-03-41,13:01:11
AHERrlMcqKg,14580.000,2026-10-06_17-04-11,13:01:11
AHERrlMcqKg,14610.000,2026-10-06_17-04-41,13:01:11
AHERrlMcqKg,14640.000,2026-10-06_17-05-11,13:01:11
AHERrlMcqKg,14670.000,2026-10-06_17-05-411,
AHERrlMcqKg,14700.000,2026-10-06_17-06-11,13:01:11
AHERrlMcqKg,14730.000,2026-10-06_17-06-41,13:01:11
AHERrlMcqKg,14760.000,2026-10-06_17-07-11,13:01:11
AHERrlMcqKg,14790.000,2026-10-06_17-07-41,13:01:11
AHERrlMcqKg,14820.000,2026-10-06_17-08-11,13:01:11
AHERrlMcqKg,14850.000,2026-10-06_17-08-411,
AHERrlMcqKg,14880.000,2026-10-06_17-09-11,13:01:11
AHERrlMcqKg,14910.000,2026-10-06_17-09-411,
AHERrlMcqKg,14940.000,2026-10-06_17-10-11,13:01:11
AHERrlMcqKg,14970.000,2026-10-06_17-10-411,
AHERrlMcqKg,15000.000,2026-10-06_17-11-11,13:01:11
AHERrlMcqKg,15030.000,2026-10-06_17-11-411,
AHERrlMcqKg,15060.000,2026-10-06_17-12-11,13:01:11
AHERrlMcqKg,15090.000,2026-10-06_17-12-411,
AHERrlMcqKg,15120.000,2026-10-06_17-13-11,13:01:11
AHERrlMcqKg,15150.000,2026-10-06_17-13-41,13:01:11
AHERrlMcqKg,15180.000,2026-10-06_17-14-11,13:01:11
AHERrlMcqKg,15210.000,2026-10-06_17-14-41,13:01:11
AHERrlMcqKg,15240.000,2026-10-06_17-15-11,13:01:11
AHERrlMcqKg,15270.000,2026-10-06_17-15-411,
AHERrlMcqKg,15300.000,2026-10-06_17-16-11,13:01:11
