company,title,function,location,currency,min,max,url
Periodic Labs,Head of Environmental Health & Safety (EHS),leadership,"Menlo Park, CA",USD,250000,325000,https://jobs.ashbyhq.com/periodic-labs/0335ea7e-436c-4e50-a766-6b7d0b75e70a
Periodic Labs,Automation Engineer,lab-automation,"Menlo Park, CA",USD,200000,250000,https://jobs.ashbyhq.com/periodic-labs/5e692aeb-234b-4112-b318-7ff464977303
Periodic Labs,"Research Scientist, Materials Characterization",materials-science,"Menlo Park, CA",USD,250000,350000,https://jobs.ashbyhq.com/periodic-labs/e90c6050-e544-4a2b-ae30-7c41e5eb4f16
Periodic Labs,"Research Scientist, Thin Films",materials-science,"Menlo Park, CA",USD,250000,350000,https://jobs.ashbyhq.com/periodic-labs/7f36ea6e-3e67-40df-82c6-5540859a2ac5
Periodic Labs,"Research Scientist, Condensed Matter Theory",materials-science,"Menlo Park, CA; Montreal, Canada",USD,225000,325000,https://jobs.ashbyhq.com/periodic-labs/01d2c4b2-d848-4426-ad5f-7f1052db3a63
Periodic Labs,Product Engineer,software-eng,"Menlo Park, CA",USD,250000,350000,https://jobs.ashbyhq.com/periodic-labs/d88a6590-a2fa-48c5-86bc-61612b5bb0bc
Periodic Labs,"Computational Scientist, Structural & Thermal",materials-science,"Menlo Park, CA",USD,250000,350000,https://jobs.ashbyhq.com/periodic-labs/0d96f03c-8f08-44ae-a7cb-8c4bbc80976c
Periodic Labs,Laboratory Technician,lab-automation,"Menlo Park, CA",USD,100000,130000,https://jobs.ashbyhq.com/periodic-labs/50a878d1-f9a6-4234-950d-f18d73c65c47
Periodic Labs,"Business Operations, Product & Science",business-ops,"Menlo Park, CA",USD,250000,300000,https://jobs.ashbyhq.com/periodic-labs/fd89f03f-545f-4ffb-a051-8581a3ec686a
Periodic Labs,Head of People,leadership,"Menlo Park, CA",USD,350000,450000,https://jobs.ashbyhq.com/periodic-labs/c398af52-085d-427c-8c0f-8537cfd96ff3
Periodic Labs,"Computational Scientist, Differentiable Physics",materials-science,"Menlo Park, CA",USD,250000,350000,https://jobs.ashbyhq.com/periodic-labs/ccdb34b1-b67c-4dbf-8acb-fe786f2ab38b
Periodic Labs,Software Engineer,software-eng,"Menlo Park, CA",USD,250000,350000,https://jobs.ashbyhq.com/periodic-labs/1d6ade4f-ae4c-4bde-baf7-82c401063e42
Periodic Labs,"Research Scientist, Data",ml-research,"Menlo Park, CA",USD,250000,350000,https://jobs.ashbyhq.com/periodic-labs/d039ec58-a97d-47e1-b1e5-db003d772f77
Periodic Labs,ML Systems Engineer,ml-research,"Menlo Park, CA",USD,250000,350000,https://jobs.ashbyhq.com/periodic-labs/d9180228-c113-4d5f-a4d6-793994e50b7c
Periodic Labs,"Process Engineer, Powder",lab-automation,"Menlo Park, CA",USD,225000,300000,https://jobs.ashbyhq.com/periodic-labs/21b61a4d-92ff-4f98-9a7c-251f02966988
Periodic Labs,Procurement & Finance Operations Manager,business-ops,"Menlo Park, CA",USD,225000,275000,https://jobs.ashbyhq.com/periodic-labs/e58cc4ac-39a8-4f46-a660-4cab443922cc
Periodic Labs,"Forward Deployed Engineer, Physics & Simulation",materials-science,"Menlo Park, CA",USD,250000,350000,https://jobs.ashbyhq.com/periodic-labs/1bab7e17-20fd-4b82-a152-98b96375a626
Periodic Labs,Senior Equipment Maintenance Technician,lab-automation,"Menlo Park, CA",USD,120000,165000,https://jobs.ashbyhq.com/periodic-labs/b1ad8632-f489-4922-8805-42d84711cda1
Periodic Labs,"Research Scientist/Research Engineer, Materials Data",materials-science,"Menlo Park, CA",USD,250000,350000,https://jobs.ashbyhq.com/periodic-labs/c4e0774f-0f3e-4ea7-be27-fb89130c0d01
Periodic Labs,Technical Recruiter,business-ops,"Menlo Park, CA",USD,175000,275000,https://jobs.ashbyhq.com/periodic-labs/a9b28b1c-8a7f-456d-bea5-f2cb787c4eba
Periodic Labs,Environmental Health & Safety (EHS) Technician,lab-automation,"Menlo Park, CA",USD,96000,124000,https://jobs.ashbyhq.com/periodic-labs/60f43e1c-08ac-4701-a7d5-0221e361df4e
Periodic Labs,"Research Engineer, Semiconductor",materials-science,"Menlo Park, CA",USD,220000,300000,https://jobs.ashbyhq.com/periodic-labs/95d290bd-6420-42e8-82a0-f0230722c19c
Periodic Labs,Electrical Technician,lab-automation,"Menlo Park, CA",USD,124000,153600,https://jobs.ashbyhq.com/periodic-labs/caf8f0b8-dbbb-4104-bc7f-e6a7916d7831
Periodic Labs,"Research Engineer, Lab Automation",lab-automation,"Menlo Park, CA",USD,200000,250000,https://jobs.ashbyhq.com/periodic-labs/a16ee7dd-021d-4f37-823d-7a8b520c6d8a
Periodic Labs,"Research Scientist/Research Engineer, Midtraining",ml-research,"Menlo Park, CA",USD,250000,350000,https://jobs.ashbyhq.com/periodic-labs/168dbf20-2230-49a0-9f00-f2ff58dad5c8
Periodic Labs,Equipment Engineer,lab-automation,"Menlo Park, CA",USD,200000,275000,https://jobs.ashbyhq.com/periodic-labs/489cf02a-3098-4b41-b985-7e718f963ad5
Periodic Labs,"Research Associate, Thin Films",materials-science,"Menlo Park, CA",USD,180000,225000,https://jobs.ashbyhq.com/periodic-labs/98837207-657f-4116-a112-d8dc6184b49e
Periodic Labs,"Research Scientist, Scaling RL",ml-research,"Menlo Park, CA; Montreal, Canada",USD,225000,350000,https://jobs.ashbyhq.com/periodic-labs/20b122c9-b8ec-4fb0-aaf4-9b45902affe0
Periodic Labs,Process Safety Engineer,lab-automation,"Menlo Park, CA",USD,200000,250000,https://jobs.ashbyhq.com/periodic-labs/1d57d49b-e538-4d9a-86d3-6be17339016f
