key,label,route,plot,price_usd,price_usd_low,price_usd_high,price_checked,max_current_mA,eis,label_dx,label_dy,label_ha,price_basis,source
rodeostat_hc,Rodeostat HC (baseline),new,yes,240,240,240,yes,10,no,-8,13,left,list price,https://iorodeo.com/products/rodeostat-hc
mystat,MYSTAT (build),build,yes,340,290,362,yes,200,no,0,13,center,"parts re-priced at Digi-Key 2026-09-28; $290/unit if building 3+, $340 for one (OSH Park sells boards in 3s)",https://github.com/matthew-yates/MYSTAT/blob/main/hardware/mystat_circuit_board/bill_of_materials/mystat.csv
emstat_pico,EmStat Pico module,new,yes,580,580,580,yes,3,yes,0,-14,center,Digi-Key list price,https://www.digikey.com/en/products/detail/palmsens-bv/ESPICO-ALL/12817917
par273a_bare,"PAR 273A, no electrometer",used,yes,599,599,1205,yes,1000,no,-10,0,right,"eBay ask 2026-09-25 (Lab Liquidators $599) to $1,205 landed; ReScience $650 still in stock 2026-09-28",https://www.ebay.com/itm/407038585293
par273a_complete,"PAR 273A, complete",used,yes,2198,2198,2198,yes,1000,no,0,13,center,"eBay ask 2026-09-25 incl. $199 shipping (Equiptek), only listing with the external electrometer",https://www.ebay.com/itm/307118614206
par263a,PAR 263A,used,yes,1300,1300,1836,yes,200,no,0,-14,center,"ReScience $1,300 final sale (in stock 2026-09-28) to $1,836 landed (Banyantec, Singapore)",https://www.rescienceinc.com/product-page/princeton-applied-research-potentiostat-galvanostat-263a-1
versastat,VersaSTAT 3/4 (price unverified),used,no,1730,1000,3000,no,1000,yes,0,-14,center,rough range from the first reply; no live listing confirmed (eBay blocks automated checks),https://www.ameteksi.com/-/media/ameteksi/download_links/documentations/versastat/versastat-series-brochure_revg.pdf
gamry_ref600,"Gamry Ref. 600, body only",used,yes,2250,2250,2250,yes,600,yes,0,-14,center,"ReScience ask, main body only (no cables or software)",https://www.rescienceinc.com/product-page/gamry-reference600-potentiostat-gaivanostat-zra
chi660e,CHI 660E (price unverified),used,no,2450,1500,4000,no,250,yes,0,-14,center,rough range from the first reply; no live listing confirmed,https://www.ijcambria.com/CHI600E_spec.html
biologic_sp150,Bio-Logic SP-150,used,yes,9000,9000,15000,yes,800,yes,0,13,center,"Next Day Automation ask $9,000 (live); $15,000 was a 2021 dealer post",https://www.nextdayautomation.com/products/used-biologic-sp-150-single-channel-potentiostat-with-low-current-option-10%C2%B5a-1na
squidstat_solo,Squidstat Solo,new,yes,1900,1900,1900,yes,100,no,0,-14,center,Admiral US list price,https://www.admiralinstruments.com/products
squidstat_plus,Squidstat Plus,new,yes,4000,4000,6000,yes,1000,yes,0,-14,center,"Admiral quotes in #26: ~$4k refurbished (M1), ~$6k new (M2)",https://github.com/vertical-cloud-lab/byu-vcl/issues/26
corrtest_cs310m,Corrtest CS310M,new,yes,4900,4900,5400,yes,2000,yes,0,13,center,manufacturer price range before shipping and duties,https://corrtest.en.made-in-china.com/product/lyPmEBFSXtcu/China-Electrochemical-Workstation-Potentiostat-Galvanostat-with-Eis-Model-CS310m.html
emstat4s_hr,EmStat4S HR,new,no,,,,no,200,yes,0,0,center,quote only,https://www.palmsens.com/potentiostat/potentiostat-price/
freistat,FreiStat (build),build,no,,,,no,3,no,0,0,center,"under EUR 80 per the paper; AD5941 chip out of stock, 49-week lead time",https://github.com/IMTEK-FreiStat
gamry_if1000e,Gamry Interface 1000E + PC,used,no,3500,3500,3500,yes,1000,yes,0,0,center,"Lab Liquidators bundle, sold out (listed April 2025)",https://store.labliquidators.com/products/gamry-interface-1000e-poteniostat-galvanostat-zra-with-software-and-accessories
autolab_302n,Autolab PGSTAT302N,used,no,9750,9750,9750,yes,2000,yes,0,0,center,"ReScience, out of stock",https://www.rescienceinc.com/product-page/autolab-pgstat302n-potentiostat-galvanostat
palmsens4,PalmSens4,new,no,,,,no,30,yes,0,0,center,"EUR 4,430 at one Italian reseller, configuration not stated",https://www.thasar.com/collections/palmsens-potentiostat
